시군구,본번,부번,단지명,전월세구분,전용면적(㎡),계약년월,계약일,보증금(만원),월세(만원),층,건축년도
세종특별자치시 어진동,0,0,2차푸르지오시티,전세,21.92,201701,1,"7,500",0,9,2014
세종특별자치시 어진동,0,0,푸르지오시티,월세,23.74,201701,2,300,30,13,2014
세종특별자치시 어진동,0,0,호수의아침,전세,23.57,201701,3,"6,000",0,11,2014
세종특별자치시 어진동,0,0,호수의아침,전세,23.57,201701,5,"7,000",0,10,2014
세종특별자치시 어진동,0,0,2차푸르지오시티,전세,21.92,201701,6,"7,000",0,15,2014
세종특별자치시 도담동,246,5,세종한신휴시티,월세,27.43,201701,7,500,37,7,2014
세종특별자치시 어진동,0,0,2차푸르지오시티,월세,23.24,201701,7,"2,000",27,13,2014
세종특별자치시 어진동,0,0,푸르지오시티,전세,23.74,201701,7,"7,500",0,13,2014
세종특별자치시 어진동,0,0,푸르지오시티,전세,24.22,201701,8,"8,000",0,7,2014
세종특별자치시 어진동,0,0,푸르지오시티,전세,23.74,201701,9,"7,200",0,4,2014
세종특별자치시 어진동,0,0,호수의아침,월세,28.65,201701,9,500,40,15,2014
세종특별자치시 도담동,246,5,세종한신휴시티,월세,24.03,201701,10,300,35,5,2014
세종특별자치시 어진동,0,0,2차푸르지오시티,전세,37.9,201701,11,"12,000",0,17,2014
세종특별자치시 어진동,0,0,2차푸르지오시티,월세,23.24,201701,13,"3,000",23,16,2014
세종특별자치시 도담동,246,5,세종한신휴시티,전세,24.03,201701,14,"8,000",0,8,2014
세종특별자치시 어진동,0,0,2차푸르지오시티,전세,30.48,201701,14,"10,000",0,17,2014
세종특별자치시 어진동,0,0,푸르지오시티,월세,23.74,201701,14,300,32,15,2014
세종특별자치시 어진동,0,0,2차푸르지오시티,전세,21.92,201701,16,"7,500",0,8,2014
세종특별자치시 어진동,0,0,푸르지오시티,전세,22.42,201701,18,"8,000",0,12,2014
세종특별자치시 어진동,0,0,푸르지오시티,월세,24.12,201701,19,300,30,12,2014
세종특별자치시 어진동,0,0,푸르지오시티,전세,24.5,201701,20,"8,000",0,7,2014
세종특별자치시 어진동,0,0,푸르지오시티,전세,23.74,201701,22,"8,000",0,10,2014
세종특별자치시 어진동,0,0,2차푸르지오시티,월세,30.48,201701,23,"1,000",40,8,2014
세종특별자치시 도담동,246,5,세종한신휴시티,전세,24.03,201701,24,"7,700",0,4,2014
세종특별자치시 어진동,0,0,2차푸르지오시티,전세,21.92,201701,25,"7,500",0,16,2014
세종특별자치시 어진동,0,0,푸르지오시티,월세,23.74,201701,25,300,30,10,2014
세종특별자치시 어진동,0,0,호수의아침,월세,24.01,201701,25,300,30,12,2014
세종특별자치시 어진동,0,0,호수의아침,월세,28.65,201701,26,500,43,10,2014
세종특별자치시 어진동,0,0,2차푸르지오시티,전세,23.24,201702,1,"9,500",0,11,2014
세종특별자치시 어진동,0,0,푸르지오시티,전세,24.5,201702,1,"7,300",0,10,2014
세종특별자치시 어진동,0,0,호수의아침,월세,28.65,201702,1,500,40,16,2014
세종특별자치시 어진동,0,0,푸르지오시티,월세,23.74,201702,2,300,30,18,2014
세종특별자치시 도담동,246,5,세종한신휴시티,월세,27.43,201702,3,500,35,5,2014
세종특별자치시 어진동,0,0,2차푸르지오시티,월세,23.24,201702,3,300,35,9,2014
세종특별자치시 어진동,0,0,2차푸르지오시티,전세,23.24,201702,4,"7,500",0,10,2014
세종특별자치시 어진동,0,0,푸르지오시티,월세,23.74,201702,4,700,26,4,2014
세종특별자치시 어진동,0,0,푸르지오시티,월세,22.42,201702,4,300,30,18,2014
세종특별자치시 어진동,0,0,푸르지오시티,월세,24.12,201702,4,300,30,14,2014
세종특별자치시 어진동,0,0,2차푸르지오시티,월세,21.92,201702,6,300,30,10,2014
세종특별자치시 어진동,0,0,푸르지오시티,전세,24.12,201702,6,"7,800",0,10,2014
세종특별자치시 도담동,246,5,세종한신휴시티,월세,27.43,201702,7,500,40,5,2014
세종특별자치시 어진동,0,0,2차푸르지오시티,월세,23.24,201702,7,500,35,16,2014
세종특별자치시 어진동,0,0,2차푸르지오시티,전세,21.92,201702,7,"7,500",0,7,2014
세종특별자치시 어진동,0,0,푸르지오시티,전세,22.42,201702,7,"7,500",0,4,2014
세종특별자치시 도담동,246,5,세종한신휴시티,월세,27.43,201702,8,500,37,3,2014
세종특별자치시 어진동,0,0,호수의아침,전세,23.57,201702,8,"7,000",0,12,2014
세종특별자치시 도담동,246,5,세종한신휴시티,월세,27.43,201702,9,500,38,8,2014
세종특별자치시 도담동,246,5,세종한신휴시티,전세,24.03,201702,10,"7,500",0,8,2014
세종특별자치시 도담동,246,5,세종한신휴시티,전세,24.03,201702,10,"9,000",0,8,2014
세종특별자치시 어진동,0,0,2차푸르지오시티,전세,21.92,201702,10,"7,500",0,5,2014
세종특별자치시 어진동,0,0,푸르지오시티,전세,24.12,201702,10,"7,500",0,6,2014
세종특별자치시 도담동,246,5,세종한신휴시티,월세,24.03,201702,11,300,35,6,2014
세종특별자치시 어진동,0,0,2차푸르지오시티,월세,37.9,201702,11,"3,000",40,17,2014
세종특별자치시 어진동,0,0,푸르지오시티,월세,23.74,201702,11,500,28,19,2014
세종특별자치시 어진동,0,0,푸르지오시티,월세,23.74,201702,13,300,32,9,2014
세종특별자치시 어진동,0,0,푸르지오시티,전세,22.42,201702,13,"8,000",0,9,2014
세종특별자치시 어진동,0,0,푸르지오시티,월세,23.74,201702,14,300,30,6,2014
세종특별자치시 어진동,0,0,푸르지오시티,월세,22.42,201702,15,300,30,9,2014
세종특별자치시 어진동,0,0,푸르지오시티,월세,23.74,201702,17,300,30,9,2014
세종특별자치시 어진동,0,0,푸르지오시티,전세,23.74,201702,17,"8,000",0,6,2014
세종특별자치시 어진동,0,0,2차푸르지오시티,월세,23.24,201702,21,300,35,14,2014
세종특별자치시 어진동,0,0,호수의아침,월세,23.57,201702,21,300,30,15,2014
세종특별자치시 어진동,0,0,2차푸르지오시티,월세,21.92,201702,23,300,28,8,2014
세종특별자치시 어진동,0,0,푸르지오시티,월세,24.12,201702,24,300,32,11,2014
세종특별자치시 어진동,0,0,호수의아침,월세,24.01,201702,24,300,33,15,2014
세종특별자치시 도담동,246,5,세종한신휴시티,월세,24.03,201702,25,300,38,5,2014
세종특별자치시 어진동,0,0,2차푸르지오시티,전세,21.92,201702,25,"7,500",0,16,2014
세종특별자치시 어진동,0,0,푸르지오시티,전세,24.5,201702,26,"7,000",0,15,2014
세종특별자치시 어진동,0,0,푸르지오시티,월세,30.24,201702,27,500,40,16,2014
세종특별자치시 어진동,0,0,호수의아침,전세,23.57,201702,27,"8,000",0,17,2014
세종특별자치시 어진동,0,0,2차푸르지오시티,전세,23.24,201703,1,"7,000",0,14,2014
세종특별자치시 도담동,246,5,세종한신휴시티,월세,24.03,201703,4,500,35,8,2014
세종특별자치시 어진동,0,0,호수의아침,월세,24.01,201703,7,300,33,11,2014
세종특별자치시 어진동,0,0,푸르지오시티,월세,24.22,201703,8,300,35,19,2014
세종특별자치시 어진동,0,0,푸르지오시티,전세,22.42,201703,11,"7,500",0,10,2014
세종특별자치시 어진동,0,0,호수의아침,월세,23.57,201703,11,300,30,11,2014
세종특별자치시 어진동,0,0,2차푸르지오시티,월세,30.48,201703,13,500,40,12,2014
세종특별자치시 어진동,0,0,푸르지오시티,전세,22.42,201703,13,"7,700",0,6,2014
세종특별자치시 어진동,0,0,푸르지오시티,전세,22.42,201703,13,"7,500",0,4,2014
세종특별자치시 어진동,0,0,2차푸르지오시티,전세,21.92,201703,14,"7,000",0,14,2014
세종특별자치시 어진동,0,0,호수의아침,월세,28.65,201703,14,500,40,12,2014
세종특별자치시 어진동,0,0,푸르지오시티,월세,22.42,201703,15,300,33,8,2014
세종특별자치시 어진동,0,0,호수의아침,전세,23.57,201703,15,"8,000",0,16,2014
세종특별자치시 어진동,0,0,푸르지오시티,월세,30.24,201703,17,500,43,17,2014
세종특별자치시 나성동,0,0,더리치세종의아침,전세,33.14,201703,18,"11,000",0,6,2015
세종특별자치시 어진동,0,0,푸르지오시티,월세,22.42,201703,18,300,30,11,2014
세종특별자치시 어진동,0,0,푸르지오시티,월세,22.42,201703,18,"1,000",30,14,2014
세종특별자치시 어진동,0,0,푸르지오시티,전세,22.42,201703,22,"7,500",0,4,2014
세종특별자치시 어진동,0,0,푸르지오시티,월세,24.5,201703,26,300,33,5,2014
세종특별자치시 조치원읍 명리,23,3,주건축물제1동(23-3),전세,56.99,201703,29,"7,000",0,7,2013
세종특별자치시 어진동,0,0,호수의아침,전세,28.65,201703,30,"9,500",0,10,2014
세종특별자치시 어진동,0,0,2차푸르지오시티,월세,28.72,201704,1,"1,000",35,17,2014
세종특별자치시 어진동,0,0,푸르지오시티,전세,23.74,201704,1,"8,500",0,15,2014
세종특별자치시 어진동,0,0,호수의아침,월세,23.57,201704,2,300,30,12,2014
세종특별자치시 어진동,0,0,푸르지오시티,전세,23.74,201704,4,"8,000",0,5,2014
세종특별자치시 어진동,0,0,푸르지오시티,전세,23.74,201704,12,"8,200",0,18,2014
세종특별자치시 어진동,0,0,푸르지오시티,월세,23.74,201704,17,"1,500",30,14,2014
세종특별자치시 어진동,0,0,2차푸르지오시티,월세,30.48,201704,19,500,40,7,2014
세종특별자치시 어진동,0,0,푸르지오시티,월세,24.5,201704,19,300,32,4,2014
세종특별자치시 어진동,0,0,푸르지오시티,전세,22.42,201704,22,"8,000",0,5,2014
세종특별자치시 어진동,0,0,푸르지오시티,전세,23.74,201704,23,"8,000",0,8,2014
세종특별자치시 어진동,0,0,호수의아침,전세,23.57,201704,23,"8,000",0,13,2014
세종특별자치시 어진동,0,0,2차푸르지오시티,월세,37.9,201704,24,500,50,17,2014
세종특별자치시 도담동,246,5,세종한신휴시티,전세,24.03,201704,28,"10,000",0,8,2014
세종특별자치시 어진동,0,0,호수의아침,전세,24.01,201705,2,"7,500",0,12,2014
세종특별자치시 나성동,0,0,더리치세종의아침,월세,35.41,201705,5,"2,000",35,8,2015
세종특별자치시 어진동,0,0,2차푸르지오시티,월세,23.24,201705,8,300,33,13,2014
세종특별자치시 어진동,0,0,푸르지오시티,월세,23.74,201705,8,300,33,10,2014
세종특별자치시 어진동,0,0,푸르지오시티,전세,23.74,201705,9,"8,000",0,16,2014
세종특별자치시 어진동,0,0,푸르지오시티,월세,22.42,201705,9,300,33,7,2014
세종특별자치시 어진동,0,0,푸르지오시티,월세,22.42,201705,12,300,33,9,2014
세종특별자치시 어진동,0,0,2차푸르지오시티,월세,21.92,201705,13,300,35,7,2014
세종특별자치시 어진동,0,0,2차푸르지오시티,월세,30.48,201705,20,500,40,11,2014
세종특별자치시 도담동,246,5,세종한신휴시티,월세,24.03,201705,23,500,35,6,2014
세종특별자치시 어진동,0,0,호수의아침,월세,24.01,201705,23,"3,000",20,14,2014
세종특별자치시 어진동,0,0,푸르지오시티,전세,23.74,201705,25,"7,000",0,10,2014
세종특별자치시 어진동,0,0,호수의아침,월세,25.86,201705,25,300,38,13,2014
세종특별자치시 어진동,0,0,2차푸르지오시티,월세,23.24,201705,27,300,30,6,2014
세종특별자치시 어진동,0,0,호수의아침,월세,24.01,201705,27,300,30,13,2014
세종특별자치시 도담동,246,5,세종한신휴시티,월세,24.03,201705,29,300,35,7,2014
세종특별자치시 어진동,0,0,2차푸르지오시티,월세,23.24,201705,29,300,32,12,2014
세종특별자치시 도담동,246,5,세종한신휴시티,월세,24.03,201705,31,400,35,8,2014
세종특별자치시 어진동,0,0,푸르지오시티,전세,23.74,201706,1,"8,000",0,14,2014
세종특별자치시 어진동,0,0,푸르지오시티,월세,24.32,201706,1,500,31,7,2014
세종특별자치시 어진동,0,0,푸르지오시티,월세,24.22,201706,1,300,33,6,2014
세종특별자치시 어진동,0,0,푸르지오시티,전세,23.74,201706,2,"7,500",0,4,2014
세종특별자치시 어진동,0,0,푸르지오시티,전세,22.42,201706,3,"7,500",0,11,2014
세종특별자치시 어진동,0,0,푸르지오시티,전세,22.42,201706,4,"9,000",0,14,2014
세종특별자치시 어진동,0,0,푸르지오시티,월세,22.42,201706,4,300,30,13,2014
세종특별자치시 어진동,0,0,푸르지오시티,월세,23.74,201706,4,"3,000",20,16,2014
세종특별자치시 어진동,0,0,호수의아침,월세,24.01,201706,8,300,30,10,2014
세종특별자치시 어진동,0,0,2차푸르지오시티,전세,21.92,201706,10,"7,000",0,6,2014
세종특별자치시 어진동,0,0,푸르지오시티,월세,23.74,201706,10,"3,000",20,9,2014
세종특별자치시 도담동,246,5,세종한신휴시티,월세,24.03,201706,11,"4,000",10,7,2014
세종특별자치시 어진동,0,0,2차푸르지오시티,월세,23.24,201706,13,300,33,11,2014
세종특별자치시 어진동,0,0,2차푸르지오시티,전세,37.9,201706,15,"12,000",0,17,2014
세종특별자치시 어진동,0,0,푸르지오시티,월세,24.5,201706,15,300,30,15,2014
세종특별자치시 어진동,0,0,2차푸르지오시티,월세,23.24,201706,19,300,30,5,2014
세종특별자치시 어진동,0,0,2차푸르지오시티,전세,23.24,201706,21,"6,500",0,13,2014
세종특별자치시 어진동,0,0,푸르지오시티,전세,22.42,201706,21,"7,800",0,18,2014
세종특별자치시 어진동,0,0,2차푸르지오시티,월세,23.24,201706,22,"2,000",20,15,2014
세종특별자치시 어진동,0,0,푸르지오시티,월세,24.32,201706,24,300,30,10,2014
세종특별자치시 도담동,246,5,세종한신휴시티,월세,24.03,201706,26,300,35,7,2014
세종특별자치시 어진동,0,0,호수의아침,월세,23.57,201706,27,300,30,12,2014
세종특별자치시 어진동,0,0,2차푸르지오시티,월세,23.24,201706,28,500,30,11,2014
세종특별자치시 어진동,0,0,2차푸르지오시티,월세,23.24,201706,29,"3,000",23,16,2014
세종특별자치시 어진동,0,0,푸르지오시티,월세,24.32,201706,29,300,30,17,2014
세종특별자치시 어진동,0,0,2차푸르지오시티,월세,23.24,201707,1,"5,000",15,9,2014
세종특별자치시 어진동,0,0,2차푸르지오시티,월세,36.58,201707,1,300,57,17,2014
세종특별자치시 어진동,0,0,푸르지오시티,전세,24.32,201707,1,"7,000",0,12,2014
세종특별자치시 어진동,0,0,푸르지오시티,월세,22.42,201707,3,300,32,12,2014
세종특별자치시 어진동,0,0,푸르지오시티,전세,23.74,201707,4,"7,000",0,16,2014
세종특별자치시 어진동,0,0,푸르지오시티,전세,44.84,201707,10,"8,000",0,18,2014
세종특별자치시 어진동,0,0,푸르지오시티,월세,23.74,201707,13,300,33,15,2014
세종특별자치시 어진동,0,0,푸르지오시티,월세,22.42,201707,15,300,33,7,2014
세종특별자치시 어진동,0,0,호수의아침,월세,28.65,201707,15,"1,000",35,17,2014
세종특별자치시 어진동,0,0,2차푸르지오시티,전세,30.48,201707,16,"9,000",0,7,2014
세종특별자치시 어진동,0,0,2차푸르지오시티,전세,30.48,201707,16,"9,500",0,12,2014
세종특별자치시 어진동,0,0,푸르지오시티,월세,24.22,201707,17,300,32,9,2014
세종특별자치시 어진동,0,0,2차푸르지오시티,전세,21.92,201707,19,"7,500",0,6,2014
세종특별자치시 어진동,0,0,호수의아침,월세,24.01,201707,20,500,30,15,2014
세종특별자치시 어진동,0,0,호수의아침,월세,28.65,201707,25,500,40,17,2014
세종특별자치시 도담동,246,5,세종한신휴시티,전세,31.17,201707,26,"8,500",0,4,2014
세종특별자치시 어진동,0,0,푸르지오시티,월세,22.42,201707,26,300,32,11,2014
세종특별자치시 어진동,0,0,푸르지오시티,전세,24.12,201707,27,"8,000",0,11,2014
세종특별자치시 어진동,0,0,푸르지오시티,월세,22.42,201707,27,300,32,10,2014
세종특별자치시 어진동,0,0,2차푸르지오시티,전세,21.92,201707,30,"7,500",0,8,2014
세종특별자치시 어진동,0,0,2차푸르지오시티,전세,30.48,201707,30,"10,000",0,17,2014
세종특별자치시 나성동,713,0,세진이너스빌,전세,34.15,201707,31,"9,000",0,4,2013
세종특별자치시 어진동,0,0,푸르지오시티,월세,44.84,201708,1,300,31,20,2014
세종특별자치시 조치원읍 침산리,258,6,1동(258-6),월세,36.5,201708,4,300,37,4,2008
세종특별자치시 어진동,0,0,푸르지오시티,전세,39.13,201708,5,"11,000",0,19,2014
세종특별자치시 어진동,0,0,푸르지오시티,전세,24.32,201708,5,"7,500",0,6,2014
세종특별자치시 어진동,0,0,호수의아침,월세,28.65,201708,5,300,37,12,2014
세종특별자치시 어진동,0,0,푸르지오시티,월세,23.74,201708,6,300,30,7,2014
세종특별자치시 어진동,0,0,2차푸르지오시티,전세,21.92,201708,8,"7,500",0,5,2014
세종특별자치시 어진동,0,0,2차푸르지오시티,전세,21.92,201708,10,"6,500",0,8,2014
세종특별자치시 어진동,0,0,푸르지오시티,월세,24.5,201708,13,300,30,17,2014
세종특별자치시 어진동,0,0,푸르지오시티,월세,23.74,201708,15,"5,000",15,11,2014
세종특별자치시 어진동,0,0,푸르지오시티,월세,24.22,201708,16,300,33,17,2014
세종특별자치시 어진동,0,0,2차푸르지오시티,월세,21.92,201708,19,"2,000",20,7,2014
세종특별자치시 어진동,0,0,2차푸르지오시티,월세,23.24,201708,21,300,30,10,2014
세종특별자치시 도담동,246,5,세종한신휴시티,월세,24.03,201708,23,300,35,8,2014
세종특별자치시 어진동,0,0,2차푸르지오시티,월세,23.24,201708,26,300,35,13,2014
세종특별자치시 어진동,0,0,2차푸르지오시티,월세,21.92,201708,27,300,30,10,2014
세종특별자치시 어진동,0,0,푸르지오시티,월세,23.74,201708,29,300,32,14,2014
세종특별자치시 어진동,0,0,2차푸르지오시티,월세,23.24,201708,30,300,33,16,2014
세종특별자치시 어진동,0,0,푸르지오시티,전세,22.42,201708,30,"8,000",0,12,2014
세종특별자치시 어진동,0,0,2차푸르지오시티,월세,21.92,201709,2,300,30,12,2014
세종특별자치시 어진동,0,0,2차푸르지오시티,전세,21.92,201709,5,"6,500",0,8,2014
세종특별자치시 어진동,0,0,2차푸르지오시티,월세,21.92,201709,6,"2,000",20,11,2014
세종특별자치시 어진동,0,0,2차푸르지오시티,전세,21.92,201709,7,"7,000",0,7,2014
세종특별자치시 어진동,0,0,푸르지오시티,전세,22.42,201709,8,"8,000",0,13,2014
세종특별자치시 어진동,0,0,푸르지오시티,월세,24.12,201709,8,300,30,18,2014
세종특별자치시 어진동,0,0,푸르지오시티,전세,30.24,201709,9,"11,000",0,16,2014
세종특별자치시 어진동,0,0,푸르지오시티,전세,24.22,201709,9,"8,000",0,11,2014
세종특별자치시 어진동,0,0,2차푸르지오시티,전세,21.92,201709,13,"7,500",0,11,2014
세종특별자치시 어진동,0,0,2차푸르지오시티,월세,21.92,201709,16,300,30,8,2014
세종특별자치시 어진동,0,0,푸르지오시티,전세,23.74,201709,16,"7,800",0,17,2014
세종특별자치시 어진동,0,0,2차푸르지오시티,월세,21.92,201709,18,300,30,8,2014
세종특별자치시 어진동,0,0,2차푸르지오시티,월세,23.24,201709,21,"3,000",15,7,2014
세종특별자치시 어진동,0,0,2차푸르지오시티,전세,23.24,201709,22,"7,500",0,5,2014
세종특별자치시 어진동,0,0,푸르지오시티,월세,30.24,201709,22,500,40,19,2014
세종특별자치시 어진동,0,0,푸르지오시티,월세,23.74,201709,23,300,32,8,2014
세종특별자치시 어진동,0,0,2차푸르지오시티,전세,23.24,201709,24,"8,000",0,13,2014
세종특별자치시 어진동,0,0,2차푸르지오시티,전세,21.92,201709,27,"7,000",0,11,2014
세종특별자치시 어진동,0,0,푸르지오시티,전세,23.74,201709,27,"7,000",0,9,2014
세종특별자치시 어진동,0,0,푸르지오시티,전세,24.32,201709,28,"8,000",0,13,2014
세종특별자치시 어진동,0,0,호수의아침,월세,24.01,201709,28,"2,000",20,10,2014
세종특별자치시 어진동,0,0,푸르지오시티,월세,22.42,201709,29,"1,000",30,14,2014
세종특별자치시 어진동,0,0,2차푸르지오시티,월세,23.24,201710,3,300,30,5,2014
세종특별자치시 어진동,0,0,2차푸르지오시티,월세,21.92,201710,11,300,30,5,2014
세종특별자치시 도담동,246,5,세종한신휴시티,월세,24.03,201710,12,600,30,8,2014
세종특별자치시 어진동,0,0,푸르지오시티,월세,43.71,201710,13,"2,500",30,20,2014
세종특별자치시 어진동,0,0,2차푸르지오시티,월세,30.48,201710,14,"2,000",30,9,2014
세종특별자치시 어진동,0,0,푸르지오시티,월세,23.74,201710,14,300,33,19,2014
세종특별자치시 어진동,0,0,2차푸르지오시티,월세,21.92,201710,15,"3,000",20,13,2014
세종특별자치시 어진동,0,0,푸르지오시티,월세,39.11,201710,16,"1,000",55,18,2014
세종특별자치시 어진동,0,0,2차푸르지오시티,월세,23.24,201710,18,300,35,8,2014
세종특별자치시 어진동,0,0,푸르지오시티,전세,22.42,201710,18,"7,500",0,8,2014
세종특별자치시 어진동,0,0,푸르지오시티,전세,24.22,201710,18,"7,500",0,18,2014
세종특별자치시 어진동,0,0,2차푸르지오시티,월세,21.92,201710,20,100,40,8,2014
세종특별자치시 어진동,0,0,푸르지오시티,월세,23.74,201710,20,300,30,4,2014
세종특별자치시 어진동,0,0,2차푸르지오시티,월세,23.24,201710,21,500,30,13,2014
세종특별자치시 어진동,0,0,2차푸르지오시티,월세,21.92,201710,28,300,27,8,2014
세종특별자치시 어진동,0,0,푸르지오시티,월세,23.74,201710,28,300,30,7,2014
세종특별자치시 어진동,0,0,푸르지오시티,전세,23.74,201710,28,"7,500",0,12,2014
세종특별자치시 어진동,0,0,푸르지오시티,전세,22.42,201710,30,"7,500",0,17,2014
세종특별자치시 어진동,0,0,푸르지오시티,전세,22.42,201710,31,"7,000",0,4,2014
세종특별자치시 어진동,0,0,푸르지오시티,전세,24.22,201710,31,"7,900",0,20,2014
세종특별자치시 어진동,0,0,2차푸르지오시티,월세,21.92,201711,1,300,30,12,2014
세종특별자치시 도담동,246,5,세종한신휴시티,월세,27.43,201711,3,200,30,3,2014
세종특별자치시 어진동,0,0,2차푸르지오시티,전세,21.92,201711,3,"7,000",0,7,2014
세종특별자치시 어진동,0,0,푸르지오시티,월세,23.74,201711,4,300,25,14,2014
세종특별자치시 어진동,0,0,푸르지오시티,전세,22.42,201711,8,"8,000",0,11,2014
세종특별자치시 도담동,246,5,세종한신휴시티,월세,24.03,201711,10,300,35,7,2014
세종특별자치시 어진동,0,0,2차푸르지오시티,월세,30.48,201711,10,500,40,7,2014
세종특별자치시 어진동,0,0,2차푸르지오시티,월세,21.92,201711,13,"2,000",20,14,2014
세종특별자치시 나성동,713,0,세진이너스빌,월세,34.15,201711,18,500,33,6,2013
세종특별자치시 도담동,246,5,세종한신휴시티,월세,24.03,201711,18,300,35,7,2014
세종특별자치시 어진동,0,0,2차푸르지오시티,월세,21.92,201711,18,"2,000",20,10,2014
세종특별자치시 도담동,246,5,세종한신휴시티,월세,27.43,201711,19,500,35,8,2014
세종특별자치시 어진동,0,0,푸르지오시티,전세,24.32,201711,20,"6,825",0,8,2014
세종특별자치시 어진동,0,0,2차푸르지오시티,월세,36.58,201711,25,"1,000",50,17,2014
세종특별자치시 어진동,0,0,2차푸르지오시티,전세,21.92,201711,27,"7,000",0,8,2014
세종특별자치시 어진동,0,0,2차푸르지오시티,전세,23.24,201711,30,"7,500",0,7,2014
세종특별자치시 어진동,0,0,푸르지오시티,전세,23.74,201712,1,"7,000",0,15,2014
세종특별자치시 어진동,0,0,2차푸르지오시티,월세,23.24,201712,3,"2,000",20,6,2014
세종특별자치시 어진동,0,0,2차푸르지오시티,월세,21.92,201712,4,300,28,6,2014
세종특별자치시 어진동,0,0,푸르지오시티,전세,24.32,201712,4,"7,000",0,9,2014
세종특별자치시 어진동,0,0,푸르지오시티,전세,22.42,201712,4,"6,000",0,18,2014
세종특별자치시 어진동,0,0,2차푸르지오시티,월세,23.24,201712,5,"3,500",20,16,2014
세종특별자치시 어진동,0,0,푸르지오시티,전세,22.42,201712,5,"7,000",0,13,2014
세종특별자치시 어진동,0,0,2차푸르지오시티,월세,21.92,201712,6,"6,000",5,6,2014
세종특별자치시 어진동,0,0,푸르지오시티,전세,23.74,201712,7,"8,000",0,16,2014
세종특별자치시 어진동,0,0,호수의아침,전세,24.01,201712,9,"7,000",0,11,2014
세종특별자치시 도담동,246,5,세종한신휴시티,월세,27.43,201712,11,300,35,7,2014
세종특별자치시 어진동,0,0,푸르지오시티,전세,30.24,201712,11,"8,000",0,16,2014
세종특별자치시 어진동,0,0,2차푸르지오시티,월세,21.92,201712,12,300,28,13,2014
세종특별자치시 어진동,0,0,호수의아침,전세,24.01,201712,14,"7,500",0,15,2014
세종특별자치시 어진동,0,0,2차푸르지오시티,월세,30.48,201712,15,500,40,15,2014
세종특별자치시 어진동,0,0,푸르지오시티,월세,23.74,201712,15,500,33,18,2014
세종특별자치시 어진동,0,0,호수의아침,전세,24.01,201712,15,"7,500",0,14,2014
세종특별자치시 어진동,0,0,푸르지오시티,전세,22.42,201712,16,"7,500",0,12,2014
세종특별자치시 어진동,0,0,푸르지오시티,전세,22.42,201712,21,"7,500",0,12,2014
세종특별자치시 어진동,0,0,2차푸르지오시티,월세,23.24,201712,23,"2,000",25,6,2014
세종특별자치시 도담동,246,5,세종한신휴시티,월세,27.43,201712,26,300,38,4,2014
세종특별자치시 어진동,0,0,푸르지오시티,월세,23.74,201712,26,300,30,12,2014
세종특별자치시 어진동,0,0,푸르지오시티,월세,24.32,201712,26,300,30,11,2014
세종특별자치시 어진동,0,0,푸르지오시티,전세,23.74,201712,26,"7,500",0,8,2014
세종특별자치시 어진동,0,0,2차푸르지오시티,전세,23.24,201712,27,"7,000",0,9,2014
세종특별자치시 어진동,0,0,호수의아침,월세,25.86,201712,27,500,38,14,2014
세종특별자치시 어진동,0,0,푸르지오시티,전세,23.74,201712,29,"7,500",0,18,2014
세종특별자치시 어진동,0,0,푸르지오시티,월세,22.42,201712,30,300,30,13,2014
세종특별자치시 어진동,0,0,호수의아침,전세,28.65,201712,30,"9,000",0,14,2014
세종특별자치시 어진동,0,0,2차푸르지오시티,월세,21.92,201801,2,"2,200",25,7,2014
세종특별자치시 어진동,0,0,푸르지오시티,전세,23.74,201801,3,"8,000",0,10,2014
세종특별자치시 어진동,0,0,2차푸르지오시티,월세,23.24,201801,6,"2,000",25,13,2014
세종특별자치시 어진동,0,0,2차푸르지오시티,전세,28.72,201801,6,"6,500",0,14,2014
세종특별자치시 어진동,0,0,푸르지오시티,전세,30.24,201801,9,"8,000",0,14,2014
세종특별자치시 어진동,0,0,2차푸르지오시티,전세,23.24,201801,11,"7,000",0,8,2014
세종특별자치시 어진동,0,0,푸르지오시티,전세,24.5,201801,12,"6,800",0,12,2014
세종특별자치시 어진동,0,0,2차푸르지오시티,월세,21.92,201801,13,300,30,9,2014
세종특별자치시 어진동,0,0,2차푸르지오시티,전세,36.58,201801,13,"9,000",0,17,2014
세종특별자치시 어진동,0,0,2차푸르지오시티,월세,36.58,201801,13,500,50,17,2014
세종특별자치시 어진동,0,0,푸르지오시티,전세,22.42,201801,13,"7,000",0,8,2014
세종특별자치시 어진동,0,0,2차푸르지오시티,월세,21.92,201801,14,300,27,7,2014
세종특별자치시 어진동,0,0,2차푸르지오시티,전세,21.92,201801,15,"6,300",0,10,2014
세종특별자치시 어진동,0,0,푸르지오시티,월세,22.42,201801,17,300,30,7,2014
세종특별자치시 어진동,0,0,호수의아침,전세,24.01,201801,20,"6,500",0,11,2014
세종특별자치시 도담동,246,5,세종한신휴시티,월세,24.03,201801,22,300,33,5,2014
세종특별자치시 어진동,0,0,2차푸르지오시티,전세,23.24,201801,22,"8,000",0,12,2014
세종특별자치시 어진동,0,0,2차푸르지오시티,월세,28.72,201801,22,300,37,9,2014
세종특별자치시 어진동,0,0,푸르지오시티,전세,23.74,201801,23,"7,000",0,12,2014
세종특별자치시 어진동,0,0,2차푸르지오시티,월세,28.72,201801,24,"2,000",25,8,2014
세종특별자치시 어진동,0,0,호수의아침,월세,24.01,201801,24,300,32,12,2014
세종특별자치시 어진동,0,0,호수의아침,전세,28.65,201801,27,"9,000",0,16,2014
세종특별자치시 어진동,0,0,푸르지오시티,전세,24.22,201801,28,"6,800",0,4,2014
세종특별자치시 도담동,246,5,세종한신휴시티,전세,24.03,201801,29,"8,000",0,8,2014
세종특별자치시 어진동,0,0,푸르지오시티,월세,22.42,201801,29,300,29,10,2014
세종특별자치시 어진동,0,0,호수의아침,월세,24.01,201801,29,300,35,14,2014
세종특별자치시 어진동,0,0,2차푸르지오시티,전세,21.92,201801,30,"7,000",0,9,2014
세종특별자치시 어진동,0,0,2차푸르지오시티,전세,21.92,201801,31,"7,000",0,7,2014
세종특별자치시 어진동,0,0,푸르지오시티,월세,29.06,201801,31,500,40,7,2014
세종특별자치시 어진동,0,0,호수의아침,전세,28.65,201801,31,"9,000",0,12,2014
세종특별자치시 어진동,0,0,2차푸르지오시티,전세,30.48,201802,1,"7,000",0,14,2014
세종특별자치시 어진동,0,0,푸르지오시티,월세,23.74,201802,1,"6,000",10,10,2014
세종특별자치시 어진동,0,0,푸르지오시티,전세,23.74,201802,1,"7,000",0,10,2014
세종특별자치시 어진동,0,0,푸르지오시티,월세,22.42,201802,1,300,33,11,2014
세종특별자치시 어진동,0,0,호수의아침,전세,24.62,201802,1,"7,500",0,11,2014
세종특별자치시 어진동,0,0,2차푸르지오시티,월세,21.92,201802,2,300,30,14,2014
세종특별자치시 어진동,0,0,2차푸르지오시티,월세,21.92,201802,2,"2,000",20,11,2014
세종특별자치시 어진동,0,0,푸르지오시티,전세,24.32,201802,2,"7,800",0,15,2014
세종특별자치시 어진동,0,0,푸르지오시티,전세,23.74,201802,2,"7,000",0,16,2014
세종특별자치시 어진동,0,0,호수의아침,전세,28.65,201802,2,"9,000",0,10,2014
세종특별자치시 어진동,0,0,호수의아침,전세,24.01,201802,2,"8,000",0,14,2014
세종특별자치시 도담동,246,5,세종한신휴시티,전세,24.03,201802,3,"7,500",0,8,2014
세종특별자치시 어진동,0,0,2차푸르지오시티,전세,21.92,201802,3,"6,000",0,9,2014
세종특별자치시 어진동,0,0,푸르지오시티,전세,24.5,201802,3,"7,000",0,15,2014
세종특별자치시 어진동,0,0,호수의아침,전세,23.57,201802,3,"6,000",0,11,2014
세종특별자치시 어진동,0,0,2차푸르지오시티,전세,21.92,201802,4,"6,500",0,9,2014
세종특별자치시 어진동,0,0,푸르지오시티,전세,22.42,201802,4,"8,000",0,12,2014
세종특별자치시 나성동,0,0,더리치세종의아침,전세,41.96,201802,5,"12,000",0,3,2015
세종특별자치시 도담동,246,5,세종한신휴시티,월세,27.09,201802,5,300,37,7,2014
세종특별자치시 어진동,0,0,푸르지오시티,월세,23.74,201802,5,500,28,4,2014
세종특별자치시 어진동,0,0,푸르지오시티,월세,22.42,201802,5,300,30,9,2014
세종특별자치시 어진동,0,0,푸르지오시티,월세,23.74,201802,5,300,30,17,2014
세종특별자치시 도담동,246,5,세종한신휴시티,월세,24.03,201802,6,300,35,7,2014
세종특별자치시 도담동,246,5,세종한신휴시티,월세,40.96,201802,6,500,40,7,2014
세종특별자치시 어진동,0,0,푸르지오시티,월세,24.22,201802,6,300,33,17,2014
세종특별자치시 어진동,0,0,호수의아침,월세,28.65,201802,6,300,37,15,2014
세종특별자치시 어진동,0,0,푸르지오시티,월세,22.42,201802,7,500,40,11,2014
세종특별자치시 도담동,246,5,세종한신휴시티,월세,27.43,201802,9,500,37,7,2014
세종특별자치시 도담동,246,5,세종한신휴시티,월세,27.43,201802,10,500,37,5,2014
세종특별자치시 어진동,0,0,2차푸르지오시티,전세,21.92,201802,10,"6,500",0,6,2014
세종특별자치시 어진동,0,0,2차푸르지오시티,월세,30.48,201802,10,500,35,9,2014
세종특별자치시 어진동,0,0,2차푸르지오시티,전세,23.24,201802,11,"7,000",0,6,2014
세종특별자치시 어진동,0,0,2차푸르지오시티,전세,23.24,201802,12,"7,000",0,8,2014
세종특별자치시 어진동,0,0,2차푸르지오시티,월세,23.24,201802,19,300,35,11,2014
세종특별자치시 어진동,0,0,푸르지오시티,월세,29.06,201802,19,"3,500",25,6,2014
세종특별자치시 어진동,0,0,호수의아침,월세,24.01,201802,19,300,33,12,2014
세종특별자치시 나성동,713,0,세진이너스빌,월세,34.15,201802,21,"5,500",15,5,2013
세종특별자치시 도담동,246,5,세종한신휴시티,월세,24.03,201802,21,400,35,6,2014
세종특별자치시 어진동,0,0,2차푸르지오시티,월세,23.24,201802,21,300,35,12,2014
세종특별자치시 어진동,0,0,푸르지오시티,전세,22.42,201802,23,"7,000",0,6,2014
세종특별자치시 어진동,0,0,푸르지오시티,월세,23.74,201802,23,300,30,10,2014
세종특별자치시 어진동,0,0,호수의아침,전세,23.57,201802,23,"7,000",0,10,2014
세종특별자치시 어진동,0,0,푸르지오시티,월세,23.74,201802,24,300,30,15,2014
세종특별자치시 어진동,0,0,푸르지오시티,전세,22.42,201802,24,"7,300",0,12,2014
세종특별자치시 어진동,0,0,호수의아침,월세,24.01,201802,24,300,30,14,2014
세종특별자치시 어진동,0,0,푸르지오시티,월세,24.32,201802,28,"1,000",25,4,2014
세종특별자치시 어진동,0,0,2차푸르지오시티,월세,23.24,201803,1,300,32,5,2014
세종특별자치시 어진동,0,0,2차푸르지오시티,전세,21.92,201803,1,"6,500",0,5,2014
세종특별자치시 어진동,0,0,푸르지오시티,월세,23.74,201803,1,"3,000",20,16,2014
세종특별자치시 어진동,0,0,푸르지오시티,전세,30.24,201803,1,"9,000",0,14,2014
세종특별자치시 어진동,0,0,2차푸르지오시티,월세,23.24,201803,2,"3,000",25,11,2014
세종특별자치시 어진동,0,0,푸르지오시티,전세,22.42,201803,3,"7,500",0,6,2014
세종특별자치시 어진동,0,0,푸르지오시티,전세,22.42,201803,3,"7,000",0,7,2014
세종특별자치시 어진동,0,0,호수의아침,월세,23.57,201803,3,200,29,16,2014
세종특별자치시 어진동,0,0,2차푸르지오시티,월세,21.92,201803,5,300,30,10,2014
세종특별자치시 도담동,246,5,세종한신휴시티,월세,29.47,201803,6,300,38,4,2014
세종특별자치시 어진동,0,0,2차푸르지오시티,월세,23.24,201803,10,300,30,8,2014
세종특별자치시 어진동,0,0,푸르지오시티,월세,23.74,201803,11,300,30,6,2014
세종특별자치시 어진동,0,0,푸르지오시티,전세,29.06,201803,12,"9,000",0,8,2014
세종특별자치시 어진동,0,0,호수의아침,전세,24.01,201803,12,"7,500",0,14,2014
세종특별자치시 어진동,0,0,2차푸르지오시티,전세,21.92,201803,13,"7,500",0,7,2014
세종특별자치시 어진동,0,0,2차푸르지오시티,월세,21.92,201803,15,300,30,15,2014
세종특별자치시 어진동,0,0,푸르지오시티,전세,22.42,201803,15,"7,000",0,16,2014
세종특별자치시 도담동,246,5,세종한신휴시티,전세,24.03,201803,17,"8,000",0,4,2014
세종특별자치시 어진동,0,0,푸르지오시티,전세,23.74,201803,17,"8,200",0,11,2014
세종특별자치시 어진동,0,0,호수의아침,전세,28.65,201803,17,"10,000",0,11,2014
세종특별자치시 어진동,0,0,2차푸르지오시티,전세,23.24,201803,19,"10,000",0,15,2014
세종특별자치시 어진동,0,0,푸르지오시티,전세,24.22,201803,19,"7,500",0,11,2014
세종특별자치시 어진동,0,0,호수의아침,월세,28.65,201803,19,500,40,17,2014
세종특별자치시 어진동,0,0,호수의아침,월세,24.01,201803,19,300,30,15,2014
세종특별자치시 어진동,0,0,푸르지오시티,월세,22.42,201803,20,300,30,10,2014
세종특별자치시 어진동,0,0,푸르지오시티,전세,22.42,201803,20,"7,000",0,4,2014
세종특별자치시 어진동,0,0,푸르지오시티,전세,23.74,201803,21,"7,500",0,16,2014
세종특별자치시 어진동,0,0,푸르지오시티,월세,23.74,201803,24,500,33,10,2014
세종특별자치시 어진동,0,0,푸르지오시티,월세,29.06,201803,24,500,38,4,2014
세종특별자치시 어진동,0,0,호수의아침,전세,24.01,201803,24,"7,500",0,13,2014
세종특별자치시 어진동,0,0,2차푸르지오시티,월세,23.24,201803,25,"2,000",23,10,2014
세종특별자치시 나성동,0,0,더리치세종의아침,월세,27.16,201803,26,500,35,3,2015
세종특별자치시 도담동,246,5,세종한신휴시티,월세,27.43,201803,26,500,35,6,2014
세종특별자치시 어진동,0,0,2차푸르지오시티,월세,23.24,201803,26,100,40,9,2014
세종특별자치시 어진동,0,0,호수의아침,월세,24.01,201803,26,300,30,14,2014
세종특별자치시 어진동,0,0,호수의아침,월세,23.57,201803,26,300,28,15,2014
세종특별자치시 어진동,0,0,푸르지오시티,전세,22.42,201803,29,"7,500",0,14,2014
세종특별자치시 어진동,0,0,호수의아침,월세,28.65,201803,29,500,37,12,2014
세종특별자치시 나성동,713,0,세진이너스빌,월세,34.15,201803,30,"3,000",23,6,2013
세종특별자치시 어진동,0,0,2차푸르지오시티,전세,21.92,201803,30,"7,000",0,16,2014
세종특별자치시 어진동,0,0,2차푸르지오시티,전세,23.24,201803,31,"7,000",0,6,2014
세종특별자치시 어진동,0,0,푸르지오시티,전세,23.74,201803,31,"7,500",0,18,2014
세종특별자치시 어진동,0,0,푸르지오시티,월세,23.74,201803,31,"2,000",15,12,2014
세종특별자치시 어진동,0,0,2차푸르지오시티,전세,21.92,201804,1,"7,000",0,15,2014
세종특별자치시 어진동,0,0,2차푸르지오시티,월세,30.48,201804,2,500,40,16,2014
세종특별자치시 어진동,0,0,호수의아침,월세,23.57,201804,2,800,25,11,2014
세종특별자치시 어진동,0,0,푸르지오시티,전세,29.06,201804,3,"10,000",0,16,2014
세종특별자치시 어진동,0,0,푸르지오시티,전세,22.42,201804,6,"7,000",0,4,2014
세종특별자치시 어진동,0,0,푸르지오시티,전세,24.32,201804,6,"7,000",0,9,2014
세종특별자치시 어진동,0,0,호수의아침,전세,24.62,201804,7,"7,500",0,12,2014
세종특별자치시 어진동,0,0,푸르지오시티,전세,23.74,201804,9,"8,000",0,16,2014
세종특별자치시 어진동,0,0,2차푸르지오시티,전세,21.92,201804,10,"6,500",0,6,2014
세종특별자치시 어진동,0,0,푸르지오시티,전세,24.22,201804,10,"7,000",0,17,2014
세종특별자치시 어진동,0,0,푸르지오시티,월세,23.74,201804,14,300,27,5,2014
세종특별자치시 조치원읍 침산리,258,6,1동(258-6),월세,36.5,201804,15,300,38,3,2008
세종특별자치시 어진동,0,0,호수의아침,전세,28.65,201804,16,"9,450",0,10,2014
세종특별자치시 어진동,0,0,2차푸르지오시티,월세,28.72,201804,17,"1,000",35,17,2014
세종특별자치시 어진동,0,0,푸르지오시티,전세,29.06,201804,19,"9,000",0,18,2014
세종특별자치시 도담동,246,5,세종한신휴시티,전세,24.03,201804,20,"8,500",0,4,2014
세종특별자치시 도담동,246,5,세종한신휴시티,월세,27.43,201804,24,500,30,8,2014
세종특별자치시 어진동,0,0,푸르지오시티,전세,23.74,201804,24,"7,000",0,5,2014
세종특별자치시 어진동,0,0,호수의아침,월세,23.57,201804,25,300,28,16,2014
세종특별자치시 어진동,0,0,2차푸르지오시티,전세,23.24,201804,27,"7,000",0,14,2014
세종특별자치시 어진동,0,0,2차푸르지오시티,월세,30.48,201804,30,"3,000",20,13,2014
세종특별자치시 어진동,0,0,2차푸르지오시티,월세,21.92,201804,30,300,28,6,2014
세종특별자치시 어진동,0,0,2차푸르지오시티,월세,21.92,201804,30,"2,000",20,7,2014
세종특별자치시 어진동,0,0,푸르지오시티,월세,23.74,201804,30,300,27,9,2014
세종특별자치시 어진동,0,0,2차푸르지오시티,전세,23.24,201805,1,"8,000",0,14,2014
세종특별자치시 어진동,0,0,푸르지오시티,전세,23.74,201805,1,"7,000",0,10,2014
세종특별자치시 어진동,0,0,푸르지오시티,전세,23.74,201805,1,"7,000",0,8,2014
세종특별자치시 어진동,0,0,호수의아침,월세,28.65,201805,1,500,45,16,2014
세종특별자치시 어진동,0,0,2차푸르지오시티,월세,21.92,201805,5,300,26,15,2014
세종특별자치시 어진동,0,0,호수의아침,전세,28.65,201805,6,"8,000",0,11,2014
세종특별자치시 어진동,0,0,푸르지오시티,월세,23.74,201805,8,300,30,8,2014
세종특별자치시 어진동,0,0,호수의아침,월세,24.01,201805,8,300,29,10,2014
세종특별자치시 어진동,0,0,2차푸르지오시티,전세,21.92,201805,10,"6,000",0,8,2014
세종특별자치시 어진동,0,0,푸르지오시티,월세,30.24,201805,12,500,38,15,2014
세종특별자치시 조치원읍 상리,121,4,제이드팰리스,전세,63.19,201805,17,"8,000",0,3,2015
세종특별자치시 어진동,0,0,푸르지오시티,월세,22.42,201805,18,300,28,8,2014
세종특별자치시 어진동,0,0,2차푸르지오시티,월세,23.24,201805,19,300,35,15,2014
세종특별자치시 어진동,0,0,푸르지오시티,전세,22.42,201805,19,"7,500",0,14,2014
세종특별자치시 어진동,0,0,푸르지오시티,전세,23.74,201805,19,"7,000",0,16,2014
세종특별자치시 어진동,0,0,푸르지오시티,전세,30.24,201805,20,"9,000",0,14,2014
세종특별자치시 어진동,0,0,호수의아침,월세,24.01,201805,21,300,28,14,2014
세종특별자치시 도담동,246,5,세종한신휴시티,전세,33.55,201805,22,"4,725",0,3,2014
세종특별자치시 어진동,0,0,푸르지오시티,월세,22.42,201805,22,300,30,13,2014
세종특별자치시 어진동,0,0,호수의아침,월세,24.01,201805,22,"2,000",20,10,2014
세종특별자치시 어진동,0,0,호수의아침,전세,23.57,201805,23,"6,000",0,12,2014
세종특별자치시 어진동,0,0,호수의아침,월세,24.01,201805,24,300,30,10,2014
세종특별자치시 어진동,0,0,2차푸르지오시티,전세,30.48,201805,25,"9,000",0,12,2014
세종특별자치시 어진동,0,0,2차푸르지오시티,월세,23.24,201805,25,300,32,5,2014
세종특별자치시 나성동,713,0,세진이너스빌,월세,34.15,201805,26,"2,500",26,8,2013
세종특별자치시 어진동,0,0,2차푸르지오시티,전세,21.92,201805,27,"7,500",0,16,2014
세종특별자치시 어진동,0,0,2차푸르지오시티,전세,21.92,201805,29,"6,800",0,13,2014
세종특별자치시 도담동,246,5,세종한신휴시티,월세,24.03,201805,30,300,30,6,2014
세종특별자치시 어진동,0,0,호수의아침,월세,28.65,201805,30,300,30,12,2014
세종특별자치시 어진동,0,0,푸르지오시티,전세,22.42,201806,2,"6,000",0,12,2014
세종특별자치시 어진동,0,0,2차푸르지오시티,월세,23.24,201806,8,300,30,11,2014
세종특별자치시 어진동,0,0,푸르지오시티,월세,22.42,201806,8,300,29,4,2014
세종특별자치시 어진동,0,0,푸르지오시티,월세,23.74,201806,13,300,27,5,2014
세종특별자치시 어진동,0,0,호수의아침,월세,24.01,201806,16,"2,000",20,13,2014
세종특별자치시 어진동,0,0,2차푸르지오시티,월세,21.92,201806,21,300,27,15,2014
세종특별자치시 어진동,0,0,2차푸르지오시티,전세,21.92,201806,22,"6,500",0,15,2014
세종특별자치시 어진동,0,0,2차푸르지오시티,전세,21.92,201806,23,"6,000",0,11,2014
세종특별자치시 어진동,0,0,2차푸르지오시티,전세,21.92,201806,23,"6,000",0,5,2014
세종특별자치시 어진동,0,0,푸르지오시티,월세,23.74,201806,23,300,30,19,2014
세종특별자치시 어진동,0,0,호수의아침,전세,23.57,201806,23,"7,000",0,13,2014
세종특별자치시 어진동,0,0,2차푸르지오시티,월세,23.24,201806,24,300,28,11,2014
세종특별자치시 어진동,0,0,2차푸르지오시티,전세,36.58,201806,24,"10,000",0,17,2014
세종특별자치시 어진동,0,0,푸르지오시티,월세,24.12,201806,26,300,27,7,2014
세종특별자치시 어진동,0,0,푸르지오시티,월세,23.74,201806,27,300,30,16,2014
세종특별자치시 어진동,0,0,푸르지오시티,전세,23.74,201806,28,"6,500",0,14,2014
세종특별자치시 어진동,0,0,2차푸르지오시티,전세,21.92,201806,29,"6,700",0,5,2014
세종특별자치시 어진동,0,0,2차푸르지오시티,월세,21.92,201807,1,"2,200",25,7,2014
세종특별자치시 어진동,0,0,푸르지오시티,전세,23.74,201807,1,"7,000",0,16,2014
세종특별자치시 어진동,0,0,호수의아침,월세,24.01,201807,1,300,36,12,2014
세종특별자치시 어진동,0,0,푸르지오시티,월세,23.74,201807,4,300,30,4,2014
세종특별자치시 어진동,0,0,푸르지오시티,월세,22.42,201807,5,300,30,5,2014
세종특별자치시 도담동,246,5,세종한신휴시티,월세,29.47,201807,7,500,40,3,2014
세종특별자치시 도담동,246,5,세종한신휴시티,월세,34.91,201807,8,500,40,5,2014
세종특별자치시 어진동,0,0,2차푸르지오시티,월세,23.24,201807,9,300,30,10,2014
세종특별자치시 어진동,0,0,2차푸르지오시티,전세,23.24,201807,9,"7,000",0,8,2014
세종특별자치시 어진동,0,0,푸르지오시티,월세,23.74,201807,10,300,33,19,2014
세종특별자치시 어진동,0,0,푸르지오시티,월세,23.74,201807,11,300,28,14,2014
세종특별자치시 도담동,246,5,세종한신휴시티,월세,24.03,201807,12,300,30,5,2014
세종특별자치시 도담동,246,5,세종한신휴시티,월세,31.17,201807,12,300,35,5,2014
세종특별자치시 어진동,0,0,푸르지오시티,월세,24.32,201807,13,300,28,4,2014
세종특별자치시 어진동,0,0,2차푸르지오시티,전세,21.92,201807,14,"6,500",0,12,2014
세종특별자치시 어진동,0,0,푸르지오시티,월세,22.42,201807,14,300,33,10,2014
세종특별자치시 어진동,0,0,2차푸르지오시티,전세,30.48,201807,15,"9,000",0,12,2014
세종특별자치시 어진동,0,0,2차푸르지오시티,월세,21.92,201807,16,300,27,15,2014
세종특별자치시 어진동,0,0,2차푸르지오시티,월세,21.92,201807,16,300,30,8,2014
세종특별자치시 어진동,0,0,푸르지오시티,월세,23.74,201807,16,300,38,10,2014
세종특별자치시 도담동,246,5,세종한신휴시티,월세,24.03,201807,18,300,30,6,2014
세종특별자치시 어진동,0,0,2차푸르지오시티,월세,21.92,201807,19,300,25,14,2014
세종특별자치시 나성동,0,0,더리치세종의아침,월세,33.65,201807,20,500,40,3,2015
세종특별자치시 어진동,0,0,2차푸르지오시티,전세,23.24,201807,21,"6,500",0,14,2014
세종특별자치시 어진동,0,0,푸르지오시티,전세,23.74,201807,21,"8,000",0,12,2014
세종특별자치시 어진동,0,0,2차푸르지오시티,전세,21.92,201807,23,"6,000",0,8,2014
세종특별자치시 나성동,0,0,더리치세종의아침,월세,26.34,201807,24,"1,500",28,3,2015
세종특별자치시 어진동,0,0,2차푸르지오시티,월세,21.92,201807,24,300,25,5,2014
세종특별자치시 어진동,0,0,푸르지오시티,전세,24.32,201807,24,"7,000",0,6,2014
세종특별자치시 어진동,0,0,2차푸르지오시티,월세,21.92,201807,26,300,27,9,2014
세종특별자치시 어진동,0,0,푸르지오시티,월세,23.74,201807,26,300,30,12,2014
세종특별자치시 어진동,0,0,푸르지오시티,월세,24.32,201807,26,300,30,14,2014
세종특별자치시 어진동,0,0,푸르지오시티,월세,24.5,201807,26,300,29,7,2014
세종특별자치시 어진동,0,0,2차푸르지오시티,월세,21.92,201807,27,300,25,8,2014
세종특별자치시 어진동,0,0,2차푸르지오시티,전세,21.92,201807,27,"6,000",0,7,2014
세종특별자치시 나성동,713,0,세진이너스빌,월세,34.15,201807,30,500,35,8,2013
세종특별자치시 어진동,0,0,푸르지오시티,전세,22.42,201807,30,"7,000",0,11,2014
세종특별자치시 어진동,0,0,푸르지오시티,월세,23.74,201807,30,500,27,6,2014
세종특별자치시 어진동,0,0,2차푸르지오시티,전세,23.24,201807,31,"7,000",0,7,2014
세종특별자치시 나성동,713,0,세진이너스빌,월세,34.15,201808,1,500,33,5,2013
세종특별자치시 어진동,0,0,2차푸르지오시티,월세,23.24,201808,1,300,30,13,2014
세종특별자치시 어진동,0,0,푸르지오시티,월세,22.42,201808,1,"2,000",20,6,2014
세종특별자치시 어진동,0,0,호수의아침,월세,24.01,201808,1,300,27,12,2014
세종특별자치시 어진동,0,0,2차푸르지오시티,월세,28.72,201808,3,"1,500",30,11,2014
세종특별자치시 어진동,0,0,푸르지오시티,전세,23.74,201808,6,"7,000",0,13,2014
세종특별자치시 어진동,0,0,푸르지오시티,월세,24.32,201808,6,300,30,10,2014
세종특별자치시 나성동,713,0,세진이너스빌,월세,34.15,201808,7,500,33,4,2013
세종특별자치시 어진동,0,0,푸르지오시티,월세,23.74,201808,7,300,30,14,2014
세종특별자치시 도담동,246,5,세종한신휴시티,월세,24.03,201808,9,300,33,4,2014
세종특별자치시 어진동,0,0,2차푸르지오시티,월세,21.92,201808,9,300,25,12,2014
세종특별자치시 어진동,0,0,푸르지오시티,전세,22.42,201808,9,"7,000",0,13,2014
세종특별자치시 어진동,0,0,2차푸르지오시티,월세,21.92,201808,10,300,30,8,2014
세종특별자치시 어진동,0,0,푸르지오시티,월세,23.74,201808,10,300,30,6,2014
세종특별자치시 도담동,246,5,세종한신휴시티,전세,24.03,201808,11,"7,000",0,8,2014
세종특별자치시 어진동,0,0,푸르지오시티,월세,23.74,201808,11,300,30,19,2014
세종특별자치시 어진동,0,0,푸르지오시티,전세,23.74,201808,11,"7,000",0,12,2014
세종특별자치시 어진동,0,0,푸르지오시티,월세,22.42,201808,13,300,30,4,2014
세종특별자치시 조치원읍 상리,121,4,제이드팰리스,월세,63.19,201808,13,"7,500",10,2,2015
세종특별자치시 어진동,0,0,2차푸르지오시티,전세,21.92,201808,14,"6,000",0,8,2014
세종특별자치시 나성동,0,0,마들렌,전세,40.64,201808,15,"10,000",0,6,2016
세종특별자치시 어진동,0,0,푸르지오시티,월세,22.42,201808,15,"2,000",20,10,2014
세종특별자치시 어진동,0,0,푸르지오시티,전세,24.12,201808,15,"7,000",0,11,2014
세종특별자치시 어진동,0,0,호수의아침,월세,23.57,201808,15,300,27,10,2014
세종특별자치시 어진동,0,0,푸르지오시티,전세,23.74,201808,16,"7,500",0,10,2014
세종특별자치시 어진동,0,0,2차푸르지오시티,전세,23.24,201808,18,"6,300",0,10,2014
세종특별자치시 어진동,0,0,푸르지오시티,전세,23.52,201808,18,"6,800",0,14,2014
세종특별자치시 어진동,0,0,푸르지오시티,월세,23.74,201808,19,200,30,5,2014
세종특별자치시 어진동,0,0,푸르지오시티,월세,44.84,201808,20,300,30,20,2014
세종특별자치시 어진동,0,0,푸르지오시티,월세,22.42,201808,22,300,28,20,2014
세종특별자치시 도담동,246,5,세종한신휴시티,월세,24.03,201808,24,300,35,4,2014
세종특별자치시 어진동,0,0,푸르지오시티,월세,23.74,201808,25,"2,000",15,12,2014
세종특별자치시 도담동,246,5,세종한신휴시티,월세,24.03,201808,26,300,33,3,2014
세종특별자치시 어진동,0,0,2차푸르지오시티,월세,36.58,201808,28,500,50,17,2014
세종특별자치시 어진동,0,0,푸르지오시티,월세,22.42,201808,28,300,30,11,2014
세종특별자치시 도담동,246,5,세종한신휴시티,월세,24.03,201809,1,500,30,5,2014
세종특별자치시 어진동,0,0,푸르지오시티,전세,22.42,201809,1,"7,000",0,9,2014
세종특별자치시 어진동,0,0,푸르지오시티,월세,24.22,201809,1,300,33,19,2014
세종특별자치시 어진동,0,0,푸르지오시티,전세,23.74,201809,1,"7,000",0,10,2014
세종특별자치시 어진동,0,0,푸르지오시티,월세,22.42,201809,3,300,30,13,2014
세종특별자치시 도담동,246,5,세종한신휴시티,월세,27.43,201809,4,300,36,5,2014
세종특별자치시 도담동,246,5,세종한신휴시티,전세,27.09,201809,4,"8,800",0,7,2014
세종특별자치시 어진동,0,0,2차푸르지오시티,전세,21.92,201809,4,"6,500",0,5,2014
세종특별자치시 어진동,0,0,2차푸르지오시티,전세,21.92,201809,5,"6,500",0,7,2014
세종특별자치시 어진동,0,0,2차푸르지오시티,월세,21.92,201809,6,300,28,15,2014
세종특별자치시 어진동,0,0,푸르지오시티,전세,23.74,201809,6,"7,000",0,5,2014
세종특별자치시 어진동,0,0,푸르지오시티,월세,23.74,201809,6,300,30,11,2014
세종특별자치시 어진동,0,0,2차푸르지오시티,월세,21.92,201809,7,300,27,14,2014
세종특별자치시 어진동,0,0,푸르지오시티,월세,24.5,201809,7,300,30,11,2014
세종특별자치시 도담동,246,5,세종한신휴시티,월세,27.43,201809,8,300,38,4,2014
세종특별자치시 어진동,0,0,푸르지오시티,전세,30.24,201809,8,"8,400",0,16,2014
세종특별자치시 어진동,0,0,호수의아침,전세,28.65,201809,8,"9,000",0,12,2014
세종특별자치시 어진동,0,0,푸르지오시티,전세,22.42,201809,11,"6,500",0,14,2014
세종특별자치시 어진동,0,0,푸르지오시티,전세,22.42,201809,12,"6,500",0,10,2014
세종특별자치시 어진동,0,0,2차푸르지오시티,전세,21.92,201809,13,"7,000",0,14,2014
세종특별자치시 도담동,246,5,세종한신휴시티,월세,24.03,201809,15,500,33,8,2014
세종특별자치시 어진동,0,0,호수의아침,월세,24.01,201809,16,300,35,16,2014
세종특별자치시 어진동,0,0,푸르지오시티,전세,22.42,201809,17,"7,000",0,19,2014
세종특별자치시 어진동,0,0,푸르지오시티,월세,24.32,201809,27,300,30,17,2014
세종특별자치시 어진동,0,0,푸르지오시티,전세,24.22,201809,30,"7,300",0,11,2014
세종특별자치시 어진동,0,0,푸르지오시티,전세,24.12,201809,30,"6,500",0,17,2014
세종특별자치시 도담동,246,5,세종한신휴시티,월세,29.47,201810,2,300,40,6,2014
세종특별자치시 어진동,0,0,푸르지오시티,월세,22.42,201810,2,"2,000",20,6,2014
세종특별자치시 어진동,0,0,푸르지오시티,월세,23.74,201810,3,300,31,18,2014
세종특별자치시 어진동,0,0,푸르지오시티,전세,23.74,201810,4,"6,500",0,7,2014
세종특별자치시 어진동,0,0,호수의아침,전세,28.65,201810,4,"8,500",0,10,2014
세종특별자치시 어진동,0,0,2차푸르지오시티,월세,30.48,201810,9,"2,000",30,9,2014
세종특별자치시 어진동,0,0,푸르지오시티,전세,23.74,201810,9,"7,000",0,9,2014
세종특별자치시 어진동,0,0,푸르지오시티,전세,23.74,201810,11,"6,500",0,15,2014
세종특별자치시 어진동,0,0,푸르지오시티,월세,23.74,201810,12,300,30,14,2014
세종특별자치시 나성동,0,0,더리치세종의아침,월세,35.41,201810,14,"2,000",30,7,2015
세종특별자치시 어진동,0,0,2차푸르지오시티,월세,23.24,201810,14,300,35,11,2014
세종특별자치시 어진동,0,0,푸르지오시티,전세,24.5,201810,15,"6,500",0,6,2014
세종특별자치시 어진동,0,0,푸르지오시티,전세,24.32,201810,16,"7,000",0,12,2014
세종특별자치시 어진동,0,0,푸르지오시티,월세,39.11,201810,17,"1,000",55,18,2014
세종특별자치시 어진동,0,0,푸르지오시티,월세,23.74,201810,19,300,26,5,2014
세종특별자치시 어진동,0,0,푸르지오시티,전세,24.12,201810,19,"6,500",0,6,2014
세종특별자치시 어진동,0,0,푸르지오시티,전세,23.74,201810,19,"7,000",0,20,2014
세종특별자치시 어진동,0,0,푸르지오시티,월세,24.32,201810,19,300,30,7,2014
세종특별자치시 어진동,0,0,2차푸르지오시티,전세,21.92,201810,20,"6,000",0,14,2014
세종특별자치시 어진동,0,0,푸르지오시티,월세,23.74,201810,21,"3,000",20,16,2014
세종특별자치시 어진동,0,0,2차푸르지오시티,월세,23.24,201810,22,"1,500",22,9,2014
세종특별자치시 어진동,0,0,2차푸르지오시티,월세,23.24,201810,23,300,28,12,2014
세종특별자치시 어진동,0,0,푸르지오시티,월세,24.32,201810,25,300,29,9,2014
세종특별자치시 어진동,0,0,2차푸르지오시티,전세,21.92,201810,26,"6,000",0,11,2014
세종특별자치시 어진동,0,0,푸르지오시티,전세,23.74,201810,26,"7,000",0,4,2014
세종특별자치시 어진동,0,0,푸르지오시티,전세,24.12,201810,26,"7,000",0,17,2014
세종특별자치시 어진동,0,0,호수의아침,월세,24.01,201810,26,"1,500",20,10,2014
세종특별자치시 어진동,0,0,2차푸르지오시티,월세,21.92,201810,27,300,27,10,2014
세종특별자치시 어진동,0,0,푸르지오시티,월세,23.74,201810,27,"1,500",20,11,2014
세종특별자치시 나성동,0,0,더리치세종의아침,전세,35.38,201810,28,"12,000",0,3,2015
세종특별자치시 어진동,0,0,2차푸르지오시티,월세,23.24,201810,28,300,35,16,2014
세종특별자치시 어진동,0,0,호수의아침,전세,23.57,201810,28,"6,800",0,15,2014
세종특별자치시 어진동,0,0,2차푸르지오시티,월세,21.92,201810,30,300,28,7,2014
세종특별자치시 도담동,246,5,세종한신휴시티,월세,27.43,201810,31,300,36,4,2014
세종특별자치시 어진동,0,0,2차푸르지오시티,월세,21.92,201810,31,300,28,10,2014
세종특별자치시 어진동,0,0,푸르지오시티,월세,44.84,201810,31,"2,000",20,15,2014
세종특별자치시 어진동,0,0,2차푸르지오시티,월세,37.9,201811,1,"1,000",40,17,2014
세종특별자치시 어진동,0,0,푸르지오시티,월세,23.74,201811,1,300,30,17,2014
세종특별자치시 어진동,0,0,푸르지오시티,월세,23.74,201811,2,300,30,17,2014
세종특별자치시 도담동,246,5,세종한신휴시티,월세,27.43,201811,3,300,35,8,2014
세종특별자치시 도담동,246,5,세종한신휴시티,월세,27.43,201811,3,500,35,5,2014
세종특별자치시 어진동,0,0,푸르지오시티,전세,22.42,201811,3,"7,000",0,10,2014
세종특별자치시 어진동,0,0,푸르지오시티,전세,22.42,201811,3,"7,000",0,4,2014
세종특별자치시 어진동,0,0,푸르지오시티,월세,24.5,201811,3,300,30,6,2014
세종특별자치시 어진동,0,0,호수의아침,월세,23.57,201811,3,200,29,16,2014
세종특별자치시 어진동,0,0,2차푸르지오시티,전세,21.92,201811,4,"6,000",0,14,2014
세종특별자치시 어진동,0,0,푸르지오시티,월세,22.42,201811,5,300,30,6,2014
세종특별자치시 어진동,0,0,2차푸르지오시티,전세,23.24,201811,6,"7,500",0,14,2014
세종특별자치시 어진동,0,0,푸르지오시티,월세,44.64,201811,6,300,30,15,2014
세종특별자치시 도담동,246,5,세종한신휴시티,월세,24.03,201811,8,300,35,7,2014
세종특별자치시 어진동,0,0,2차푸르지오시티,월세,30.48,201811,9,500,40,15,2014
세종특별자치시 어진동,0,0,푸르지오시티,전세,22.42,201811,9,"7,500",0,11,2014
세종특별자치시 어진동,0,0,푸르지오시티,월세,23.74,201811,12,300,30,6,2014
세종특별자치시 어진동,0,0,푸르지오시티,월세,22.42,201811,12,300,32,11,2014
세종특별자치시 어진동,0,0,푸르지오시티,월세,23.74,201811,12,300,30,14,2014
세종특별자치시 도담동,246,5,세종한신휴시티,전세,28.09,201811,14,"7,800",0,8,2014
세종특별자치시 어진동,0,0,2차푸르지오시티,전세,21.92,201811,15,"6,000",0,16,2014
세종특별자치시 어진동,0,0,2차푸르지오시티,월세,21.92,201811,16,"2,000",20,14,2014
세종특별자치시 어진동,0,0,2차푸르지오시티,월세,23.24,201811,17,300,35,15,2014
세종특별자치시 어진동,0,0,2차푸르지오시티,월세,23.24,201811,17,300,35,14,2014
세종특별자치시 어진동,0,0,푸르지오시티,월세,24.32,201811,17,300,30,13,2014
세종특별자치시 어진동,0,0,2차푸르지오시티,전세,21.92,201811,22,"6,000",0,13,2014
세종특별자치시 어진동,0,0,2차푸르지오시티,전세,21.92,201811,22,"6,000",0,10,2014
세종특별자치시 어진동,0,0,호수의아침,월세,24.01,201811,23,300,30,15,2014
세종특별자치시 나성동,713,0,세진이너스빌,월세,34.15,201811,24,500,35,4,2013
세종특별자치시 어진동,0,0,호수의아침,전세,24.01,201811,25,"6,500",0,11,2014
세종특별자치시 어진동,0,0,2차푸르지오시티,월세,23.24,201811,26,300,30,12,2014
세종특별자치시 어진동,0,0,푸르지오시티,전세,22.42,201811,26,"5,000",0,7,2014
세종특별자치시 어진동,0,0,푸르지오시티,전세,39.11,201811,26,"11,000",0,19,2014
세종특별자치시 어진동,0,0,호수의아침,전세,28.65,201811,26,"9,000",0,14,2014
세종특별자치시 어진동,0,0,푸르지오시티,전세,22.42,201811,27,"7,000",0,11,2014
세종특별자치시 어진동,0,0,푸르지오시티,전세,22.42,201811,29,"7,000",0,16,2014
세종특별자치시 어진동,0,0,2차푸르지오시티,월세,21.92,201811,30,300,27,6,2014
세종특별자치시 어진동,0,0,푸르지오시티,전세,24.32,201812,1,"7,000",0,13,2014
세종특별자치시 어진동,0,0,호수의아침,전세,24.01,201812,1,"7,000",0,10,2014
세종특별자치시 도담동,246,5,세종한신휴시티,월세,27.43,201812,5,500,35,6,2014
세종특별자치시 어진동,0,0,2차푸르지오시티,월세,21.92,201812,5,200,29,16,2014
세종특별자치시 어진동,0,0,푸르지오시티,전세,23.74,201812,5,"6,500",0,5,2014
세종특별자치시 어진동,0,0,호수의아침,월세,23.57,201812,5,300,27,12,2014
세종특별자치시 나성동,0,0,더리치세종의아침,전세,35.41,201812,6,"11,000",0,7,2015
세종특별자치시 어진동,0,0,2차푸르지오시티,월세,21.92,201812,6,300,27,16,2014
세종특별자치시 어진동,0,0,호수의아침,전세,24.01,201812,6,"6,000",0,13,2014
세종특별자치시 나성동,713,0,세진이너스빌,전세,34.15,201812,7,"8,500",0,8,2013
세종특별자치시 어진동,0,0,2차푸르지오시티,전세,21.92,201812,7,"6,000",0,10,2014
세종특별자치시 어진동,0,0,2차푸르지오시티,전세,21.92,201812,8,"6,500",0,16,2014
세종특별자치시 어진동,0,0,푸르지오시티,전세,22.42,201812,8,"7,500",0,12,2014
세종특별자치시 어진동,0,0,푸르지오시티,전세,22.42,201812,8,"6,500",0,4,2014
세종특별자치시 어진동,0,0,푸르지오시티,전세,23.74,201812,8,"7,000",0,12,2014
세종특별자치시 어진동,0,0,푸르지오시티,전세,22.42,201812,8,"7,000",0,14,2014
세종특별자치시 나성동,0,0,더리치세종의아침,월세,25.39,201812,9,"3,000",25,3,2015
세종특별자치시 어진동,0,0,푸르지오시티,전세,24.12,201812,9,"7,800",0,8,2014
세종특별자치시 어진동,0,0,푸르지오시티,전세,24.22,201812,10,"7,500",0,20,2014
세종특별자치시 어진동,0,0,푸르지오시티,전세,23.74,201812,12,"8,000",0,6,2014
세종특별자치시 어진동,0,0,2차푸르지오시티,전세,21.92,201812,13,"6,500",0,15,2014
세종특별자치시 나성동,713,0,세진이너스빌,전세,34.15,201812,14,"7,500",0,5,2013
세종특별자치시 어진동,0,0,푸르지오시티,전세,23.74,201812,14,"7,000",0,15,2014
세종특별자치시 어진동,0,0,푸르지오시티,전세,23.74,201812,16,"8,000",0,20,2014
세종특별자치시 어진동,0,0,호수의아침,월세,24.01,201812,16,300,30,15,2014
세종특별자치시 도담동,246,5,세종한신휴시티,월세,27.09,201812,17,300,35,7,2014
세종특별자치시 어진동,0,0,푸르지오시티,전세,22.42,201812,17,"7,500",0,12,2014
세종특별자치시 어진동,0,0,2차푸르지오시티,월세,21.92,201812,18,"1,500",20,10,2014
세종특별자치시 어진동,0,0,2차푸르지오시티,전세,21.92,201812,18,"6,000",0,16,2014
세종특별자치시 어진동,0,0,푸르지오시티,전세,23.74,201812,18,"6,500",0,4,2014
세종특별자치시 어진동,0,0,푸르지오시티,전세,23.74,201812,18,"7,000",0,13,2014
세종특별자치시 어진동,0,0,2차푸르지오시티,전세,21.92,201812,19,"6,000",0,16,2014
세종특별자치시 어진동,0,0,호수의아침,월세,24.01,201812,19,300,33,15,2014
세종특별자치시 어진동,0,0,푸르지오시티,월세,23.74,201812,21,300,30,14,2014
세종특별자치시 어진동,0,0,푸르지오시티,전세,22.42,201812,21,"7,000",0,9,2014
세종특별자치시 어진동,0,0,2차푸르지오시티,전세,21.92,201812,22,"7,000",0,13,2014
세종특별자치시 어진동,0,0,2차푸르지오시티,전세,21.92,201812,22,"6,000",0,9,2014
세종특별자치시 어진동,0,0,푸르지오시티,월세,22.42,201812,22,300,31,9,2014
세종특별자치시 어진동,0,0,2차푸르지오시티,월세,21.92,201812,23,"2,000",20,7,2014
세종특별자치시 어진동,0,0,호수의아침,전세,24.01,201812,23,"7,500",0,12,2014
세종특별자치시 나성동,0,0,더리치세종의아침,월세,40.97,201812,24,"3,000",42,6,2015
세종특별자치시 어진동,0,0,2차푸르지오시티,전세,21.92,201812,24,"6,250",0,6,2014
세종특별자치시 어진동,0,0,푸르지오시티,월세,23.74,201812,24,300,31,18,2014
세종특별자치시 나성동,0,0,더리치세종의아침,월세,27.16,201812,25,"2,000",25,6,2015
세종특별자치시 어진동,0,0,2차푸르지오시티,전세,21.92,201812,25,"6,500",0,15,2014
세종특별자치시 어진동,0,0,푸르지오시티,전세,23.74,201812,25,"7,500",0,8,2014
세종특별자치시 어진동,0,0,푸르지오시티,전세,22.42,201812,25,"8,000",0,12,2014
세종특별자치시 어진동,0,0,푸르지오시티,전세,29.06,201812,28,"9,000",0,8,2014
세종특별자치시 어진동,0,0,푸르지오시티,전세,23.74,201812,29,"8,000",0,12,2014
세종특별자치시 어진동,0,0,푸르지오시티,월세,23.74,201812,29,300,32,19,2014
세종특별자치시 어진동,0,0,2차푸르지오시티,월세,21.92,201812,30,300,28,7,2014
세종특별자치시 어진동,0,0,2차푸르지오시티,월세,23.24,201812,30,"1,500",25,13,2014
세종특별자치시 어진동,0,0,푸르지오시티,월세,44.64,201812,30,300,30,18,2014
세종특별자치시 어진동,0,0,푸르지오시티,월세,22.42,201812,30,300,29,17,2014
세종특별자치시 어진동,0,0,2차푸르지오시티,전세,21.92,201812,31,"6,500",0,9,2014
세종특별자치시 어진동,0,0,푸르지오시티,전세,23.74,201812,31,"7,700",0,6,2014
세종특별자치시 어진동,0,0,푸르지오시티,월세,23.74,201812,31,300,30,20,2014
세종특별자치시 어진동,0,0,푸르지오시티,전세,44.84,201812,31,"7,000",0,17,2014
세종특별자치시 어진동,0,0,2차푸르지오시티,월세,30.48,201901,1,500,45,11,2014
세종특별자치시 도담동,246,5,세종한신휴시티,월세,27.43,201901,2,300,35,3,2014
세종특별자치시 어진동,0,0,푸르지오시티,월세,22.42,201901,2,300,30,5,2014
세종특별자치시 어진동,0,0,푸르지오시티,월세,24.32,201901,2,"4,000",15,8,2014
세종특별자치시 어진동,0,0,2차푸르지오시티,월세,21.92,201901,3,300,25,14,2014
세종특별자치시 나성동,0,0,마들렌,월세,36.54,201901,5,"2,000",30,5,2016
세종특별자치시 어진동,0,0,푸르지오시티,전세,23.74,201901,5,"8,000",0,11,2014
세종특별자치시 어진동,0,0,푸르지오시티,전세,23.74,201901,5,"8,000",0,11,2014
세종특별자치시 나성동,713,0,세진이너스빌,월세,34.15,201901,7,500,40,6,2013
세종특별자치시 도담동,246,5,세종한신휴시티,월세,24.03,201901,8,300,35,8,2014
세종특별자치시 어진동,0,0,호수의아침,전세,24.01,201901,8,"8,000",0,14,2014
세종특별자치시 어진동,0,0,2차푸르지오시티,월세,23.24,201901,9,300,30,5,2014
세종특별자치시 어진동,0,0,푸르지오시티,전세,23.74,201901,9,"7,000",0,10,2014
세종특별자치시 어진동,0,0,2차푸르지오시티,월세,23.24,201901,10,300,30,16,2014
세종특별자치시 어진동,0,0,2차푸르지오시티,월세,28.72,201901,10,350,35,6,2014
세종특별자치시 어진동,0,0,푸르지오시티,전세,24.32,201901,10,"7,000",0,4,2014
세종특별자치시 어진동,0,0,푸르지오시티,전세,24.32,201901,10,"7,200",0,9,2014
세종특별자치시 어진동,0,0,호수의아침,전세,28.65,201901,10,"10,000",0,14,2014
세종특별자치시 어진동,0,0,2차푸르지오시티,월세,23.24,201901,11,300,35,6,2014
세종특별자치시 어진동,0,0,푸르지오시티,월세,22.42,201901,11,"2,000",20,5,2014
세종특별자치시 나성동,0,0,더리치세종의아침,월세,26.14,201901,12,500,35,7,2015
세종특별자치시 도담동,246,5,세종한신휴시티,전세,31.17,201901,12,"9,000",0,5,2014
세종특별자치시 어진동,0,0,2차푸르지오시티,전세,23.24,201901,12,"7,000",0,5,2014
세종특별자치시 어진동,0,0,2차푸르지오시티,월세,23.24,201901,12,300,35,13,2014
세종특별자치시 어진동,0,0,2차푸르지오시티,전세,23.24,201901,12,"6,800",0,5,2014
세종특별자치시 어진동,0,0,2차푸르지오시티,전세,23.24,201901,12,"8,000",0,6,2014
세종특별자치시 어진동,0,0,2차푸르지오시티,전세,23.24,201901,12,"7,300",0,6,2014
세종특별자치시 어진동,0,0,2차푸르지오시티,전세,21.92,201901,12,"6,500",0,9,2014
세종특별자치시 어진동,0,0,2차푸르지오시티,월세,23.24,201901,12,"1,500",23,7,2014
세종특별자치시 어진동,0,0,푸르지오시티,월세,44.64,201901,12,300,33,16,2014
세종특별자치시 어진동,0,0,2차푸르지오시티,월세,30.48,201901,13,"1,000",35,14,2014
세종특별자치시 어진동,0,0,호수의아침,전세,24.01,201901,14,"8,000",0,14,2014
세종특별자치시 어진동,0,0,2차푸르지오시티,월세,23.24,201901,16,300,35,10,2014
세종특별자치시 어진동,0,0,푸르지오시티,월세,23.74,201901,16,300,30,17,2014
세종특별자치시 어진동,0,0,호수의아침,월세,28.65,201901,16,500,45,11,2014
세종특별자치시 어진동,0,0,호수의아침,월세,24.01,201901,17,500,32,14,2014
세종특별자치시 도담동,246,5,세종한신휴시티,월세,24.03,201901,18,300,35,5,2014
세종특별자치시 어진동,0,0,2차푸르지오시티,전세,21.92,201901,18,"7,000",0,12,2014
세종특별자치시 어진동,0,0,2차푸르지오시티,전세,21.92,201901,18,"7,000",0,7,2014
세종특별자치시 어진동,0,0,푸르지오시티,월세,23.74,201901,18,300,32,15,2014
세종특별자치시 어진동,0,0,푸르지오시티,전세,24.22,201901,18,"8,000",0,13,2014
세종특별자치시 어진동,0,0,호수의아침,전세,24.01,201901,18,"8,000",0,11,2014
세종특별자치시 어진동,0,0,2차푸르지오시티,월세,21.92,201901,19,300,30,14,2014
세종특별자치시 어진동,0,0,2차푸르지오시티,월세,23.24,201901,19,"2,000",20,6,2014
세종특별자치시 어진동,0,0,푸르지오시티,월세,24.22,201901,19,300,35,18,2014
세종특별자치시 어진동,0,0,푸르지오시티,월세,29.06,201901,20,500,40,10,2014
세종특별자치시 어진동,0,0,2차푸르지오시티,월세,23.24,201901,21,300,30,6,2014
세종특별자치시 어진동,0,0,2차푸르지오시티,월세,23.24,201901,21,500,30,11,2014
세종특별자치시 어진동,0,0,2차푸르지오시티,월세,23.24,201901,23,"3,000",23,16,2014
세종특별자치시 어진동,0,0,호수의아침,월세,24.01,201901,24,300,35,10,2014
세종특별자치시 도담동,246,5,세종한신휴시티,전세,27.43,201901,25,"8,500",0,8,2014
세종특별자치시 도담동,246,5,세종한신휴시티,전세,33.77,201901,25,"9,500",0,8,2014
세종특별자치시 어진동,0,0,2차푸르지오시티,전세,21.92,201901,25,"6,500",0,15,2014
세종특별자치시 어진동,0,0,2차푸르지오시티,전세,23.24,201901,26,"8,000",0,13,2014
세종특별자치시 도담동,246,5,세종한신휴시티,월세,24.03,201901,28,300,35,7,2014
세종특별자치시 어진동,0,0,푸르지오시티,월세,22.42,201901,28,"2,500",22,5,2014
세종특별자치시 어진동,0,0,푸르지오시티,월세,23.74,201901,29,300,31,7,2014
세종특별자치시 도담동,246,5,세종한신휴시티,월세,29.47,201901,30,300,38,5,2014
세종특별자치시 도담동,246,5,세종한신휴시티,전세,24.03,201901,30,"8,000",0,5,2014
세종특별자치시 어진동,0,0,호수의아침,전세,23.57,201901,30,"7,000",0,10,2014
세종특별자치시 어진동,0,0,푸르지오시티,전세,24.5,201901,31,"8,000",0,7,2014
세종특별자치시 도담동,246,5,세종한신휴시티,월세,24.03,201902,1,300,35,6,2014
세종특별자치시 어진동,0,0,푸르지오시티,월세,22.42,201902,1,300,32,16,2014
세종특별자치시 나성동,713,0,세진이너스빌,전세,34.15,201902,2,"8,500",0,7,2013
세종특별자치시 어진동,0,0,푸르지오시티,월세,22.42,201902,7,300,35,16,2014
세종특별자치시 어진동,0,0,2차푸르지오시티,전세,21.92,201902,9,"7,500",0,16,2014
세종특별자치시 어진동,0,0,푸르지오시티,월세,30.24,201902,9,500,42,16,2014
세종특별자치시 어진동,0,0,푸르지오시티,전세,22.42,201902,9,"7,150",0,9,2014
세종특별자치시 어진동,0,0,푸르지오시티,월세,24.5,201902,9,300,30,12,2014
세종특별자치시 어진동,0,0,푸르지오시티,전세,22.42,201902,9,"7,500",0,9,2014
세종특별자치시 어진동,0,0,푸르지오시티,월세,22.42,201902,10,300,35,7,2014
세종특별자치시 어진동,0,0,호수의아침,월세,24.01,201902,10,500,35,10,2014
세종특별자치시 어진동,0,0,푸르지오시티,전세,24.12,201902,12,"6,500",0,6,2014
세종특별자치시 어진동,0,0,2차푸르지오시티,전세,21.92,201902,13,"6,500",0,9,2014
세종특별자치시 도담동,246,5,세종한신휴시티,전세,24.03,201902,14,"8,000",0,5,2014
세종특별자치시 도담동,246,5,세종한신휴시티,월세,27.43,201902,14,500,37,3,2014
세종특별자치시 어진동,0,0,2차푸르지오시티,월세,37.9,201902,14,"1,000",60,17,2014
세종특별자치시 어진동,0,0,2차푸르지오시티,월세,36.58,201902,15,"1,000",50,17,2014
세종특별자치시 어진동,0,0,푸르지오시티,월세,22.42,201902,15,400,31,7,2014
세종특별자치시 어진동,0,0,푸르지오시티,전세,23.74,201902,15,"8,500",0,15,2014
세종특별자치시 어진동,0,0,푸르지오시티,월세,23.74,201902,15,300,35,16,2014
세종특별자치시 나성동,0,0,마들렌,월세,40.64,201902,16,500,45,6,2016
세종특별자치시 어진동,0,0,푸르지오시티,전세,22.42,201902,16,"7,000",0,8,2014
세종특별자치시 어진동,0,0,푸르지오시티,전세,23.74,201902,16,"7,500",0,4,2014
세종특별자치시 어진동,0,0,푸르지오시티,월세,22.42,201902,16,300,32,12,2014
세종특별자치시 도담동,246,5,세종한신휴시티,전세,24.03,201902,19,"9,000",0,8,2014
세종특별자치시 어진동,0,0,푸르지오시티,전세,23.74,201902,19,"7,500",0,16,2014
세종특별자치시 어진동,0,0,푸르지오시티,월세,30.24,201902,20,"4,000",20,20,2014
세종특별자치시 어진동,0,0,호수의아침,전세,23.57,201902,21,"8,000",0,17,2014
세종특별자치시 어진동,0,0,호수의아침,전세,24.01,201902,21,"7,890",0,14,2014
세종특별자치시 어진동,0,0,2차푸르지오시티,전세,30.48,201902,23,"10,000",0,17,2014
세종특별자치시 어진동,0,0,호수의아침,월세,28.65,201902,24,500,45,17,2014
세종특별자치시 나성동,713,0,세진이너스빌,월세,34.15,201902,25,"3,000",26,6,2013
세종특별자치시 어진동,0,0,푸르지오시티,월세,23.74,201902,25,300,35,5,2014
세종특별자치시 어진동,0,0,푸르지오시티,월세,23.74,201902,25,300,32,9,2014
세종특별자치시 어진동,0,0,푸르지오시티,월세,44.84,201902,26,100,35,18,2014
세종특별자치시 도담동,246,5,세종한신휴시티,월세,24.03,201902,27,300,35,6,2014
세종특별자치시 어진동,0,0,푸르지오시티,전세,23.74,201902,27,"7,500",0,9,2014
세종특별자치시 어진동,0,0,푸르지오시티,전세,23.74,201902,27,"7,000",0,9,2014
세종특별자치시 어진동,0,0,푸르지오시티,월세,22.42,201902,28,300,35,14,2014
세종특별자치시 어진동,0,0,푸르지오시티,전세,23.74,201902,28,"7,500",0,5,2014
세종특별자치시 어진동,0,0,2차푸르지오시티,전세,30.48,201903,1,"10,000",0,16,2014
세종특별자치시 어진동,0,0,푸르지오시티,전세,22.42,201903,1,"7,000",0,4,2014
세종특별자치시 어진동,0,0,2차푸르지오시티,월세,23.24,201903,3,500,36,14,2014
세종특별자치시 어진동,0,0,푸르지오시티,월세,22.42,201903,3,300,35,12,2014
세종특별자치시 어진동,0,0,푸르지오시티,전세,23.74,201903,4,"8,000",0,5,2014
세종특별자치시 도담동,246,5,세종한신휴시티,월세,24.03,201903,5,300,35,8,2014
세종특별자치시 도담동,246,5,세종한신휴시티,전세,24.03,201903,7,"8,600",0,7,2014
세종특별자치시 어진동,0,0,푸르지오시티,월세,22.42,201903,7,300,35,4,2014
세종특별자치시 어진동,0,0,2차푸르지오시티,월세,23.24,201903,10,300,35,16,2014
세종특별자치시 어진동,0,0,2차푸르지오시티,전세,23.24,201903,11,"7,000",0,6,2014
세종특별자치시 어진동,0,0,푸르지오시티,전세,23.74,201903,11,"7,400",0,13,2014
세종특별자치시 어진동,0,0,2차푸르지오시티,월세,21.92,201903,14,500,33,13,2014
세종특별자치시 도담동,246,5,세종한신휴시티,월세,27.43,201903,17,300,38,8,2014
세종특별자치시 어진동,0,0,푸르지오시티,전세,22.42,201903,17,"7,800",0,18,2014
세종특별자치시 어진동,0,0,2차푸르지오시티,전세,21.92,201903,20,"7,350",0,15,2014
세종특별자치시 어진동,0,0,푸르지오시티,전세,23.74,201903,22,"8,700",0,11,2014
세종특별자치시 어진동,0,0,푸르지오시티,전세,23.74,201903,23,"8,000",0,18,2014
세종특별자치시 나성동,0,0,더리치세종의아침,전세,36.26,201903,25,"10,500",0,6,2015
세종특별자치시 어진동,0,0,2차푸르지오시티,월세,23.24,201903,25,"2,000",23,10,2014
세종특별자치시 어진동,0,0,2차푸르지오시티,전세,21.92,201903,26,"7,000",0,13,2014
세종특별자치시 어진동,0,0,푸르지오시티,월세,23.74,201903,26,"3,000",25,12,2014
세종특별자치시 어진동,0,0,2차푸르지오시티,월세,23.24,201903,31,500,35,8,2014
세종특별자치시 어진동,0,0,2차푸르지오시티,월세,23.24,201904,1,300,32,15,2014
세종특별자치시 어진동,0,0,푸르지오시티,월세,23.74,201904,2,300,35,8,2014
세종특별자치시 어진동,0,0,푸르지오시티,월세,44.64,201904,3,300,35,18,2014
세종특별자치시 어진동,0,0,호수의아침,월세,28.65,201904,4,500,40,14,2014
세종특별자치시 어진동,0,0,푸르지오시티,월세,22.42,201904,5,200,32,12,2014
세종특별자치시 어진동,0,0,푸르지오시티,전세,23.74,201904,8,"8,000",0,18,2014
세종특별자치시 어진동,0,0,푸르지오시티,전세,24.32,201904,10,"7,000",0,9,2014
세종특별자치시 어진동,0,0,호수의아침,월세,28.65,201904,13,700,36,11,2014
세종특별자치시 어진동,0,0,호수의아침,전세,28.65,201904,14,"9,700",0,10,2014
세종특별자치시 어진동,0,0,2차푸르지오시티,월세,23.24,201904,15,"3,000",20,7,2014
세종특별자치시 어진동,0,0,푸르지오시티,월세,22.42,201904,17,300,32,8,2014
세종특별자치시 어진동,0,0,푸르지오시티,월세,30.24,201904,17,500,42,15,2014
세종특별자치시 어진동,0,0,푸르지오시티,전세,23.74,201904,20,"8,000",0,11,2014
세종특별자치시 어진동,0,0,2차푸르지오시티,전세,21.92,201904,21,"6,500",0,12,2014
세종특별자치시 어진동,0,0,푸르지오시티,전세,22.42,201904,22,"7,500",0,4,2014
세종특별자치시 어진동,0,0,푸르지오시티,전세,22.42,201904,23,"7,000",0,10,2014
세종특별자치시 어진동,0,0,2차푸르지오시티,전세,21.92,201904,24,"7,500",0,6,2014
세종특별자치시 어진동,0,0,2차푸르지오시티,월세,21.92,201904,25,100,37,16,2014
세종특별자치시 어진동,0,0,푸르지오시티,월세,23.74,201904,25,300,35,5,2014
세종특별자치시 도담동,246,5,세종한신휴시티,월세,33.55,201904,26,500,45,4,2014
세종특별자치시 어진동,0,0,푸르지오시티,전세,23.74,201904,26,"7,500",0,12,2014
세종특별자치시 도담동,246,5,세종한신휴시티,월세,27.43,201904,27,500,37,5,2014
세종특별자치시 도담동,246,5,세종한신휴시티,월세,31.17,201904,27,500,40,4,2014
세종특별자치시 어진동,0,0,2차푸르지오시티,월세,21.92,201904,27,300,35,7,2014
세종특별자치시 어진동,0,0,푸르지오시티,전세,23.74,201904,27,"7,000",0,20,2014
세종특별자치시 어진동,0,0,푸르지오시티,월세,22.42,201904,27,300,34,14,2014
세종특별자치시 어진동,0,0,호수의아침,전세,23.57,201904,27,"7,500",0,10,2014
세종특별자치시 어진동,0,0,푸르지오시티,월세,24.5,201904,28,300,35,14,2014
세종특별자치시 어진동,0,0,2차푸르지오시티,전세,21.92,201904,30,"7,000",0,8,2014
세종특별자치시 어진동,0,0,푸르지오시티,월세,23.74,201904,30,300,37,11,2014
세종특별자치시 어진동,0,0,푸르지오시티,월세,23.74,201905,1,300,24,9,2014
세종특별자치시 어진동,0,0,호수의아침,월세,24.01,201905,2,"2,000",20,10,2014
세종특별자치시 어진동,0,0,2차푸르지오시티,전세,21.92,201905,4,"7,500",0,12,2014
세종특별자치시 어진동,0,0,푸르지오시티,전세,22.42,201905,4,"7,000",0,4,2014
세종특별자치시 도담동,246,5,세종한신휴시티,월세,24.03,201905,6,500,35,3,2014
세종특별자치시 어진동,0,0,푸르지오시티,전세,24.32,201905,6,"7,500",0,14,2014
세종특별자치시 어진동,0,0,호수의아침,월세,24.01,201905,6,300,35,14,2014
세종특별자치시 어진동,0,0,2차푸르지오시티,전세,21.92,201905,9,"6,500",0,12,2014
세종특별자치시 어진동,0,0,푸르지오시티,월세,24.32,201905,10,300,32,16,2014
세종특별자치시 어진동,0,0,2차푸르지오시티,전세,23.24,201905,11,"7,360",0,6,2014
세종특별자치시 도담동,246,5,세종한신휴시티,월세,24.03,201905,13,500,37,6,2014
세종특별자치시 어진동,0,0,2차푸르지오시티,월세,21.92,201905,13,300,35,10,2014
세종특별자치시 어진동,0,0,푸르지오시티,전세,23.74,201905,13,"7,150",0,8,2014
세종특별자치시 어진동,0,0,푸르지오시티,월세,44.84,201905,14,500,36,15,2014
세종특별자치시 어진동,0,0,2차푸르지오시티,전세,21.92,201905,15,"7,000",0,8,2014
세종특별자치시 어진동,0,0,2차푸르지오시티,월세,23.24,201905,16,"2,000",24,12,2014
세종특별자치시 도담동,246,5,세종한신휴시티,월세,27.43,201905,18,300,40,5,2014
세종특별자치시 어진동,0,0,푸르지오시티,월세,23.74,201905,18,300,37,13,2014
세종특별자치시 어진동,0,0,푸르지오시티,전세,22.42,201905,18,"7,350",0,6,2014
세종특별자치시 어진동,0,0,2차푸르지오시티,월세,21.92,201905,19,300,29,5,2014
세종특별자치시 어진동,0,0,2차푸르지오시티,월세,28.72,201905,20,300,34,5,2014
세종특별자치시 어진동,0,0,푸르지오시티,전세,22.42,201905,20,"7,500",0,5,2014
세종특별자치시 나성동,0,0,더리치세종의아침,월세,27.16,201905,21,500,35,4,2015
세종특별자치시 나성동,0,0,더리치세종의아침,월세,27.16,201905,21,500,37,4,2015
세종특별자치시 도담동,246,5,세종한신휴시티,전세,28.09,201905,21,"8,500",0,8,2014
세종특별자치시 어진동,0,0,2차푸르지오시티,전세,21.92,201905,22,"6,800",0,8,2014
세종특별자치시 도담동,246,5,세종한신휴시티,월세,24.03,201905,23,300,37,8,2014
세종특별자치시 어진동,0,0,2차푸르지오시티,월세,21.92,201905,23,300,36,11,2014
세종특별자치시 어진동,0,0,2차푸르지오시티,전세,21.92,201905,25,"8,000",0,10,2014
세종특별자치시 어진동,0,0,푸르지오시티,전세,22.42,201905,25,"7,500",0,13,2014
세종특별자치시 어진동,0,0,푸르지오시티,월세,23.74,201905,27,300,30,7,2014
세종특별자치시 어진동,0,0,호수의아침,월세,24.01,201905,29,300,35,16,2014
세종특별자치시 도담동,246,5,세종한신휴시티,전세,31.17,201905,30,"8,500",0,4,2014
세종특별자치시 어진동,0,0,푸르지오시티,전세,23.74,201905,30,"8,500",0,18,2014
세종특별자치시 어진동,0,0,호수의아침,전세,23.57,201905,30,"8,000",0,13,2014
세종특별자치시 어진동,0,0,2차푸르지오시티,전세,21.92,201906,2,"7,800",0,6,2014
세종특별자치시 어진동,0,0,2차푸르지오시티,전세,36.58,201906,2,"10,000",0,17,2014
세종특별자치시 어진동,0,0,푸르지오시티,월세,23.74,201906,4,30,27,12,2014
세종특별자치시 어진동,0,0,호수의아침,월세,23.57,201906,4,"1,500",23,12,2014
세종특별자치시 어진동,0,0,푸르지오시티,전세,24.5,201906,5,"7,500",0,8,2014
세종특별자치시 어진동,0,0,2차푸르지오시티,월세,21.92,201906,6,300,35,8,2014
세종특별자치시 어진동,0,0,2차푸르지오시티,월세,21.92,201906,6,400,31,10,2014
세종특별자치시 어진동,0,0,2차푸르지오시티,전세,23.24,201906,6,"7,800",0,13,2014
세종특별자치시 어진동,0,0,푸르지오시티,월세,23.74,201906,6,300,37,11,2014
세종특별자치시 어진동,0,0,2차푸르지오시티,월세,23.24,201906,7,300,45,10,2014
세종특별자치시 어진동,0,0,호수의아침,전세,23.57,201906,8,"8,000",0,10,2014
세종특별자치시 어진동,0,0,2차푸르지오시티,전세,23.24,201906,11,"7,500",0,13,2014
세종특별자치시 어진동,0,0,2차푸르지오시티,전세,21.92,201906,11,"6,300",0,5,2014
세종특별자치시 어진동,0,0,2차푸르지오시티,전세,21.92,201906,13,"7,000",0,15,2014
세종특별자치시 어진동,0,0,푸르지오시티,월세,22.42,201906,14,300,29,8,2014
세종특별자치시 도담동,246,5,세종한신휴시티,전세,29.47,201906,18,"9,500",0,5,2014
세종특별자치시 어진동,0,0,2차푸르지오시티,월세,36.58,201906,19,500,45,17,2014
세종특별자치시 어진동,0,0,2차푸르지오시티,전세,21.92,201906,19,"7,500",0,8,2014
세종특별자치시 어진동,0,0,푸르지오시티,월세,22.42,201906,19,300,35,19,2014
세종특별자치시 도담동,246,5,세종한신휴시티,월세,24.03,201906,20,300,36,5,2014
세종특별자치시 어진동,0,0,호수의아침,월세,23.57,201906,21,300,35,15,2014
세종특별자치시 어진동,0,0,2차푸르지오시티,월세,28.72,201906,22,500,45,17,2014
세종특별자치시 어진동,0,0,푸르지오시티,월세,23.74,201906,22,"2,000",20,4,2014
세종특별자치시 어진동,0,0,2차푸르지오시티,월세,23.24,201906,23,"2,000",28,12,2014
세종특별자치시 어진동,0,0,2차푸르지오시티,월세,23.24,201906,24,300,32,6,2014
세종특별자치시 어진동,0,0,2차푸르지오시티,전세,21.92,201906,24,"7,514",0,9,2014
세종특별자치시 어진동,0,0,2차푸르지오시티,전세,21.92,201906,24,"7,514",0,9,2014
세종특별자치시 어진동,0,0,푸르지오시티,전세,23.74,201906,24,"7,500",0,5,2014
세종특별자치시 어진동,0,0,푸르지오시티,전세,23.74,201906,25,"7,140",0,8,2014
세종특별자치시 어진동,0,0,푸르지오시티,전세,23.74,201906,26,"7,000",0,16,2014
세종특별자치시 어진동,0,0,2차푸르지오시티,전세,21.92,201906,27,"7,000",0,15,2014
세종특별자치시 어진동,0,0,푸르지오시티,전세,23.74,201906,27,"8,500",0,7,2014
세종특별자치시 어진동,0,0,2차푸르지오시티,월세,23.24,201906,28,400,31,11,2014
세종특별자치시 어진동,0,0,푸르지오시티,전세,23.74,201906,28,"7,500",0,18,2014
세종특별자치시 어진동,0,0,푸르지오시티,월세,23.74,201906,29,300,33,9,2014
세종특별자치시 어진동,0,0,푸르지오시티,월세,23.74,201906,29,300,32,14,2014
세종특별자치시 어진동,0,0,2차푸르지오시티,전세,21.92,201906,30,"8,000",0,12,2014
세종특별자치시 어진동,0,0,호수의아침,월세,24.01,201906,30,300,35,13,2014
세종특별자치시 어진동,0,0,푸르지오시티,월세,23.74,201907,1,300,30,15,2014
세종특별자치시 어진동,0,0,푸르지오시티,월세,23.74,201907,1,300,35,12,2014
세종특별자치시 어진동,0,0,푸르지오시티,월세,22.42,201907,3,100,31,11,2014
세종특별자치시 나성동,0,0,어반아트리움,전세,22.84,201907,4,"9,000",0,7,2019
세종특별자치시 어진동,0,0,2차푸르지오시티,월세,21.92,201907,4,400,31,5,2014
세종특별자치시 어진동,0,0,푸르지오시티,월세,24.5,201907,4,300,35,5,2014
세종특별자치시 어진동,0,0,푸르지오시티,월세,39.11,201907,4,"1,000",53,19,2014
세종특별자치시 어진동,0,0,2차푸르지오시티,전세,23.24,201907,6,"8,000",0,13,2014
세종특별자치시 어진동,0,0,2차푸르지오시티,월세,23.24,201907,6,300,35,9,2014
세종특별자치시 어진동,0,0,푸르지오시티,월세,23.74,201907,6,"3,000",22,16,2014
세종특별자치시 도담동,246,5,세종한신휴시티,전세,32.19,201907,7,"8,500",0,5,2014
세종특별자치시 도담동,246,5,세종한신휴시티,전세,32.19,201907,7,"8,500",0,5,2014
세종특별자치시 어진동,0,0,2차푸르지오시티,월세,23.24,201907,7,300,33,10,2014
세종특별자치시 어진동,0,0,2차푸르지오시티,월세,21.92,201907,7,300,33,11,2014
세종특별자치시 어진동,0,0,2차푸르지오시티,전세,23.24,201907,8,"7,350",0,7,2014
세종특별자치시 어진동,0,0,2차푸르지오시티,월세,21.92,201907,11,"2,000",25,14,2014
세종특별자치시 어진동,0,0,2차푸르지오시티,전세,21.92,201907,13,"8,000",0,9,2014
세종특별자치시 나성동,713,0,세진이너스빌,월세,34.15,201907,15,"2,500",26,8,2013
세종특별자치시 어진동,0,0,호수의아침,월세,23.57,201907,16,300,35,15,2014
세종특별자치시 도담동,246,5,세종한신휴시티,월세,24.03,201907,17,300,32,6,2014
세종특별자치시 어진동,0,0,2차푸르지오시티,월세,21.92,201907,17,200,29,12,2014
세종특별자치시 어진동,0,0,푸르지오시티,전세,22.42,201907,17,"8,000",0,10,2014
세종특별자치시 어진동,0,0,호수의아침,월세,28.65,201907,19,500,42,13,2014
세종특별자치시 어진동,0,0,호수의아침,전세,24.62,201907,19,"8,800",0,16,2014
세종특별자치시 어진동,0,0,2차푸르지오시티,월세,21.92,201907,20,300,35,5,2014
세종특별자치시 어진동,0,0,2차푸르지오시티,전세,23.24,201907,20,"7,500",0,6,2014
세종특별자치시 부강면 부강리,127,1,주건축물제1동,월세,41.42,201907,22,500,45,6,2019
세종특별자치시 어진동,0,0,푸르지오시티,전세,23.74,201907,22,"7,350",0,12,2014
세종특별자치시 어진동,0,0,푸르지오시티,전세,23.74,201907,22,"8,000",0,12,2014
세종특별자치시 어진동,0,0,푸르지오시티,전세,24.22,201907,22,"7,950",0,9,2014
세종특별자치시 어진동,0,0,푸르지오시티,전세,23.74,201907,23,"7,800",0,17,2014
세종특별자치시 나성동,0,0,더리치세종의아침,월세,35.41,201907,24,"2,000",30,8,2015
세종특별자치시 어진동,0,0,2차푸르지오시티,전세,21.92,201907,24,"7,500",0,13,2014
세종특별자치시 어진동,0,0,2차푸르지오시티,월세,30.48,201907,24,500,45,12,2014
세종특별자치시 어진동,0,0,푸르지오시티,월세,23.74,201907,24,500,32,6,2014
세종특별자치시 어진동,0,0,푸르지오시티,전세,22.42,201907,24,"7,800",0,13,2014
세종특별자치시 도담동,246,5,세종한신휴시티,전세,24.03,201907,26,"8,300",0,6,2014
세종특별자치시 어진동,0,0,푸르지오시티,전세,22.42,201907,26,"8,000",0,14,2014
세종특별자치시 어진동,0,0,푸르지오시티,전세,23.74,201907,26,"8,700",0,11,2014
세종특별자치시 도담동,246,5,세종한신휴시티,월세,24.03,201907,27,300,40,6,2014
세종특별자치시 어진동,0,0,푸르지오시티,월세,23.74,201907,27,"5,000",17,11,2014
세종특별자치시 도담동,246,5,세종한신휴시티,월세,38.53,201907,28,"1,000",48,7,2014
세종특별자치시 어진동,0,0,푸르지오시티,월세,23.74,201907,28,300,32,7,2014
세종특별자치시 어진동,0,0,2차푸르지오시티,월세,21.92,201907,29,400,31,12,2014
세종특별자치시 어진동,0,0,2차푸르지오시티,전세,23.24,201907,30,"7,350",0,7,2014
세종특별자치시 어진동,0,0,2차푸르지오시티,전세,21.92,201907,31,"7,000",0,6,2014
세종특별자치시 어진동,0,0,푸르지오시티,월세,22.42,201907,31,300,34,6,2014
세종특별자치시 어진동,0,0,푸르지오시티,월세,22.22,201907,31,300,32,14,2014
세종특별자치시 어진동,0,0,푸르지오시티,전세,23.74,201907,31,"8,000",0,16,2014
세종특별자치시 어진동,0,0,푸르지오시티,월세,24.32,201908,1,300,33,14,2014
세종특별자치시 어진동,0,0,푸르지오시티,전세,24.32,201908,2,"7,500",0,6,2014
세종특별자치시 어진동,0,0,호수의아침,월세,24.01,201908,2,400,33,12,2014
세종특별자치시 어진동,0,0,2차푸르지오시티,월세,28.72,201908,3,"3,000",25,11,2014
세종특별자치시 어진동,0,0,2차푸르지오시티,월세,23.24,201908,3,"3,000",23,16,2014
세종특별자치시 나성동,0,0,더리치세종의아침,월세,26.34,201908,5,"1,500",30,3,2015
세종특별자치시 어진동,0,0,2차푸르지오시티,월세,23.24,201908,5,250,37,14,2014
세종특별자치시 어진동,0,0,푸르지오시티,전세,23.74,201908,5,"7,350",0,13,2014
세종특별자치시 도담동,246,5,세종한신휴시티,전세,24.03,201908,6,"7,000",0,8,2014
세종특별자치시 도담동,246,5,세종한신휴시티,월세,32.19,201908,8,500,45,5,2014
세종특별자치시 어진동,0,0,2차푸르지오시티,전세,21.92,201908,8,"7,500",0,6,2014
세종특별자치시 조치원읍 상리,121,4,제이드팰리스,전세,32.48,201908,9,"4,000",0,2,2015
세종특별자치시 어진동,0,0,2차푸르지오시티,월세,21.92,201908,10,300,35,14,2014
세종특별자치시 어진동,0,0,푸르지오시티,월세,22.42,201908,10,"2,000",25,10,2014
세종특별자치시 어진동,0,0,푸르지오시티,전세,22.42,201908,10,"7,300",0,13,2014
세종특별자치시 어진동,0,0,2차푸르지오시티,전세,23.24,201908,12,"8,000",0,14,2014
세종특별자치시 어진동,0,0,푸르지오시티,전세,23.74,201908,14,"7,350",0,5,2014
세종특별자치시 어진동,0,0,푸르지오시티,전세,24.32,201908,15,"7,200",0,9,2014
세종특별자치시 어진동,0,0,푸르지오시티,전세,22.42,201908,20,"6,500",0,4,2014
세종특별자치시 도담동,246,5,세종한신휴시티,월세,27.43,201908,23,300,38,7,2014
세종특별자치시 어진동,0,0,호수의아침,월세,23.57,201908,23,300,29,17,2014
세종특별자치시 어진동,0,0,호수의아침,월세,23.57,201908,23,300,35,10,2014
세종특별자치시 어진동,0,0,2차푸르지오시티,월세,36.58,201908,26,500,53,17,2014
세종특별자치시 어진동,0,0,2차푸르지오시티,전세,21.92,201908,29,"7,300",0,11,2014
세종특별자치시 어진동,0,0,호수의아침,전세,23.57,201908,30,"8,000",0,17,2014
세종특별자치시 어진동,0,0,2차푸르지오시티,월세,23.24,201908,31,300,35,16,2014
세종특별자치시 어진동,0,0,2차푸르지오시티,월세,23.24,201909,1,500,38,6,2014
세종특별자치시 어진동,0,0,푸르지오시티,월세,23.74,201909,3,300,35,15,2014
세종특별자치시 어진동,0,0,푸르지오시티,월세,23.74,201909,3,300,37,14,2014
세종특별자치시 어진동,0,0,푸르지오시티,월세,23.74,201909,3,300,32,7,2014
세종특별자치시 나성동,0,0,더리치세종의아침,월세,33.65,201909,7,500,47,6,2015
세종특별자치시 어진동,0,0,푸르지오시티,전세,23.74,201909,8,"7,500",0,5,2014
세종특별자치시 나성동,713,0,세진이너스빌,월세,34.15,201909,9,300,40,4,2013
세종특별자치시 어진동,0,0,2차푸르지오시티,월세,30.48,201909,9,"2,000",30,8,2014
세종특별자치시 어진동,0,0,2차푸르지오시티,월세,21.92,201909,9,300,29,10,2014
세종특별자치시 어진동,0,0,푸르지오시티,월세,22.42,201909,11,300,32,14,2014
세종특별자치시 어진동,0,0,푸르지오시티,월세,24.32,201909,17,300,32,17,2014
세종특별자치시 도담동,246,5,세종한신휴시티,월세,27.43,201909,19,500,38,6,2014
세종특별자치시 어진동,0,0,호수의아침,전세,47.83,201909,19,"14,500",0,16,2014
세종특별자치시 어진동,0,0,푸르지오시티,월세,23.74,201909,25,300,37,20,2014
세종특별자치시 어진동,0,0,2차푸르지오시티,월세,28.72,201909,26,"2,000",30,8,2014
세종특별자치시 어진동,0,0,푸르지오시티,전세,24.32,201909,26,"8,000",0,12,2014
세종특별자치시 도담동,246,5,세종한신휴시티,월세,24.03,201909,28,500,35,5,2014
세종특별자치시 어진동,0,0,푸르지오시티,전세,23.74,201909,28,"8,500",0,10,2014
세종특별자치시 어진동,0,0,푸르지오시티,전세,22.42,201909,30,"8,000",0,9,2014
세종특별자치시 도담동,246,5,세종한신휴시티,월세,27.43,201910,4,500,38,7,2014
세종특별자치시 어진동,0,0,2차푸르지오시티,전세,21.92,201910,5,"6,000",0,14,2014
세종특별자치시 어진동,0,0,푸르지오시티,전세,22.42,201910,5,"8,000",0,12,2014
세종특별자치시 어진동,0,0,2차푸르지오시티,전세,21.92,201910,6,"7,500",0,5,2014
세종특별자치시 어진동,0,0,2차푸르지오시티,월세,21.92,201910,6,300,45,10,2014
세종특별자치시 어진동,0,0,푸르지오시티,전세,39.11,201910,7,"11,000",0,19,2014
세종특별자치시 어진동,0,0,푸르지오시티,전세,24.22,201910,12,"7,300",0,11,2014
세종특별자치시 어진동,0,0,푸르지오시티,전세,23.74,201910,12,"7,800",0,17,2014
세종특별자치시 어진동,0,0,2차푸르지오시티,월세,23.24,201910,14,300,35,16,2014
세종특별자치시 어진동,0,0,푸르지오시티,월세,23.74,201910,14,"2,000",20,11,2014
세종특별자치시 어진동,0,0,2차푸르지오시티,월세,23.24,201910,15,300,35,16,2014
세종특별자치시 어진동,0,0,푸르지오시티,전세,24.12,201910,17,"7,800",0,17,2014
세종특별자치시 어진동,0,0,푸르지오시티,전세,23.74,201910,22,"8,000",0,10,2014
세종특별자치시 어진동,0,0,푸르지오시티,월세,43.51,201910,24,"1,000",60,20,2014
세종특별자치시 도담동,246,5,세종한신휴시티,월세,24.03,201910,27,200,32,7,2014
세종특별자치시 도담동,246,5,세종한신휴시티,월세,27.43,201910,31,"1,000",35,7,2014
세종특별자치시 나성동,0,0,더리치세종의아침,월세,35.41,201911,3,500,45,8,2015
세종특별자치시 어진동,0,0,푸르지오시티,전세,24.22,201911,5,"7,300",0,16,2014
세종특별자치시 도담동,246,5,세종한신휴시티,월세,33.77,201911,7,500,50,8,2014
세종특별자치시 어진동,0,0,푸르지오시티,전세,22.42,201911,7,"7,500",0,4,2014
세종특별자치시 어진동,0,0,2차푸르지오시티,월세,21.92,201911,9,200,40,13,2014
세종특별자치시 어진동,0,0,2차푸르지오시티,전세,21.92,201911,9,"6,600",0,10,2014
세종특별자치시 어진동,0,0,푸르지오시티,전세,22.42,201911,9,"7,500",0,11,2014
세종특별자치시 어진동,0,0,푸르지오시티,전세,22.42,201911,9,"7,500",0,11,2014
세종특별자치시 어진동,0,0,푸르지오시티,전세,24.32,201911,16,"7,000",0,16,2014
세종특별자치시 어진동,0,0,푸르지오시티,월세,43.71,201911,18,"1,000",60,20,2014
세종특별자치시 도담동,246,5,세종한신휴시티,전세,33.55,201911,21,"9,000",0,3,2014
세종특별자치시 어진동,0,0,2차푸르지오시티,전세,23.24,201911,21,"7,500",0,11,2014
세종특별자치시 도담동,246,5,세종한신휴시티,전세,27.43,201911,24,"8,500",0,4,2014
세종특별자치시 어진동,0,0,호수의아침,월세,23.57,201911,24,300,30,16,2014
세종특별자치시 나성동,713,0,세진이너스빌,전세,34.15,201911,27,"9,000",0,6,2013
세종특별자치시 어진동,0,0,푸르지오시티,전세,22.42,201911,29,"7,500",0,18,2014
세종특별자치시 어진동,0,0,2차푸르지오시티,전세,21.92,201911,30,"6,300",0,7,2014
세종특별자치시 어진동,0,0,푸르지오시티,전세,23.74,201911,30,"7,500",0,5,2014
세종특별자치시 어진동,0,0,호수의아침,월세,24.01,201912,1,100,40,15,2014
세종특별자치시 어진동,0,0,푸르지오시티,전세,24.32,201912,2,"7,000",0,9,2014
세종특별자치시 어진동,0,0,푸르지오시티,전세,22.42,201912,2,"6,500",0,4,2014
세종특별자치시 어진동,0,0,푸르지오시티,전세,30.24,201912,3,"8,400",0,14,2014
세종특별자치시 어진동,0,0,호수의아침,전세,23.57,201912,4,"7,500",0,11,2014
세종특별자치시 어진동,0,0,푸르지오시티,전세,23.74,201912,5,"6,300",0,7,2014
세종특별자치시 어진동,0,0,푸르지오시티,전세,23.74,201912,9,"8,000",0,20,2014
세종특별자치시 도담동,246,5,세종한신휴시티,전세,24.03,201912,11,"8,000",0,7,2014
세종특별자치시 어진동,0,0,호수의아침,전세,23.57,201912,12,"6,800",0,17,2014
세종특별자치시 도담동,246,5,세종한신휴시티,전세,24.03,201912,13,"8,500",0,8,2014
세종특별자치시 어진동,0,0,푸르지오시티,전세,23.74,201912,13,"8,000",0,18,2014
세종특별자치시 나성동,0,0,더리치세종의아침,전세,40.97,201912,14,"14,000",0,6,2015
세종특별자치시 나성동,0,0,더리치세종의아침,월세,27.16,201912,15,300,35,4,2015
세종특별자치시 도담동,246,5,세종한신휴시티,월세,27.09,201912,17,300,37,7,2014
세종특별자치시 어진동,0,0,푸르지오시티,전세,23.74,201912,18,"7,500",0,18,2014
세종특별자치시 어진동,0,0,호수의아침,전세,28.65,201912,20,"9,000",0,14,2014
세종특별자치시 어진동,0,0,푸르지오시티,전세,23.74,201912,21,"8,000",0,15,2014
세종특별자치시 어진동,0,0,푸르지오시티,전세,23.74,201912,21,"7,500",0,5,2014
세종특별자치시 도담동,246,5,세종한신휴시티,월세,27.43,201912,25,300,40,8,2014
세종특별자치시 도담동,246,5,세종한신휴시티,월세,31.17,201912,28,500,42,3,2014
세종특별자치시 어진동,0,0,푸르지오시티,월세,22.42,201912,28,"2,500",25,17,2014
세종특별자치시 어진동,0,0,호수의아침,월세,28.65,201912,28,500,45,17,2014
세종특별자치시 나성동,0,0,더리치세종의아침,전세,27.16,201912,30,"9,000",0,3,2015
세종특별자치시 도담동,246,5,세종한신휴시티,월세,24.03,201912,30,300,35,5,2014
세종특별자치시 어진동,0,0,호수의아침,월세,24.01,201912,30,300,35,13,2014
세종특별자치시 어진동,0,0,2차푸르지오시티,전세,23.24,201912,31,"7,350",0,6,2014
세종특별자치시 어진동,0,0,푸르지오시티,전세,23.74,201912,31,"7,500",0,17,2014
세종특별자치시 도담동,246,5,세종한신휴시티,월세,27.43,202001,2,"1,000",30,8,2014
세종특별자치시 어진동,0,0,푸르지오시티,월세,22.42,202001,3,"2,500",22,5,2014
세종특별자치시 나성동,0,0,더리치세종의아침,전세,41.96,202001,4,"12,000",0,3,2015
세종특별자치시 어진동,0,0,푸르지오시티,월세,22.42,202001,4,300,32,13,2014
세종특별자치시 도담동,246,5,세종한신휴시티,월세,24.03,202001,5,300,33,8,2014
세종특별자치시 어진동,0,0,호수의아침,전세,28.65,202001,5,"10,000",0,16,2014
세종특별자치시 어진동,0,0,푸르지오시티,월세,24.32,202001,8,300,35,6,2014
세종특별자치시 어진동,0,0,푸르지오시티,전세,24.32,202001,10,"8,000",0,5,2014
세종특별자치시 어진동,0,0,호수의아침,전세,23.57,202001,12,"8,000",0,17,2014
세종특별자치시 도담동,246,5,세종한신휴시티,월세,24.03,202001,18,500,30,5,2014
세종특별자치시 어진동,0,0,2차푸르지오시티,월세,21.92,202001,18,400,32,10,2014
세종특별자치시 어진동,0,0,푸르지오시티,전세,24.12,202001,18,"6,800",0,6,2014
세종특별자치시 나성동,0,0,더리치세종의아침,월세,36.26,202001,20,800,47,3,2015
세종특별자치시 어진동,0,0,푸르지오시티,월세,23.74,202001,23,300,35,10,2014
세종특별자치시 도담동,246,5,세종한신휴시티,월세,28.09,202001,27,500,38,8,2014
세종특별자치시 어진동,0,0,2차푸르지오시티,전세,30.48,202001,28,"10,000",0,17,2014
세종특별자치시 도담동,246,5,세종한신휴시티,월세,24.03,202001,30,300,36,7,2014
세종특별자치시 나성동,0,0,더리치세종의아침,월세,36.26,202001,31,500,47,8,2015
세종특별자치시 어진동,0,0,2차푸르지오시티,전세,21.92,202002,1,"8,000",0,5,2014
세종특별자치시 어진동,0,0,2차푸르지오시티,월세,23.24,202002,1,300,35,9,2014
세종특별자치시 나성동,713,0,세진이너스빌,전세,34.15,202002,2,"10,000",0,5,2013
세종특별자치시 나성동,0,0,더리치세종의아침,월세,25.39,202002,4,300,32,3,2015
세종특별자치시 부강면 부강리,127,1,주건축물제1동,월세,83.53,202002,5,"1,000",60,3,2019
세종특별자치시 어진동,0,0,2차푸르지오시티,전세,23.24,202002,5,"7,500",0,5,2014
세종특별자치시 어진동,0,0,호수의아침,전세,28.65,202002,5,"10,000",0,10,2014
세종특별자치시 조치원읍 남리,37,4,주건축물제1동(37-4),전세,22.09,202002,7,"4,000",0,6,2013
세종특별자치시 어진동,0,0,푸르지오시티,월세,22.42,202002,8,300,28,13,2014
세종특별자치시 어진동,0,0,푸르지오시티,전세,24.12,202002,10,"7,500",0,18,2014
세종특별자치시 어진동,0,0,호수의아침,전세,47.83,202002,10,"14,500",0,16,2014
세종특별자치시 어진동,0,0,호수의아침,월세,24.01,202002,10,300,37,12,2014
세종특별자치시 어진동,0,0,호수의아침,월세,24.01,202002,10,500,32,10,2014
세종특별자치시 나성동,0,0,더리치세종의아침,월세,33.65,202002,11,"1,000",45,3,2015
세종특별자치시 어진동,0,0,푸르지오시티,월세,22.42,202002,12,300,36,7,2014
세종특별자치시 어진동,0,0,2차푸르지오시티,전세,21.92,202002,13,"7,350",0,14,2014
세종특별자치시 어진동,0,0,푸르지오시티,월세,23.74,202002,13,300,35,12,2014
세종특별자치시 도담동,246,5,세종한신휴시티,월세,24.03,202002,14,200,40,7,2014
세종특별자치시 어진동,0,0,푸르지오시티,전세,24.5,202002,15,"7,700",0,5,2014
세종특별자치시 어진동,0,0,푸르지오시티,전세,23.74,202002,15,"7,500",0,5,2014
세종특별자치시 도담동,246,5,세종한신휴시티,월세,24.03,202002,19,500,38,5,2014
세종특별자치시 도담동,246,5,세종한신휴시티,전세,27.43,202002,20,"8,000",0,5,2014
세종특별자치시 어진동,0,0,푸르지오시티,월세,44.84,202002,20,315,34,18,2014
세종특별자치시 도담동,246,5,세종한신휴시티,월세,29.47,202002,21,500,40,6,2014
세종특별자치시 어진동,0,0,푸르지오시티,월세,22.42,202002,22,300,29,5,2014
세종특별자치시 어진동,0,0,푸르지오시티,월세,24.22,202002,23,300,35,18,2014
세종특별자치시 어진동,0,0,2차푸르지오시티,월세,23.24,202002,24,300,35,16,2014
세종특별자치시 어진동,0,0,푸르지오시티,전세,24.32,202002,25,"7,500",0,9,2014
세종특별자치시 어진동,0,0,푸르지오시티,전세,23.74,202002,26,"7,350",0,9,2014
세종특별자치시 부강면 부강리,127,1,주건축물제1동,월세,81.37,202002,28,"3,000",50,6,2019
세종특별자치시 어진동,0,0,2차푸르지오시티,전세,21.92,202002,29,"7,000",0,7,2014
세종특별자치시 어진동,0,0,호수의아침,전세,24.62,202003,1,"8,500",0,12,2014
세종특별자치시 도담동,246,5,세종한신휴시티,월세,35.47,202003,6,300,50,8,2014
세종특별자치시 어진동,0,0,푸르지오시티,전세,23.74,202003,9,"8,000",0,12,2014
세종특별자치시 도담동,246,5,세종한신휴시티,전세,24.03,202003,14,"8,500",0,3,2014
세종특별자치시 어진동,0,0,호수의아침,월세,23.57,202003,20,200,40,14,2014
세종특별자치시 도담동,246,5,세종한신휴시티,월세,27.43,202003,22,500,40,5,2014
세종특별자치시 도담동,246,5,세종한신휴시티,월세,24.03,202003,24,300,37,4,2014
세종특별자치시 어진동,0,0,호수의아침,월세,23.57,202003,28,300,35,12,2014
세종특별자치시 어진동,0,0,푸르지오시티,전세,23.74,202003,30,"8,000",0,11,2014
세종특별자치시 어진동,0,0,푸르지오시티,월세,22.42,202003,30,300,36,4,2014
세종특별자치시 어진동,0,0,호수의아침,전세,24.01,202003,31,"6,500",0,11,2014
세종특별자치시 나성동,713,0,세진이너스빌,월세,34.15,202004,1,500,40,6,2013
세종특별자치시 어진동,0,0,2차푸르지오시티,전세,21.92,202004,1,"6,800",0,15,2014
세종특별자치시 어진동,0,0,푸르지오시티,월세,24.12,202004,1,300,36,12,2014
세종특별자치시 어진동,0,0,푸르지오시티,전세,24.32,202004,1,"7,800",0,14,2014
세종특별자치시 어진동,0,0,푸르지오시티,전세,23.74,202004,1,"7,300",0,10,2014
세종특별자치시 도담동,246,5,세종한신휴시티,전세,32.19,202004,2,"9,500",0,6,2014
세종특별자치시 어진동,0,0,푸르지오시티,전세,23.74,202004,2,"7,600",0,13,2014
세종특별자치시 어진동,0,0,2차푸르지오시티,전세,23.24,202004,3,"8,000",0,9,2014
세종특별자치시 어진동,0,0,푸르지오시티,전세,23.74,202004,3,"8,400",0,11,2014
세종특별자치시 어진동,0,0,호수의아침,월세,24.01,202004,3,300,35,10,2014
세종특별자치시 어진동,0,0,푸르지오시티,전세,22.42,202004,4,"8,000",0,10,2014
세종특별자치시 조치원읍 침산리,258,6,1동(258-6),월세,36.5,202004,5,300,38,3,2008
세종특별자치시 어진동,0,0,호수의아침,월세,23.57,202004,9,300,33,17,2014
세종특별자치시 어진동,0,0,호수의아침,전세,24.01,202004,10,"8,000",0,13,2014
세종특별자치시 부강면 부강리,127,1,주건축물제1동,월세,83.53,202004,11,"1,000",65,4,2019
세종특별자치시 어진동,0,0,2차푸르지오시티,월세,23.24,202004,11,400,33,10,2014
세종특별자치시 어진동,0,0,2차푸르지오시티,월세,21.92,202004,11,300,33,12,2014
세종특별자치시 어진동,0,0,푸르지오시티,월세,23.74,202004,11,300,33,5,2014
세종특별자치시 어진동,0,0,푸르지오시티,월세,22.42,202004,14,300,38,5,2014
세종특별자치시 어진동,0,0,2차푸르지오시티,전세,21.92,202004,19,"7,800",0,5,2014
세종특별자치시 어진동,0,0,푸르지오시티,전세,44.84,202004,20,"8,000",0,20,2014
세종특별자치시 어진동,0,0,호수의아침,전세,23.57,202004,21,"7,500",0,12,2014
세종특별자치시 나성동,0,0,더리치세종의아침,월세,27.16,202004,25,500,37,4,2015
세종특별자치시 어진동,0,0,푸르지오시티,전세,23.74,202004,25,"8,000",0,6,2014
세종특별자치시 어진동,0,0,2차푸르지오시티,월세,21.92,202004,26,300,35,6,2014
세종특별자치시 부강면 부강리,127,1,주건축물제1동,월세,83.53,202004,27,500,70,5,2019
세종특별자치시 어진동,0,0,2차푸르지오시티,월세,21.92,202004,30,300,33,11,2014
세종특별자치시 어진동,0,0,호수의아침,월세,24.01,202004,30,300,40,14,2014
세종특별자치시 어진동,0,0,푸르지오시티,전세,23.74,202005,6,"7,350",0,20,2014
세종특별자치시 어진동,0,0,푸르지오시티,전세,24.32,202005,6,"7,350",0,13,2014
세종특별자치시 어진동,0,0,푸르지오시티,월세,29.06,202005,9,500,44,14,2014
세종특별자치시 도담동,246,5,세종한신휴시티,전세,28.09,202005,12,"9,000",0,8,2014
세종특별자치시 어진동,0,0,푸르지오시티,전세,22.42,202005,15,"7,800",0,7,2014
세종특별자치시 어진동,0,0,호수의아침,전세,24.01,202005,15,"7,875",0,12,2014
세종특별자치시 나성동,0,0,더리치세종의아침,월세,27.16,202005,16,300,35,3,2015
세종특별자치시 어진동,0,0,2차푸르지오시티,월세,21.92,202005,16,300,35,5,2014
세종특별자치시 도담동,246,5,세종한신휴시티,전세,34.91,202005,18,"3,000",0,5,2014
세종특별자치시 어진동,0,0,푸르지오시티,전세,22.42,202005,18,"6,100",0,12,2014
세종특별자치시 나성동,0,0,더리치세종의아침,전세,26.34,202005,20,"7,665",0,8,2015
세종특별자치시 나성동,0,0,더리치세종의아침,월세,35.41,202005,21,500,50,7,2015
세종특별자치시 도담동,246,5,세종한신휴시티,월세,24.03,202005,26,300,40,8,2014
세종특별자치시 어진동,0,0,푸르지오시티,전세,24.5,202005,28,"7,850",0,8,2014
세종특별자치시 도담동,246,5,세종한신휴시티,월세,24.03,202005,30,300,40,4,2014
세종특별자치시 어진동,0,0,푸르지오시티,전세,22.42,202005,30,"8,000",0,5,2014
세종특별자치시 도담동,246,5,세종한신휴시티,전세,24.03,202005,31,"8,000",0,7,2014
세종특별자치시 어진동,0,0,푸르지오시티,월세,24.5,202006,2,300,36,14,2014
세종특별자치시 어진동,0,0,호수의아침,월세,24.62,202006,4,300,35,17,2014
세종특별자치시 어진동,0,0,2차푸르지오시티,전세,30.48,202006,5,"9,500",0,12,2014
세종특별자치시 어진동,0,0,푸르지오시티,전세,24.22,202006,8,"8,000",0,14,2014
세종특별자치시 어진동,0,0,푸르지오시티,월세,44.64,202006,8,300,38,16,2014
세종특별자치시 어진동,0,0,푸르지오시티,월세,23.74,202006,14,300,34,11,2014
세종특별자치시 어진동,0,0,푸르지오시티,전세,22.42,202006,15,"6,300",0,12,2014
세종특별자치시 어진동,0,0,2차푸르지오시티,월세,21.92,202006,20,300,40,11,2014
세종특별자치시 어진동,0,0,2차푸르지오시티,월세,23.24,202006,20,300,35,12,2014
세종특별자치시 어진동,0,0,푸르지오시티,월세,22.42,202006,20,300,33,14,2014
세종특별자치시 어진동,0,0,푸르지오시티,월세,23.74,202006,23,300,35,18,2014
세종특별자치시 어진동,0,0,푸르지오시티,전세,24.32,202006,25,"7,300",0,12,2014
세종특별자치시 어진동,0,0,2차푸르지오시티,월세,23.24,202006,27,300,35,16,2014
세종특별자치시 어진동,0,0,2차푸르지오시티,전세,21.92,202006,28,"8,000",0,6,2014
세종특별자치시 도담동,246,5,세종한신휴시티,월세,27.43,202006,29,500,45,6,2014
세종특별자치시 부강면 부강리,127,1,주건축물제1동,월세,42.4,202006,29,"1,000",40,5,2019
세종특별자치시 어진동,0,0,호수의아침,전세,24.01,202006,29,"8,280",0,14,2014
세종특별자치시 도담동,246,5,세종한신휴시티,월세,24.03,202006,30,500,42,7,2014
세종특별자치시 어진동,0,0,호수의아침,전세,24.01,202006,30,"8,280",0,14,2014
세종특별자치시 조치원읍 상리,121,4,제이드팰리스,전세,38.63,202006,30,"5,000",0,2,2015
세종특별자치시 부강면 부강리,127,1,주건축물제1동,월세,83.01,202007,1,"3,000",50,5,2019
세종특별자치시 부강면 부강리,127,1,주건축물제1동,월세,81.17,202007,1,500,75,5,2019
세종특별자치시 어진동,0,0,푸르지오시티,전세,22.42,202007,1,"8,000",0,6,2014
세종특별자치시 어진동,0,0,푸르지오시티,월세,24.5,202007,1,300,37,11,2014
세종특별자치시 어진동,0,0,푸르지오시티,전세,22.42,202007,3,"8,000",0,17,2014
세종특별자치시 어진동,0,0,푸르지오시티,전세,22.42,202007,9,"7,000",0,18,2014
세종특별자치시 나성동,0,0,더리치세종의아침,월세,35.41,202007,18,500,50,8,2015
세종특별자치시 어진동,0,0,푸르지오시티,월세,23.74,202007,18,400,38,6,2014
세종특별자치시 어진동,0,0,푸르지오시티,월세,29.06,202007,20,"5,000",17,20,2014
세종특별자치시 나성동,0,0,더리치세종의아침,월세,35.35,202007,23,500,49,8,2015
세종특별자치시 도담동,246,5,세종한신휴시티,월세,24.03,202007,25,300,33,6,2014
세종특별자치시 어진동,0,0,푸르지오시티,전세,22.42,202007,25,"8,000",0,11,2014
세종특별자치시 어진동,0,0,2차푸르지오시티,전세,21.92,202007,26,"7,500",0,12,2014
세종특별자치시 어진동,0,0,2차푸르지오시티,월세,30.48,202007,27,500,45,12,2014
세종특별자치시 나성동,0,0,더리치세종의아침,월세,33.65,202007,30,500,47,7,2015
세종특별자치시 어진동,0,0,2차푸르지오시티,전세,21.92,202007,31,"7,600",0,6,2014
세종특별자치시 도담동,246,5,세종한신휴시티,월세,33.55,202008,5,500,50,4,2014
세종특별자치시 어진동,0,0,2차푸르지오시티,전세,23.24,202008,6,"4,000",0,16,2014
세종특별자치시 어진동,0,0,푸르지오시티,전세,22.42,202008,8,"7,350",0,13,2014
세종특별자치시 나성동,0,0,더리치세종의아침,전세,25.39,202008,11,"10,000",0,7,2015
세종특별자치시 어진동,0,0,푸르지오시티,월세,23.74,202008,14,300,38,7,2014
세종특별자치시 나성동,0,0,더리치세종의아침,월세,35.41,202008,15,500,55,8,2015
세종특별자치시 나성동,0,0,더리치세종의아침,월세,26.14,202008,19,300,42,8,2015
세종특별자치시 어진동,0,0,호수의아침,월세,24.01,202008,19,"2,000",20,10,2014
세종특별자치시 어진동,0,0,2차푸르지오시티,전세,21.92,202008,21,"8,500",0,15,2014
세종특별자치시 어진동,0,0,호수의아침,월세,24.01,202008,22,300,40,12,2014
세종특별자치시 어진동,0,0,2차푸르지오시티,전세,21.92,202008,28,"8,500",0,8,2014
세종특별자치시 어진동,0,0,호수의아침,전세,24.01,202008,31,"8,400",0,15,2014
세종특별자치시 어진동,0,0,2차푸르지오시티,전세,21.92,202009,1,"8,500",0,11,2014
세종특별자치시 어진동,0,0,푸르지오시티,월세,22.42,202009,1,300,40,17,2014
세종특별자치시 나성동,0,0,더리치세종의아침,월세,35.38,202009,7,"2,500",40,5,2015
세종특별자치시 도담동,246,5,세종한신휴시티,전세,24.03,202009,11,"8,000",0,4,2014
세종특별자치시 어진동,0,0,2차푸르지오시티,전세,23.24,202009,12,"6,800",0,15,2014
세종특별자치시 어진동,0,0,호수의아침,월세,24.62,202009,14,"8,100",7,13,2014
세종특별자치시 나성동,713,0,세진이너스빌,전세,34.15,202009,15,"9,450",0,8,2013
세종특별자치시 나성동,713,0,세진이너스빌,월세,34.15,202009,22,300,46,5,2013
세종특별자치시 어진동,0,0,푸르지오시티,전세,23.74,202009,25,"8,500",0,18,2014
세종특별자치시 어진동,0,0,푸르지오시티,월세,22.42,202009,25,500,42,9,2014
세종특별자치시 어진동,0,0,푸르지오시티,월세,24.22,202010,1,300,38,19,2014
세종특별자치시 어진동,0,0,푸르지오시티,전세,22.42,202010,3,"8,500",0,10,2014
세종특별자치시 도담동,246,5,세종한신휴시티,월세,24.03,202010,5,500,37,5,2014
세종특별자치시 나성동,756,0,리치먼드시티세종,전세,26.18,202010,6,"14,000",0,5,2020
세종특별자치시 도담동,246,5,세종한신휴시티,월세,24.03,202010,6,500,40,6,2014
세종특별자치시 어진동,0,0,2차푸르지오시티,월세,30.48,202010,9,500,50,14,2014
세종특별자치시 어진동,0,0,푸르지오시티,월세,22.42,202010,14,300,40,9,2014
세종특별자치시 어진동,0,0,푸르지오시티,월세,23.74,202010,17,500,42,13,2014
세종특별자치시 어진동,0,0,푸르지오시티,전세,23.74,202010,20,"9,200",0,5,2014
세종특별자치시 나성동,713,0,세진이너스빌,월세,34.15,202010,21,"3,000",35,6,2013
세종특별자치시 어진동,0,0,2차푸르지오시티,전세,21.92,202010,21,"8,500",0,5,2014
세종특별자치시 어진동,0,0,푸르지오시티,전세,22.42,202010,22,"7,870",0,11,2014
세종특별자치시 어진동,0,0,푸르지오시티,전세,23.74,202010,22,"8,500",0,6,2014
세종특별자치시 어진동,0,0,푸르지오시티,전세,24.5,202010,24,"9,000",0,7,2014
세종특별자치시 도담동,246,5,세종한신휴시티,전세,24.03,202010,27,"9,000",0,8,2014
세종특별자치시 어진동,0,0,2차푸르지오시티,전세,21.92,202010,28,"5,402",0,10,2014
세종특별자치시 어진동,0,0,2차푸르지오시티,전세,21.92,202010,29,"8,500",0,7,2014
세종특별자치시 어진동,0,0,푸르지오시티,전세,24.32,202010,29,"10,500",0,9,2014
세종특별자치시 도담동,246,5,세종한신휴시티,월세,27.43,202010,30,500,45,7,2014
세종특별자치시 어진동,0,0,호수의아침,월세,28.65,202011,1,500,50,14,2014
세종특별자치시 도담동,246,5,세종한신휴시티,월세,27.43,202011,5,"4,000",25,5,2014
세종특별자치시 부강면 부강리,127,1,주건축물제1동,월세,42.4,202011,11,500,45,2,2019
세종특별자치시 어진동,0,0,호수의아침,월세,23.57,202011,12,"2,000",30,15,2014
세종특별자치시 어진동,0,0,푸르지오시티,전세,22.42,202011,17,"9,500",0,9,2014
세종특별자치시 어진동,0,0,2차푸르지오시티,월세,23.24,202011,18,300,37,16,2014
세종특별자치시 도담동,246,5,세종한신휴시티,월세,24.03,202011,21,500,37,3,2014
세종특별자치시 나성동,756,0,리치먼드시티세종,월세,26.18,202011,24,500,60,5,2020
세종특별자치시 어진동,0,0,호수의아침,월세,28.65,202011,25,500,50,11,2014
세종특별자치시 나성동,756,0,리치먼드시티세종,전세,26.18,202012,1,"14,000",0,4,2020
세종특별자치시 나성동,756,0,리치먼드시티세종,월세,26.18,202012,4,500,55,4,2020
세종특별자치시 나성동,756,0,리치먼드시티세종,전세,26.18,202012,9,"14,000",0,6,2020
세종특별자치시 나성동,756,0,리치먼드시티세종,월세,32.5,202012,16,"1,000",65,4,2020
세종특별자치시 도담동,246,5,세종한신휴시티,전세,24.03,202012,18,"9,000",0,4,2014
세종특별자치시 나성동,756,0,리치먼드시티세종,전세,26.18,202012,28,"16,000",0,8,2020
세종특별자치시 나성동,756,0,리치먼드시티세종,전세,26.18,202012,30,"15,000",0,8,2020
