시군구,유형,도로명,용도지역,건축물주용도,도로조건,전용/연면적(㎡),대지면적(㎡),거래금액(만원),층,계약년월,계약일,지분구분,건축년도,해제사유발생일
세종특별자치시 고운동,집합,마음로,근린상업,제1종근린생활,25m미만,108.98, ,"49,000",2,201801,6, ,2015,
세종특별자치시 고운동,집합,고운서길,근린상업,제2종근린생활,25m미만,67.9, ,"16,900",7,201801,18, ,2015,
세종특별자치시 고운동,집합,마음안로,제2종일반주거,제2종근린생활,25m미만,32.18, ,"40,000",1,201801,20, ,2015,
세종특별자치시 고운동,집합,마음로,근린상업,제2종근린생활,25m미만,69.75, ,"27,963",3,201802,7, ,2015,
세종특별자치시 고운동,집합,마음로,근린상업,제2종근린생활,25m미만,72.75, ,"29,165",3,201802,23, ,2015,
세종특별자치시 고운동,집합,고운서길,근린상업,제2종근린생활,25m미만,95.04, ,"18,000",7,201803,24, ,2015,
세종특별자치시 고운동,집합,고운서길,근린상업,교육연구,25m미만,129.19, ,"42,458",5,201804,20, ,2016,
세종특별자치시 고운동,집합,마음안로,제2종일반주거,제2종근린생활,25m미만,28.28, ,"25,000",,201805,10, ,2014,
세종특별자치시 고운동,집합,마음로,근린상업,제1종근린생활,25m미만,45.81, ,"67,000",1,201805,22, ,2016,
세종특별자치시 고운동,집합,마음안로,제2종일반주거,제2종근린생활,25m미만,44.96, ,"30,000",,201806,8, ,2015,
세종특별자치시 고운동,집합,마음안로,제2종일반주거,제2종근린생활,25m미만,46.17, ,"30,000",,201806,8, ,2015,
세종특별자치시 고운동,집합,고운서길,근린상업,교육연구,25m미만,96.9, ,"41,397",3,201806,22, ,2016,
세종특별자치시 고운동,집합,마음로,근린상업,제1종근린생활,25m미만,118.4, ,"32,000",6,201809,13, ,2015,
세종특별자치시 고운동,집합,마음안로,제2종일반주거,제2종근린생활,25m미만,47.2, ,"18,000",2,201809,18, ,2015,
세종특별자치시 고운동,일반,마음안로,제1종전용주거,제1종근린생활,25m미만,276.03,347.5,"120,000",,201810,16, ,2015,
세종특별자치시 고운동,집합,마음로,근린상업,제1종근린생활,25m미만,82.47, ,"29,360",6,201810,29, ,2015,
세종특별자치시 고운동,집합,마음로,근린상업,제1종근린생활,25m미만,79.11, ,"26,125",6,201810,29, ,2015,
세종특별자치시 고운동,집합,마음로,근린상업,제1종근린생활,25m미만,59.5, ,"90,000",1,201811,9, ,2017,
세종특별자치시 고운동,집합,고운뜰7길,제1종전용주거,제2종근린생활,-,58.25, ,"111,129",1,201812,7, ,2019,
세종특별자치시 고운동,집합,고운서길,근린상업,제1종근린생활,25m미만,76.77, ,"31,659",4,201812,20, ,2015,
세종특별자치시 고운동,집합,고운서길,근린상업,제1종근린생활,25m미만,101.14, ,"49,296",4,201812,20, ,2015,
세종특별자치시 고운동,집합,고운서길,근린상업,제1종근린생활,25m미만,67.6, ,"36,683",4,201812,20, ,2015,
세종특별자치시 고운동,집합,고운서길,근린상업,제1종근린생활,25m미만,67.6, ,"36,683",4,201812,20, ,2015,
세종특별자치시 고운동,집합,고운서길,근린상업,제1종근린생활,25m미만,98.4, ,"56,064",4,201812,20, ,2015,
세종특별자치시 고운동,집합,고운서길,근린상업,제1종근린생활,25m미만,62, ,"27,194",4,201812,20, ,2015,
세종특별자치시 고운동,집합,고운서길,근린상업,제1종근린생활,25m미만,111.73, ,"30,250",5,201812,24, ,2015,
세종특별자치시 고운동,집합,고운서길,근린상업,제1종근린생활,25m미만,108.6, ,"31,000",5,201812,24, ,2015,
세종특별자치시 금남면 대박리,일반,대박길,제1종일반주거,제2종근린생활,8m미만,282.75,504,"75,000",,201812,20, ,2000,
세종특별자치시 금남면 영곡리,일반,성덕영곡길,계획관리,제2종근린생활,8m미만,180.03,845,"58,900",,201802,3, ,2005,
세종특별자치시 금남면 용포리,일반,용포로,제2종일반주거,제2종근린생활,25m미만,130.31,308,"84,500",,201803,2, ,2013,
세종특별자치시 금남면 용포리,일반,용포로,제2종일반주거,제2종근린생활,25m미만,45.5,172,"39,000",,201803,7, ,2011,
세종특별자치시 나성동,집합,한누리대로,일반상업,제2종근린생활,25m이상,120.56, ,"32,500",,201803,19, ,2016,
세종특별자치시 나성동,집합,한누리대로,일반상업,제2종근린생활,25m이상,119.81, ,"32,500",,201803,19, ,2016,
세종특별자치시 나성동,집합,나성북로,일반상업,제1종근린생활,25m미만,37.35, ,"97,059",1,201804,12, ,2016,
세종특별자치시 나성동,집합,한누리대로,근린상업,제2종근린생활,25m이상,99.43, ,"27,000",,201804,24, ,2016,
세종특별자치시 나성동,집합,한누리대로,근린상업,제2종근린생활,25m이상,32.44, ,"14,500",8,201805,10, ,2015,
세종특별자치시 나성동,집합,한누리대로,근린상업,제1종근린생활,25m이상,35.42, ,"20,824",,201805,10, ,2015,
세종특별자치시 나성동,집합,한누리대로,일반상업,기타,25m이상,98.42, ,"32,500",8,201805,11, ,2015,
세종특별자치시 나성동,집합,한누리대로,일반상업,제2종근린생활,25m이상,76.95, ,"95,184",1,201805,23, ,2015,
세종특별자치시 나성동,집합,한누리대로,일반상업,업무,25m이상,274.29, ,"71,532",3,201805,23, ,2015,
세종특별자치시 나성동,집합,한누리대로,일반상업,업무,25m이상,256.88, ,"72,145",3,201805,23, ,2015,
세종특별자치시 나성동,집합,한누리대로,일반상업,제1종근린생활,25m이상,128.16, ,"50,036",2,201805,25, ,2015,
세종특별자치시 나성동,집합,한누리대로,일반상업,제2종근린생활,25m이상,109.2, ,"44,488",2,201805,25, ,2015,
세종특별자치시 나성동,집합,한누리대로,일반상업,제1종근린생활,25m이상,274.29, ,"137,562",2,201805,25, ,2015,
세종특별자치시 나성동,집합,한누리대로,일반상업,업무,25m이상,149.07, ,"35,427",3,201805,25, ,2015,
세종특별자치시 나성동,집합,한누리대로,일반상업,제1종근린생활,25m이상,112.6, ,"134,929",1,201805,25, ,2015,
세종특별자치시 나성동,집합,나성로,일반상업,제2종근린생활,25m미만,91.92, ,"24,206",7,201806,20, ,2016,
세종특별자치시 나성동,집합,나성로,일반상업,제2종근린생활,25m미만,133.14, ,"35,059",7,201806,20, ,2016,
세종특별자치시 나성동,집합,나성로,일반상업,제1종근린생활,25m미만,48.72, ,"68,229",,201806,27, ,2018,
세종특별자치시 나성동,집합,나성북1로,근린상업,제1종근린생활,25m이상,85.64, ,"38,841",2,201806,28, ,2017,
세종특별자치시 나성동,집합,국세청로,근린상업,제1종근린생활,25m이상,62.24, ,"28,500",,201806,29, ,2016,
세종특별자치시 나성동,집합,나성로,일반상업,제1종근린생활,25m미만,39.39, ,"69,500",1,201807,4, ,2015,
세종특별자치시 나성동,집합,한누리대로,중심상업,제1종근린생활,25m이상,38.33, ,"30,000",1,201807,7, ,2015,
세종특별자치시 나성동,집합,나성로,중심상업,제1종근린생활,25m미만,42.32, ,"82,000",1,201807,9, ,2017,
세종특별자치시 나성동,집합,나성로,중심상업,제1종근린생활,25m미만,40.18, ,"32,300",2,201807,23, ,2017,
세종특별자치시 나성동,집합,한누리대로,중심상업,제2종근린생활,25m이상,42.44, ,"86,045",1,201808,3, ,2016,
세종특별자치시 나성동,집합,한누리대로,중심상업,업무,25m이상,111.92, ,"37,500",3,201808,13, ,2016,
세종특별자치시 나성동,집합,한누리대로,중심상업,제2종근린생활,25m이상,156.84, ,"62,580",4,201808,21, ,2015,
세종특별자치시 나성동,집합,나성로,중심상업,제1종근린생활,25m미만,60.35, ,"24,289",4,201809,10, ,2017,
세종특별자치시 나성동,집합,한누리대로,중심상업,업무,25m이상,46.79, ,"58,000",1,201810,4, ,2013,
세종특별자치시 나성동,집합,한누리대로,중심상업,업무,25m이상,99.76, ,"48,500",2,201810,7, ,2013,
세종특별자치시 나성동,집합,한누리대로,중심상업,제2종근린생활,25m이상,35.75, ,"43,760",1,201810,18, ,2017,
세종특별자치시 나성동,집합,한누리대로,중심상업,제2종근린생활,25m이상,37.43, ,"47,300",1,201810,18, ,2017,
세종특별자치시 나성동,집합,한누리대로,중심상업,판매,25m이상,41.18, ,"44,990",1,201810,18, ,2017,
세종특별자치시 나성동,집합,한누리대로,중심상업,제2종근린생활,25m이상,142.19, ,"60,000",2,201812,12, ,2013,
세종특별자치시 나성동,집합,한누리대로,중심상업,제1종근린생활,25m이상,58.11, ,"152,685",,201812,13, ,2017,
세종특별자치시 나성동,집합,한누리대로,중심상업,제1종근린생활,25m이상,99.22, ,"22,000",5,201812,20, ,2013,
세종특별자치시 나성동,집합,한누리대로,중심상업,교육연구,25m이상,86.45, ,"28,000",4,201812,28, ,2015,
세종특별자치시 대평동,집합,대평1길,제2종일반주거,제2종근린생활,-,33.59, ,"47,000",1,201803,18, ,2017,
세종특별자치시 도담동,집합,보듬3로,일반상업,제2종근린생활,25m미만,30.29, ,"42,240",1,201801,30, ,2015,
세종특별자치시 도담동,집합,보듬3로,일반상업,제2종근린생활,25m미만,15.4, ,"20,308",1,201801,30, ,2015,
세종특별자치시 도담동,집합,보듬4로,제2종일반주거,제1종근린생활,25m이상,18.67, ,"18,000",1,201802,28, ,2014,
세종특별자치시 도담동,집합,-,일반상업,제1종근린생활,25m이상,40.59, ,"48,000",1,201802,28, ,2014,
세종특별자치시 도담동,집합,한누리대로,일반상업,제1종근린생활,25m이상,177.28, ,"48,731",4,201803,21, ,2015,
세종특별자치시 도담동,집합,보듬4로,일반상업,판매,25m이상,28.11, ,"28,076",,201804,2, ,2017,
세종특별자치시 도담동,집합,보듬4로,일반상업,판매,25m이상,36.57, ,"44,393",,201804,2, ,2017,
세종특별자치시 도담동,집합,보듬3로,일반상업,제2종근린생활,25m미만,230.05, ,"58,000",5,201804,6, ,2015,
세종특별자치시 도담동,집합,보듬3로,일반상업,판매,25m이상,31.28, ,"63,100",1,201804,18, ,2014,
세종특별자치시 도담동,집합,보듬3로,일반상업,판매,25m이상,102.76, ,"63,500",2,201804,19, ,2014,
세종특별자치시 도담동,집합,다솜1로,제2종일반주거,제2종근린생활,25m미만,22.26, ,"21,500",1,201804,26, ,2014,
세종특별자치시 도담동,집합,보듬3로,일반상업,제2종근린생활,25m이상,31.5, ,"57,200",1,201805,2, ,2014,
세종특별자치시 도담동,집합,다솜1로,제2종일반주거,제2종근린생활,25m미만,33.6, ,"70,000",1,201806,4, ,2015,
세종특별자치시 도담동,집합,다솜1로,제2종일반주거,제2종근린생활,25m미만,22.26, ,"17,500",1,201806,15, ,2014,
세종특별자치시 도담동,집합,-,일반상업,판매,-,33.64, ,"40,000",,201806,24, ,2017,
세종특별자치시 도담동,집합,보듬3로,일반상업,판매,25m이상,96.41, ,"77,000",2,201806,28, ,2014,
세종특별자치시 도담동,집합,보듬3로,일반상업,제1종근린생활,25m이상,40.59, ,"50,520",1,201808,3, ,2014,
세종특별자치시 도담동,집합,한누리대로,일반상업,제1종근린생활,25m이상,105.53, ,"55,000",2,201808,8, ,2014,
세종특별자치시 도담동,집합,보듬4로,일반상업,판매,25m이상,50.34, ,"31,000",,201809,14, ,2017,
세종특별자치시 도담동,집합,보듬4로,일반상업,제2종근린생활,25m이상,47.47, ,"14,000",,201810,29, ,2017,
세종특별자치시 도담동,집합,보듬4로,일반상업,제1종근린생활,25m이상,21.33, ,"23,541",1,201811,16, ,2017,
세종특별자치시 부강면 갈산리,일반,갈산웃골길,계획관리,기타,8m미만,151.2,884,"18,800",,201803,29, ,2003,
세종특별자치시 부강면 노호리,일반,노호등곡로,보전관리,제2종근린생활,8m미만,362.52,1415,"33,195",,201807,11, ,2015,
세종특별자치시 부강면 문곡리,일반,부강외천로,계획관리,제1종근린생활,12m미만,165,992,"70,000",,201801,20, ,2005,
세종특별자치시 부강면 부강리,일반,부강로,일반상업,제1종근린생활,25m미만,450.12,636,"148,000",,201801,23, ,2013,
세종특별자치시 부강면 부강리,일반,부강로,일반상업,제2종근린생활,25m미만,78.58,116,"27,000",,201804,3, ,2015,
세종특별자치시 부강면 부강리,일반,시장길,일반상업,숙박,12m미만,923.85,450,"70,000",,201807,9, ,1993,
세종특별자치시 부강면 부강리,일반,부강로,제2종일반주거,제1종근린생활,25m미만,1173.84,556,"195,000",,201812,15, ,2006,
세종특별자치시 소정면 고등리,일반,매실로,계획관리,제2종근린생활,12m미만,144,725,"36,560",,201802,9, ,2014,
세종특별자치시 아름동,집합,아름서1길,일반상업,제1종근린생활,25m미만,44.13, ,"68,298",1,201801,10, ,2016,
세종특별자치시 아름동,집합,-,근린상업,판매,25m미만,84.24, ,"36,500",,201801,14, ,2014,
세종특별자치시 아름동,집합,-,근린상업,판매,25m미만,84.24, ,"36,500",,201801,14, ,2014,
세종특별자치시 아름동,집합,-,근린상업,판매,25m미만,49.68, ,"83,000",,201801,16, ,2014,
세종특별자치시 아름동,집합,-,근린상업,판매,25m미만,42.12, ,"69,000",,201801,16, ,2014,
세종특별자치시 아름동,집합,-,근린상업,제1종근린생활,25m미만,84.4, ,"22,500",4,201801,20, ,2014,
세종특별자치시 아름동,일반,달빛1로,제1종전용주거,제2종근린생활,25m미만,493.79,346.6,"190,000",,201802,6, ,2015,
세종특별자치시 아름동,집합,-,근린상업,교육연구,25m이상,126.36, ,"36,000",6,201802,11, ,2014,
세종특별자치시 아름동,집합,-,근린상업,교육연구,25m미만,114.24, ,"33,685",,201802,13, ,2014,
세종특별자치시 아름동,집합,-,근린상업,교육연구,25m미만,140.52, ,"41,315",,201802,13, ,2014,
세종특별자치시 아름동,집합,보듬3로,근린상업,제2종근린생활,12m미만,72.71, ,"29,500",3,201803,25, ,2013,
세종특별자치시 아름동,집합,-,근린상업,교육연구,25m이상,168.48, ,"49,000",5,201803,30, ,2014,
세종특별자치시 아름동,집합,보듬3로,일반상업,제1종근린생활,25m미만,53.4, ,"110,000",1,201804,23, ,2015,
세종특별자치시 아름동,집합,보듬3로,근린상업,제1종근린생활,12m미만,34.65, ,"44,000",1,201805,7, ,2013,
세종특별자치시 아름동,집합,보듬3로,근린상업,제1종근린생활,25m이상,165.24, ,"66,700",,201806,30, ,2014,
세종특별자치시 아름동,집합,아름서1길,일반상업,제1종근린생활,25m이상,153.18, ,"107,406",3,201807,18, ,2017,
세종특별자치시 아름동,집합,세종로,일반상업,제2종근린생활,25m미만,91.49, ,"45,080",6,201808,16, ,2016,
세종특별자치시 아름동,집합,세종로,일반상업,제2종근린생활,25m미만,67.93, ,"27,460",6,201808,16, ,2016,
세종특별자치시 아름동,집합,세종로,일반상업,제2종근린생활,25m미만,67.93, ,"27,460",6,201808,16, ,2016,
세종특별자치시 아름동,집합,달빛로,제1종전용주거,제2종근린생활,12m미만,120.56, ,"58,500",2,201808,20, ,2014,
세종특별자치시 아름동,집합,달빛로,제1종전용주거,제1종근린생활,12m미만,109.21, ,"97,500",1,201808,20, ,2014,
세종특별자치시 아름동,집합,달빛로,제1종전용주거,기타,12m미만,205.65, ,"39,000",,201808,20, ,2014,
세종특별자치시 아름동,집합,-,근린상업,제1종근린생활,25m미만,82.74, ,"25,500",4,201809,20, ,2014,
세종특별자치시 아름동,집합,보듬3로,근린상업,제1종근린생활,25m미만,181.08, ,"44,500",,201810,13, ,2014,
세종특별자치시 아름동,집합,세종로,일반상업,제2종근린생활,25m미만,91.49, ,"49,000",2,201810,18, ,2016,
세종특별자치시 아름동,집합,보듬3로,근린상업,제1종근린생활,25m미만,84.4, ,"35,000",4,201811,23, ,2014,
세종특별자치시 아름동,집합,-,근린상업,교육연구,25m미만,87.57, ,"22,571",,201812,16, ,2014,
세종특별자치시 아름동,집합,-,근린상업,교육연구,25m미만,103.09, ,"26,305",6,201812,16, ,2014,
세종특별자치시 아름동,집합,-,근린상업,교육연구,25m미만,84.24, ,"23,000",,201812,18, ,2014,
세종특별자치시 어진동,집합,절재로,중심상업,제1종근린생활,25m이상,135.72, ,"55,000",4,201802,14, ,2015,
세종특별자치시 어진동,집합,도움8로,중심상업,제2종근린생활,25m이상,25, ,"3,319",,201803,1, ,2013,
세종특별자치시 어진동,집합,갈매로,중심상업,업무,25m이상,24.75, ,"10,290",61,201803,12, ,2016,
세종특별자치시 어진동,집합,갈매로,중심상업,업무,25m이상,25.74, ,"10,400",61,201804,4, ,2016,
세종특별자치시 어진동,집합,절재로,중심상업,제1종근린생활,25m이상,139.2, ,"48,500",4,201805,17, ,2015,
세종특별자치시 어진동,집합,절재로,중심상업,제1종근린생활,25m이상,274.92, ,"100,000",5,201807,3, ,2015,
세종특별자치시 어진동,집합,가름로,중심상업,업무,25m이상,13.56, ,"4,511",,201807,4, ,2016,
세종특별자치시 어진동,집합,가름로,중심상업,업무,25m이상,17.56, ,"5,849",,201807,4, ,2016,
세종특별자치시 어진동,집합,갈매로,중심상업,업무,25m이상,25.74, ,"10,160",40,201807,25, ,2016,
세종특별자치시 어진동,집합,갈매로,중심상업,업무,25m이상,24.75, ,"10,110",51,201807,31, ,2016,
세종특별자치시 어진동,집합,도움8로,중심상업,제2종근린생활,25m이상,48.8, ,"79,100",1,201808,9, ,2014,
세종특별자치시 어진동,집합,갈매로,중심상업,제2종근린생활,25m이상,70.32, ,"55,370",20,201808,13, ,2016,
세종특별자치시 어진동,집합,가름로,중심상업,판매,25m이상,40.95, ,"31,209",2,201809,3, ,2018,
세종특별자치시 어진동,집합,가름로,중심상업,판매,25m이상,25.35, ,"19,319",2,201809,3, ,2018,
세종특별자치시 어진동,집합,가름로,중심상업,판매,25m이상,26.65, ,"52,495",1,201809,3, ,2018,
세종특별자치시 어진동,집합,가름로,중심상업,판매,25m이상,24.05, ,"18,137",2,201809,3, ,2018,
세종특별자치시 어진동,집합,가름로,중심상업,판매,25m이상,24.05, ,"18,137",2,201809,3, ,2018,
세종특별자치시 어진동,집합,가름로,중심상업,판매,25m이상,40.95, ,"86,469",1,201809,3, ,2018,
세종특별자치시 어진동,집합,가름로,중심상업,판매,25m이상,25.35, ,"54,499",1,201809,3, ,2018,
세종특별자치시 어진동,집합,가름로,중심상업,판매,25m이상,26.65, ,"54,495",1,201809,3, ,2018,
세종특별자치시 어진동,집합,가름로,중심상업,판매,25m이상,40.95, ,"89,005",1,201809,3, ,2018,
세종특별자치시 어진동,집합,다솜로,제2종일반주거,제1종근린생활,25m미만,23.8, ,"17,000",1,201809,18, ,2013,
세종특별자치시 어진동,집합,가름로,중심상업,판매,25m이상,26.04, ,"35,897",,201809,21, ,2018,
세종특별자치시 어진동,집합,한누리대로,중심상업,제2종근린생활,25m이상,51.73, ,"14,750",2,201810,10, ,2014,
세종특별자치시 어진동,집합,한누리대로,중심상업,제2종근린생활,25m이상,51.73, ,"14,750",2,201810,10, ,2014,
세종특별자치시 어진동,집합,가름로,중심상업,판매,25m이상,40.95, ,"90,795",1,201810,12, ,2018,
세종특별자치시 어진동,집합,가름로,중심상업,판매,25m이상,40.95, ,"80,669",1,201810,12, ,2018,
세종특별자치시 어진동,집합,가름로,중심상업,판매,25m이상,40.95, ,"90,795",1,201810,12, ,2018,
세종특별자치시 어진동,일반,절재로,중심상업,제1종근린생활,25m이상,45615.69,13457.4,"13,312,000",,201810,26, ,2014,
세종특별자치시 어진동,집합,가름로,중심상업,판매,25m이상,40.95, ,"30,621",2,201810,31, ,2018,
세종특별자치시 어진동,집합,가름로,중심상업,판매,25m이상,40.95, ,"35,576",2,201810,31, ,2018,
세종특별자치시 어진동,집합,가름로,중심상업,판매,25m이상,40.95, ,"35,576",2,201810,31, ,2018,
세종특별자치시 어진동,집합,가름로,중심상업,판매,25m이상,40.95, ,"30,621",2,201810,31, ,2018,
세종특별자치시 어진동,집합,가름로,중심상업,업무,25m이상,51.66, ,"16,000",3,201811,23, ,2016,
세종특별자치시 어진동,집합,가름로,중심상업,제1종근린생활,25m미만,52.26, ,"80,308",1,201812,5, ,2015,
세종특별자치시 어진동,집합,가름로,중심상업,제2종근린생활,25m미만,55.24, ,"83,183",1,201812,6, ,2015,
세종특별자치시 어진동,집합,가름로,중심상업,제2종근린생활,25m미만,55.24, ,"86,617",1,201812,6, ,2015,
세종특별자치시 어진동,집합,가름로,중심상업,제1종근린생활,25m이상,95.14, ,"36,355",,201812,13, ,2016,
세종특별자치시 어진동,집합,가름로,중심상업,제1종근린생활,25m이상,84.61, ,"35,938",,201812,13, ,2016,
세종특별자치시 어진동,집합,가름로,중심상업,제1종근린생활,25m이상,84.61, ,"35,938",,201812,13, ,2016,
세종특별자치시 어진동,집합,가름로,중심상업,제1종근린생활,25m이상,84.61, ,"35,887",,201812,13, ,2016,
세종특별자치시 어진동,집합,가름로,중심상업,제1종근린생활,25m이상,78.62, ,"34,816",,201812,13, ,2016,
세종특별자치시 어진동,집합,가름로,중심상업,제1종근린생활,25m이상,46.67, ,"70,950",,201812,27, ,2016,
세종특별자치시 연기면 보통리,일반,잣띠길,계획관리,제1종근린생활,8m미만,92.76,154,"13,500",,201807,24, ,1977,
세종특별자치시 연동면 노송리,일반,송암로,계획관리,교육연구,12m미만,2848.39,7411,"550,000",,201807,3, ,2014,
세종특별자치시 연동면 명학리,집합,태산로,계획관리,제1종근린생활,12m미만,108, ,"30,000",1,201802,10, ,2001,
세종특별자치시 연서면 봉암리,일반,당산로,계획관리,제2종근린생활,12m미만,301.82,393,"76,000",,201808,22, ,2012,
세종특별자치시 연서면 봉암리,일반,함박로,계획관리,제1종근린생활,12m미만,130.5,824,"57,270",,201810,13, ,2005,
세종특별자치시 연서면 봉암리,일반,함박로,계획관리,제2종근린생활,12m미만,130.5,824,"57,270",,201810,13, ,2005,
세종특별자치시 연서면 와촌리,일반,용연로,계획관리,제1종근린생활,12m미만,97.88,300,"10,600",,201808,9, ,2000,
세종특별자치시 연서면 월하리,일반,도원로,제2종일반주거,제2종근린생활,12m미만,357.65,604,"80,000",,201801,2, ,2011,
세종특별자치시 연서면 월하리,일반,세종로,자연녹지,제2종근린생활,8m미만,70,340,"31,350",,201801,23, ,2014,
세종특별자치시 연서면 월하리,일반,세종로,자연녹지,제2종근린생활,25m이상,644.1,584,"107,800",,201802,8, ,1995,
세종특별자치시 장군면 금암리,일반,외암길,생산관리,제2종근린생활,25m미만,100.62,495,"48,000",,201807,10, ,1998,
세종특별자치시 장군면 봉안리,일반,장척로,계획관리,제1종근린생활,12m미만,453.4,571,"230,000",,201801,6, ,2015,
세종특별자치시 장군면 봉안리,일반,월현윗길,계획관리,제1종근린생활,8m미만,290,739,"78,500",,201801,29, ,2016,
세종특별자치시 장군면 봉안리,일반,장척로,계획관리,제2종근린생활,12m미만,426.9,536,"192,000",,201802,5, ,2014,
세종특별자치시 장군면 봉안리,일반,월현윗길,계획관리,제2종근린생활,8m미만,67.5,640,"48,500",,201805,29, ,2017,
세종특별자치시 장군면 봉안리,일반,월현윗길,계획관리,제2종근린생활,8m미만,329.44,496,"40,000",,201806,28, ,2016,
세종특별자치시 장군면 은용리,일반,산학리길,계획관리,제2종근린생활,8m미만,372.79,744,"158,000",,201801,19, ,2014,
세종특별자치시 전동면 노장리,일반,전동로,계획관리,제2종근린생활,8m미만,130.56,231,"20,000",,201803,26, ,1994,
세종특별자치시 전의면 관정리,일반,대추리길,농림,제2종근린생활,8m미만,198,1253,"27,200",,201810,22, ,2016,
세종특별자치시 전의면 달전리,일반,윗다락골길,계획관리,제1종근린생활,8m미만,85.1,430,"5,500",,201812,31, ,2010,
세종특별자치시 전의면 서정리,일반,-,계획관리,판매,12m미만,195.61,496,"45,000",,201808,1, ,2015,
세종특별자치시 전의면 읍내리,일반,읍내길,일반상업,제1종근린생활,25m미만,197.03,474,"70,000",,201809,9, ,1982,
세종특별자치시 전의면 읍내리,일반,만세길,일반상업,제2종근린생활,8m미만,106.18,251,"30,000",,201810,12, ,1925,
세종특별자치시 조치원읍 교리,일반,문화로,제2종일반주거,교육연구,25m미만,159.37,132.9,"25,511",,201802,6, ,,
세종특별자치시 조치원읍 남리,일반,으뜸길,제2종일반주거,제1종근린생활,12m미만,45.27,89,"7,290",,201805,17, ,1941,
세종특별자치시 조치원읍 명리,일반,새내8길,제2종일반주거,제1종근린생활,12m미만,681.71,492,"131,000",,201804,13, ,2014,
세종특별자치시 조치원읍 번암리,집합,군청로,제2종일반주거,제2종근린생활,8m미만,32.1, ,"14,000",1,201802,25, ,1989,
세종특별자치시 조치원읍 번암리,집합,허만석로,제2종일반주거,제1종근린생활,8m미만,194.64, ,"71,000",3,201807,9, ,2018,
세종특별자치시 조치원읍 번암리,집합,허만석로,제2종일반주거,제1종근린생활,8m미만,133.92, ,"56,300",3,201807,9, ,2018,
세종특별자치시 조치원읍 번암리,집합,허만석로,제2종일반주거,제2종근린생활,8m미만,89.57, ,"150,000",1,201808,30, ,2018,
세종특별자치시 조치원읍 상리,일반,-,일반상업,제1종근린생활,12m미만,148.16,79,"28,000",,201803,16, ,1979,
세종특별자치시 조치원읍 상리,일반,조치원로,준주거,제2종근린생활,25m미만,581.38,318,"120,000",,201806,18, ,2014,
세종특별자치시 조치원읍 서창리,일반,충현로,자연녹지,제2종근린생활,25m미만,297,496,"55,000",,201801,8, ,1996,
세종특별자치시 조치원읍 서창리,일반,세종로,제2종일반주거,제2종근린생활,25m이상,988.52,421,"200,000",,201804,16, ,2012,
세종특별자치시 조치원읍 서창리,일반,내창1길,준주거,제2종근린생활,12m미만,150.1,215,"44,000",,201805,23, ,2009,
세종특별자치시 조치원읍 신안리,일반,신안새동네길,제2종일반주거,기타,25m이상,4864.08,1658,"440,000",,201805,13, ,1993,
세종특별자치시 조치원읍 신안리,집합,운주산로,제2종일반주거,제2종근린생활,12m미만,16.74, ,"3,200",,201810,11, ,1987,
세종특별자치시 조치원읍 원리,일반,조치원8길,일반상업,제2종근린생활,8m미만,149.9,56.2,"16,000",,201801,3, ,1984,
세종특별자치시 조치원읍 원리,일반,조치원8길,일반상업,제2종근린생활,8m미만,149.9,56.2,"16,000",,201802,27, ,1984,
세종특별자치시 조치원읍 원리,일반,조치원5길,일반상업,제1종근린생활,12m미만,168.53,97.2,"35,000",,201803,16, ,1972,
세종특별자치시 조치원읍 원리,일반,조치원로,일반상업,제1종근린생활,25m미만,137.94,74,"40,000",,201808,21, ,1970,
세종특별자치시 조치원읍 원리,일반,조치원8길,일반상업,제1종근린생활,8m미만,111,181,"46,670",,201812,31, ,1924,
세종특별자치시 조치원읍 정리,일반,조치원8길,일반상업,제1종근린생활,25m미만,165.49,119,"34,000",,201802,5, ,1983,
세종특별자치시 조치원읍 정리,일반,으뜸길,일반상업,제1종근린생활,12m미만,140.58,179,"19,084",,201802,19, ,1973,
세종특별자치시 조치원읍 정리,일반,새내8길,준주거,제1종근린생활,25m미만,516.16,170,"95,000",,201802,26, ,1986,
세종특별자치시 조치원읍 정리,일반,새내로,일반상업,제2종근린생활,25m미만,350.87,165,"62,000",,201805,18, ,1992,
세종특별자치시 조치원읍 정리,집합,새내8길,준주거,판매,12m미만,56.75, ,"13,500",1,201806,27, ,1998,
세종특별자치시 조치원읍 정리,일반,장안길,일반상업,제1종근린생활,12m미만,90.29,112.5,"7,000",,201808,7, ,1983,
세종특별자치시 조치원읍 죽림리,집합,도원로,제2종일반주거,제1종근린생활,25m미만,66.96, ,"19,500",2,201802,22, ,2008,
세종특별자치시 조치원읍 죽림리,집합,도원로,제2종일반주거,제1종근린생활,25m미만,46.44, ,"8,500",3,201803,24, ,2008,
세종특별자치시 조치원읍 죽림리,집합,도원로,제2종일반주거,제1종근린생활,25m미만,46.44, ,"8,500",3,201803,24, ,2008,
세종특별자치시 조치원읍 죽림리,일반,죽림로,일반상업,제2종근린생활,25m미만,166.81,170,"55,000",,201805,17, ,1998,
세종특별자치시 조치원읍 침산리,일반,행복7길,제2종일반주거,제2종근린생활,12m미만,110,273.1,"38,000",,201801,8, ,2008,
세종특별자치시 조치원읍 침산리,집합,충현로,제3종일반주거,제1종근린생활,25m미만,21.78, ,"6,000",1,201805,26, ,1999,
세종특별자치시 조치원읍 침산리,일반,행복7길,제2종일반주거,제2종근린생활,12m미만,292.5,539.3,"62,000",,201808,4, ,2007,
세종특별자치시 종촌동,집합,도움3로,근린상업,제1종근린생활,25m이상,45.32, ,"89,000",,201803,3, ,2014,
세종특별자치시 종촌동,집합,도움1로,제2종일반주거,제1종근린생활,25m미만,32, ,"39,000",1,201803,24, ,2014,
세종특별자치시 종촌동,집합,도움1로,근린상업,판매,25m미만,21.42, ,"25,000",1,201803,25, ,2015,
세종특별자치시 종촌동,집합,도움3로,근린상업,제2종근린생활,25m이상,100.51, ,"40,800",,201805,5, ,2014,
세종특별자치시 종촌동,집합,도움1로,근린상업,제2종근린생활,25m미만,41.42, ,"60,000",,201805,11, ,2015,
세종특별자치시 종촌동,집합,도움1로,근린상업,판매,25m미만,34.44, ,"33,850",1,201805,14, ,2015,
세종특별자치시 종촌동,집합,도움1로,근린상업,판매,25m미만,34.44, ,"33,850",1,201805,14, ,2015,
세종특별자치시 종촌동,집합,도움1로,근린상업,교육연구,25m미만,168.6, ,"63,000",5,201806,1, ,2015,
세종특별자치시 종촌동,집합,도움1로,근린상업,교육연구,25m미만,158.22, ,"59,000",5,201806,1, ,2015,
세종특별자치시 종촌동,집합,도움1로,근린상업,판매,25m미만,77.17, ,"39,000",3,201807,9, ,2015,
세종특별자치시 종촌동,집합,도움3로,제2종일반주거,제2종근린생활,25m미만,31.68, ,"65,000",1,201807,12, ,2015,
세종특별자치시 종촌동,집합,도움1로,제2종일반주거,제2종근린생활,25m이상,28.77, ,"43,500",1,201812,3, ,2014,
세종특별자치시 한솔동,집합,노을3로,준주거,제2종근린생활,25m미만,61.87, ,"29,500",1,201801,10, ,2011,
세종특별자치시 한솔동,집합,누리로,제2종일반주거,제1종근린생활,25m이상,36.96, ,"33,500",,201801,13, ,2012,
세종특별자치시 한솔동,집합,누리로,제2종일반주거,제2종근린생활,25m이상,23.56, ,"20,000",1,201801,20, ,2012,
세종특별자치시 한솔동,집합,노을3로,준주거,업무,25m미만,65.75, ,"36,000",1,201804,19, ,2011,
세종특별자치시 한솔동,집합,노을3로,준주거,제1종근린생활,25m미만,50.91, ,"19,500",1,201805,1, ,2011,
세종특별자치시 한솔동,집합,노을3로,준주거,제2종근린생활,25m미만,87.6, ,"29,300",1,201805,1, ,2011,
세종특별자치시 한솔동,집합,누리1로,제1종전용주거,제2종근린생활,25m미만,88.52, ,"38,200",2,201806,14, ,2014,
세종특별자치시 한솔동,집합,노을3로,준주거,제2종근린생활,25m미만,82.12, ,"27,000",1,201808,17, ,2011,
세종특별자치시 한솔동,집합,노을3로,준주거,업무,25m미만,112.45, ,"50,400",4,201809,5, ,2013,
세종특별자치시 한솔동,집합,노을3로,준주거,업무,25m미만,125.51, ,"54,600",4,201809,5, ,2013,
세종특별자치시 한솔동,집합,나리1로,제2종일반주거,제1종근린생활,25m미만,33.75, ,"30,000",1,201810,1, ,2011,
세종특별자치시 한솔동,집합,나리1로,제2종일반주거,제1종근린생활,25m미만,33.75, ,"36,000",1,201811,16, ,2011,
세종특별자치시 고운동,집합,마음로,근린상업,제2종근린생활,25m미만,78.77, ,"25,000",20,201901,15, ,2016,
세종특별자치시 고운동,집합,마음로,근린상업,제2종근린생활,25m미만,78.77, ,"25,000",20,201901,15, ,2016,
세종특별자치시 고운동,집합,마음로,제2종일반주거,제2종근린생활,25m미만,33.62, ,"39,000",,201903,4, ,2015,
세종특별자치시 고운동,집합,고운서길,근린상업,제1종근린생활,25m미만,120.75, ,"40,700",2,201903,13, ,2015,
세종특별자치시 고운동,집합,마음로,근린상업,제2종근린생활,25m미만,96.8, ,"55,000",3,201903,14, ,2015,
세종특별자치시 고운동,집합,세종로,제1종전용주거,제1종근린생활,-,54.32, ,"23,430",3,201903,22, ,2019,
세종특별자치시 고운동,집합,세종로,제1종전용주거,제1종근린생활,-,47.39, ,"104,728",1,201904,3, ,2019,
세종특별자치시 고운동,집합,마음안로,제2종일반주거,제2종근린생활,25m미만,35.78, ,"35,500",1,201904,12, ,2015,
세종특별자치시 고운동,집합,마음로,제2종일반주거,제2종근린생활,25m미만,69.83, ,"37,395",2,201904,24, ,2018,
세종특별자치시 고운동,집합,마음안1로,근린상업,제2종근린생활,25m미만,86.58, ,"21,000",2,201904,27, ,2015,
세종특별자치시 고운동,집합,마음로,근린상업,교육연구,25m미만,82.6, ,"18,460",5,201908,1, ,2015,
세종특별자치시 고운동,집합,고운서길,근린상업,교육연구,25m미만,93.06, ,"45,642",3,201909,18, ,2016,
세종특별자치시 고운동,집합,마음안1로,제2종일반주거,제2종근린생활,25m미만,36.75, ,"30,000",,201910,16, ,2015,
세종특별자치시 고운동,집합,고운뜰7길,제1종전용주거,제2종근린생활,-,68.87, ,"129,049",1,201910,20, ,2019,
세종특별자치시 고운동,집합,고운뜰7길,제1종전용주거,제2종근린생활,-,55.38, ,"100,591",1,201910,20, ,2019,
세종특별자치시 고운동,집합,고운서길,근린상업,제2종근린생활,25m미만,98.61, ,"29,803",8,201910,25, ,2015,
세종특별자치시 고운동,집합,마음로,제2종일반주거,제1종근린생활,25m미만,50.94, ,"21,000",,201911,2, ,2018,
세종특별자치시 고운동,집합,마음로,근린상업,제2종근린생활,25m미만,128.27, ,"57,000",,201911,26, ,2015,
세종특별자치시 고운동,집합,마음로,근린상업,제2종근린생활,25m미만,49.2, ,"20,500",,201911,26, ,2015,
세종특별자치시 고운동,집합,마음로,근린상업,제2종근린생활,25m미만,49.2, ,"20,500",,201911,26, ,2015,
세종특별자치시 고운동,집합,마음로,근린상업,교육연구,25m미만,97.25, ,"21,000",6,201912,23, ,2015,
세종특별자치시 금남면 감성리,일반,감성길,제1종일반주거,제2종근린생활,8m미만,89.46,800,"50,000",,201904,23, ,1941,
세종특별자치시 금남면 도남리,일반,도남1길,계획관리,제1종근린생활,12m미만,320.57,324,"49,000",,201903,4, ,2014,
세종특별자치시 금남면 영곡리,일반,성덕영곡길,계획관리,제2종근린생활,8m미만,18,345,300,,201902,1, ,2005,
세종특별자치시 금남면 영곡리,일반,한양궁길,계획관리,제1종근린생활,8m미만,255.6,692,"29,000",,201902,26, ,2004,
세종특별자치시 금남면 용포리,일반,가동길,제2종일반주거,제2종근린생활,8m미만,149.84,263,"42,000",,201901,22, ,2016,
세종특별자치시 나성동,집합,한누리대로,중심상업,업무,25m이상,90.21, ,"20,000",3,201901,1, ,2013,
세종특별자치시 나성동,집합,한누리대로,중심상업,업무,25m이상,90.21, ,"20,000",3,201901,2, ,2013,
세종특별자치시 나성동,집합,한누리대로,중심상업,제1종근린생활,25m이상,26.07, ,"11,900",7,201901,3, ,2015,
세종특별자치시 나성동,집합,나성남로,중심상업,제2종근린생활,25m미만,171.32, ,"58,650",5,201901,23, ,2016,
세종특별자치시 나성동,집합,한누리대로,중심상업,업무,25m이상,46.52, ,"16,500",8,201901,26, ,2015,
세종특별자치시 나성동,집합,한누리대로,중심상업,업무,25m이상,111.92, ,"37,900",4,201902,11, ,2016,
세종특별자치시 나성동,집합,한누리대로,중심상업,업무,25m이상,109.4, ,"37,100",4,201902,11, ,2016,
세종특별자치시 나성동,집합,한누리대로,중심상업,제1종근린생활,25m이상,37.55, ,"85,000",1,201902,28, ,2016,
세종특별자치시 나성동,집합,나성북로,중심상업,제1종근린생활,25m미만,52.73, ,"80,000",1,201903,4, ,2016,
세종특별자치시 나성동,집합,한누리대로,중심상업,제1종근린생활,25m이상,121.15, ,"54,093",3,201903,8, ,2015,
세종특별자치시 나성동,집합,한누리대로,중심상업,업무,25m이상,119.95, ,"28,000",3,201903,25, ,2013,
세종특별자치시 나성동,집합,한누리대로,중심상업,제1종근린생활,25m이상,58.11, ,"152,390",1,201903,29, ,2017,
세종특별자치시 나성동,집합,나성로,중심상업,판매,-,20.32, ,"52,500",1,201905,26, ,2018,
세종특별자치시 나성동,집합,나성북1로,중심상업,제1종근린생활,25m이상,196.64, ,"71,440",7,201906,4, ,2016,
세종특별자치시 나성동,집합,나성북1로,중심상업,제1종근린생활,25m이상,186.17, ,"67,630",7,201906,4, ,2016,
세종특별자치시 나성동,집합,나성북1로,중심상업,제1종근린생활,25m이상,93.28, ,"33,900",7,201906,4, ,2016,
세종특별자치시 나성동,집합,나성북1로,중심상업,제1종근린생활,25m이상,44.18, ,"61,600",8,201906,4, ,2016,
세종특별자치시 나성동,집합,나성북1로,중심상업,제1종근린생활,25m이상,191.98, ,"64,200",8,201906,4, ,2016,
세종특별자치시 나성동,집합,나성북1로,중심상업,제1종근린생활,25m이상,97.94, ,"32,600",8,201906,4, ,2016,
세종특별자치시 나성동,집합,나성북1로,중심상업,제1종근린생활,25m이상,129.48, ,"47,030",7,201906,4, ,2016,
세종특별자치시 나성동,집합,나성북로,중심상업,제1종근린생활,25m미만,76.34, ,"62,434",2,201906,17, ,2016,
세종특별자치시 나성동,집합,한누리대로,중심상업,판매,25m이상,49, ,"66,740",1,201906,20, ,2014,
세종특별자치시 나성동,집합,한누리대로,중심상업,판매,25m이상,63.06, ,"41,200",2,201906,20, ,2017,
세종특별자치시 나성동,집합,한누리대로,중심상업,제2종근린생활,25m이상,26.52, ,"43,600",1,201906,20, ,2017,
세종특별자치시 나성동,집합,한누리대로,중심상업,판매,25m이상,26.52, ,"45,000",1,201906,20, ,2017,
세종특별자치시 나성동,집합,한누리대로,중심상업,판매,25m이상,38.26, ,"75,100",1,201906,20, ,2017,
세종특별자치시 나성동,집합,한누리대로,중심상업,판매,25m이상,33.6, ,"40,250",1,201906,20, ,2014,
세종특별자치시 나성동,집합,한누리대로,중심상업,판매,25m이상,38.09, ,"74,800",1,201906,20, ,2017,
세종특별자치시 나성동,집합,한누리대로,중심상업,판매,25m이상,37.89, ,"74,400",1,201906,20, ,2017,
세종특별자치시 나성동,집합,한누리대로,중심상업,제2종근린생활,25m이상,48.91, ,"20,300",3,201906,20, ,2017,
세종특별자치시 나성동,집합,한누리대로,중심상업,제1종근린생활,25m이상,530.19, ,"226,819",,201906,20, ,2017,
세종특별자치시 나성동,집합,한누리대로,중심상업,판매,25m이상,37.96, ,"74,600",1,201906,20, ,2017,
세종특별자치시 나성동,집합,나성로,중심상업,제2종근린생활,25m미만,31.16, ,"60,700",1,201906,28, ,2017,
세종특별자치시 나성동,집합,한누리대로,중심상업,제1종근린생활,25m이상,51.84, ,"100,000",1,201907,30, ,2014,
세종특별자치시 나성동,집합,한누리대로,중심상업,제2종근린생활,25m이상,100.65, ,"30,020",7,201908,16, ,2016,
세종특별자치시 나성동,집합,나성로,중심상업,판매,-,43.63, ,"17,500",4,201908,21, ,2018,
세종특별자치시 나성동,집합,나성북로,중심상업,제2종근린생활,25m미만,13.53, ,"27,000",1,201909,30, ,2016,
세종특별자치시 나성동,집합,나성로,중심상업,제2종근린생활,25m미만,40.49, ,"91,000",1,201910,22, ,2016,
세종특별자치시 나성동,집합,한누리대로,중심상업,제2종근린생활,25m이상,50.62, ,"60,000",1,201910,29, ,2016,
세종특별자치시 나성동,집합,한누리대로,중심상업,업무,25m이상,79.66, ,"22,000",3,201910,31, ,2013,
세종특별자치시 나성동,집합,한누리대로,중심상업,업무,25m이상,109.96, ,"31,000",3,201911,1, ,2013,
세종특별자치시 나성동,집합,한누리대로,중심상업,제1종근린생활,25m이상,96.36, ,"29,700",,201911,11, ,2014,
세종특별자치시 나성동,집합,국세청로,중심상업,업무,25m이상,64.24, ,"28,500",,201912,9, ,2016,
세종특별자치시 나성동,집합,나성로,중심상업,제2종근린생활,25m미만,31.16, ,"61,000",1,201912,23, ,2017,
세종특별자치시 도담동,집합,한누리대로,일반상업,제1종근린생활,25m이상,51.66, ,"45,000",1,201901,28, ,2015,
세종특별자치시 도담동,집합,한누리대로,일반상업,제1종근린생활,25m이상,75.06, ,"113,000",1,201902,20, ,2015,
세종특별자치시 도담동,집합,한누리대로,일반상업,제2종근린생활,25m이상,135.88, ,"58,000",,201903,4, ,2015,
세종특별자치시 도담동,집합,보듬3로,일반상업,제2종근린생활,25m미만,49.05, ,"61,000",1,201904,13, ,2015,
세종특별자치시 도담동,집합,한누리대로,일반상업,제1종근린생활,25m이상,150.41, ,"47,500",3,201904,24, ,2014,
세종특별자치시 도담동,집합,한누리대로,일반상업,교육연구,25m이상,150.41, ,"33,500",,201905,18, ,2014,
세종특별자치시 도담동,집합,보듬4로,일반상업,제1종근린생활,25m이상,62.52, ,"20,000",,201906,14, ,2017,
세종특별자치시 도담동,집합,보듬3로,일반상업,제1종근린생활,25m미만,45.8, ,"66,000",1,201907,26, ,2015,
세종특별자치시 도담동,집합,한누리대로,일반상업,교육연구,25m이상,83.42, ,"16,000",7,201908,5, ,2014,
세종특별자치시 도담동,집합,한누리대로,일반상업,제1종근린생활,25m이상,50.68, ,"68,000",1,201909,10, ,2014,
세종특별자치시 도담동,집합,보듬4로,일반상업,제2종근린생활,25m이상,31.41, ,"37,934",,201910,16, ,2017,
세종특별자치시 도담동,집합,보듬4로,일반상업,제2종근린생활,25m이상,29.22, ,"35,066",,201910,16, ,2017,
세종특별자치시 도담동,집합,보듬4로,일반상업,제2종근린생활,25m이상,3.73, ,"1,387",,201911,27, ,2017,
세종특별자치시 도담동,집합,한누리대로,일반상업,제1종근린생활,25m미만,54.12, ,"65,500",1,201912,8, ,2015,
세종특별자치시 도담동,집합,보듬4로,일반상업,제2종근린생활,25m이상,38.28, ,"45,000",,201912,10, ,2017,
세종특별자치시 도담동,집합,보듬4로,일반상업,제2종근린생활,25m이상,29.32, ,"28,000",,201912,20, ,2017,
세종특별자치시 부강면 노호리,일반,시목부강로,보전관리,제1종근린생활,8m미만,178.21,904,"24,300",,201904,5, ,2014,
세종특별자치시 부강면 부강리,집합,원앙1길,계획관리,제1종근린생활,12m미만,65.25, ,"55,582",1,201902,8, ,2018,
세종특별자치시 부강면 부강리,집합,부강로,제2종일반주거,제1종근린생활,25m미만,48.29, ,"25,600",1,201903,2, ,2013,
세종특별자치시 부강면 부강리,집합,부강로,제2종일반주거,제1종근린생활,25m미만,175.24, ,"28,300",3,201903,2, ,2013,
세종특별자치시 부강면 부강리,집합,부강로,제2종일반주거,제1종근린생활,25m미만,171, ,"27,700",3,201903,2, ,2013,
세종특별자치시 부강면 부강리,집합,부강로,제2종일반주거,제1종근린생활,25m미만,175.24, ,"25,100",4,201903,2, ,2013,
세종특별자치시 부강면 부강리,집합,부강로,제2종일반주거,제1종근린생활,25m미만,171, ,"24,500",4,201903,2, ,2013,
세종특별자치시 부강면 부강리,집합,부강로,제2종일반주거,제1종근린생활,25m미만,51, ,"27,100",1,201903,2, ,2013,
세종특별자치시 부강면 부강리,집합,부강로,제2종일반주거,제1종근린생활,25m미만,48, ,"26,400",1,201903,2, ,2013,
세종특별자치시 부강면 부강리,집합,부강로,제2종일반주거,제1종근린생활,25m미만,48.55, ,"26,400",1,201903,2, ,2013,
세종특별자치시 부강면 부강리,집합,원앙1길,계획관리,판매,12m미만,65.25, ,"57,744",1,201903,29, ,2018,
세종특별자치시 부강면 부강리,집합,원앙1길,계획관리,판매,12m미만,67.86, ,"57,744",1,201903,29, ,2018,
세종특별자치시 부강면 부강리,일반,청연로,자연녹지,제2종근린생활,25m미만,30.53,175,"9,800",,201908,26, ,2015,
세종특별자치시 부강면 부강리,일반,부강외천로,제2종일반주거,제1종근린생활,12m미만,175.04,179,"44,000",,201909,6, ,1997,
세종특별자치시 부강면 부강리,일반,청연로,제2종일반주거,제2종근린생활,25m미만,1072.27,882,"130,000",,201910,7, ,1990,
세종특별자치시 소정면 대곡리,일반,작은황골길,생산관리,기타,8m미만,345.29,3372,"39,000",,201901,11, ,2006,
세종특별자치시 아름동,집합,아름서1길,일반상업,업무,25m미만,61.88, ,"23,520",6,201901,31, ,2018,
세종특별자치시 아름동,집합,아름서1길,일반상업,업무,25m미만,53.63, ,"20,335",6,201901,31, ,2018,
세종특별자치시 아름동,집합,아름서1길,일반상업,업무,25m미만,86.63, ,"34,276",6,201901,31, ,2018,
세종특별자치시 아름동,집합,아름서1길,일반상업,업무,25m미만,83.64, ,"31,949",6,201901,31, ,2018,
세종특별자치시 아름동,집합,아름서1길,일반상업,업무,25m미만,61.88, ,"23,520",6,201901,31, ,2018,
세종특별자치시 아름동,집합,아름서1길,일반상업,업무,25m미만,46.41, ,"16,223",6,201902,19, ,2018,
세종특별자치시 아름동,집합,아름서1길,일반상업,기타,25m이상,725.24, ,"520,000",,201903,5, ,2017,
세종특별자치시 아름동,집합,달빛1로,제2종일반주거,제1종근린생활,25m미만,47.72, ,"51,000",,201903,16, ,2015,
세종특별자치시 아름동,집합,-,근린상업,교육연구,25m미만,84.4, ,"16,948",,201903,18, ,2014,
세종특별자치시 아름동,집합,-,근린상업,판매,25m이상,42.12, ,"64,000",,201903,23, ,2014,
세종특별자치시 아름동,집합,아름서1길,일반상업,제1종근린생활,25m미만,49.6, ,"79,394",1,201906,13, ,2016,
세종특별자치시 아름동,집합,아름서1길,일반상업,제1종근린생활,25m미만,49.6, ,"79,394",1,201906,13, ,2016,
세종특별자치시 아름동,집합,-,근린상업,교육연구,25m이상,168.48, ,"45,000",6,201906,14, ,2014,
세종특별자치시 아름동,집합,-,근린상업,교육연구,25m미만,175.51, ,"50,000",6,201907,10, ,2014,
세종특별자치시 아름동,집합,아름서1길,일반상업,제1종근린생활,25m미만,120, ,"40,000",4,201907,26, ,2015,
세종특별자치시 아름동,집합,-,근린상업,판매,25m이상,42.12, ,"66,500",,201907,29, ,2014,
세종특별자치시 아름동,집합,-,근린상업,판매,25m미만,42.12, ,"65,000",1,201908,15, ,2014,
세종특별자치시 아름동,집합,-,근린상업,판매,-,42.12, ,"68,000",,201908,20, ,2014,
세종특별자치시 아름동,집합,-,근린상업,판매,25m이상,42.12, ,"67,000",,201910,28, ,2014,
세종특별자치시 아름동,집합,보듬3로,일반상업,제1종근린생활,25m이상,89.68, ,"42,030",7,201911,28, ,2016,
세종특별자치시 아름동,집합,보듬3로,일반상업,제1종근린생활,25m이상,241, ,"107,971",7,201911,28, ,2016,
세종특별자치시 아름동,집합,보듬3로,근린상업,교육연구,25m미만,82.74, ,"23,400",,201912,27, ,2014,
세종특별자치시 아름동,집합,보듬3로,근린상업,교육연구,25m미만,84.1, ,"22,600",,201912,27, ,2014,
세종특별자치시 어진동,집합,가름로,중심상업,업무,25m이상,52.33, ,"23,579",3,201901,21, ,2018,
세종특별자치시 어진동,집합,가름로,중심상업,업무,25m이상,62.66, ,"30,119",3,201901,21, ,2018,
세종특별자치시 어진동,집합,가름로,중심상업,제1종근린생활,25m이상,84.61, ,"35,887",,201901,22, ,2016,
세종특별자치시 어진동,집합,가름로,중심상업,제1종근린생활,25m이상,111, ,"39,687",,201901,22, ,2016,
세종특별자치시 어진동,집합,갈매로,중심상업,업무,25m이상,24.75, ,"9,980",51,201902,22, ,2016,
세종특별자치시 어진동,집합,-,일반상업,제2종근린생활,-,31.51, ,"17,000",31,201903,11, ,2016,
세종특별자치시 어진동,집합,가름로,중심상업,판매,25m이상,40.95, ,"43,879",2,201904,2, ,2018,
세종특별자치시 어진동,집합,가름로,중심상업,제1종근린생활,25m이상,90.3, ,"70,000",3,201904,4, ,2016,
세종특별자치시 어진동,집합,갈매로,중심상업,업무,25m이상,24.75, ,"10,230",61,201904,18, ,2016,
세종특별자치시 어진동,집합,갈매로,중심상업,제1종근린생활,25m이상,55.18, ,"120,950",10,201905,3, ,2016,
세종특별자치시 어진동,집합,가름로,중심상업,제2종근린생활,25m이상,103.32, ,"40,604",,201905,9, ,2016,
세종특별자치시 어진동,집합,갈매로,중심상업,업무,25m이상,24.75, ,"10,360",61,201905,10, ,2016,
세종특별자치시 어진동,집합,가름로,중심상업,제1종근린생활,25m이상,51.98, ,"18,676",,201905,24, ,2016,
세종특별자치시 어진동,집합,가름로,중심상업,제1종근린생활,25m미만,48.86, ,"54,009",1,201906,8, ,2015,
세종특별자치시 어진동,집합,가름로,중심상업,제1종근린생활,25m미만,47.24, ,"55,126",1,201906,8, ,2015,
세종특별자치시 어진동,집합,가름로,중심상업,제1종근린생활,25m미만,40.43, ,"47,188",1,201906,8, ,2015,
세종특별자치시 어진동,집합,갈매로,중심상업,제1종근린생활,25m이상,24.75, ,"10,290",61,201906,10, ,2016,
세종특별자치시 어진동,집합,갈매로,중심상업,제1종근린생활,25m이상,153.66, ,"92,520",21,201906,17, ,2016,
세종특별자치시 어진동,집합,갈매로,중심상업,업무,25m이상,24.75, ,"9,500",61,201906,26, ,2016,
세종특별자치시 어진동,집합,절재로,중심상업,제1종근린생활,25m이상,134.75, ,"60,000",5,201907,18, ,2015,
세종특별자치시 어진동,집합,절재로,중심상업,제1종근린생활,25m이상,135.72, ,"59,000",4,201909,7, ,2015,
세종특별자치시 어진동,집합,가름로,중심상업,업무,25m이상,84.61, ,"33,893",,201910,21, ,2016,
세종특별자치시 어진동,집합,가름로,중심상업,업무,25m이상,84.61, ,"33,893",,201910,21, ,2016,
세종특별자치시 어진동,집합,갈매로,중심상업,업무,25m이상,65.52, ,"44,500",,201911,8, ,2017,
세종특별자치시 어진동,집합,가름로,중심상업,제2종근린생활,25m미만,54, ,"50,000",1,201911,20, ,2015,
세종특별자치시 어진동,집합,절재로,중심상업,제1종근린생활,25m이상,109.2, ,"55,000",2,201912,27, ,2015,
세종특별자치시 어진동,집합,절재로,중심상업,제1종근린생활,25m이상,109.2, ,"55,000",2,201912,27, ,2015,
세종특별자치시 연기면 수산리,일반,수산길,보전관리,제2종근린생활,8m미만,84.8,660,"25,000",,201912,1, ,2019,
세종특별자치시 연기면 수산리,일반,수왕로,보전관리,제2종근린생활,-,45,500,"15,000",,201912,25, ,2019,
세종특별자치시 연동면 내판리,일반,내판로,계획관리,제2종근린생활,8m미만,122.63,100,"20,750",,201902,7, ,1997,
세종특별자치시 연동면 내판리,일반,효자길,계획관리,제2종근린생활,8m미만,210,873,"118,000",,201905,24, ,2016,
세종특별자치시 연동면 내판리,일반,내판로,계획관리,제1종근린생활,8m미만,257.4,994,"76,800",,201908,24, ,2019,
세종특별자치시 연동면 응암리,일반,매바위길,계획관리,제2종근린생활,8m미만,165,857,"28,000",,201904,15, ,2019,
세종특별자치시 연동면 응암리,일반,청연로,계획관리,제2종근린생활,12m미만,184.14,660,"59,000",,201909,6, ,2015,
세종특별자치시 연서면 고복리,일반,도신고복로,자연환경보전,제2종근린생활,12m미만,306.68,619,"90,000",,201905,9, ,2016,
세종특별자치시 연서면 고복리,일반,복골길,자연환경보전,제2종근린생활,8m미만,156.72,487,"30,870",,201907,24, ,1996,
세종특별자치시 연서면 봉암리,일반,당산로,계획관리,제2종근린생활,12m미만,48.99,76,"14,000",,201904,30, ,1988,
세종특별자치시 연서면 봉암리,일반,당산로,계획관리,제2종근린생활,8m미만,89.28,658,"56,000",,201906,25, ,1999,
세종특별자치시 연서면 월하리,일반,당산로,계획관리,제2종근린생활,8m미만,2657.29,4975,"360,800",,201910,17, ,1971,
세종특별자치시 연서면 월하리,일반,월성로,자연녹지,기타,12m미만,1048.65,1850,"210,000",,201912,19, ,2006,
세종특별자치시 장군면 금암리,일반,외암길,계획관리,제2종근린생활,8m미만,460.2,1154,"55,000",,201907,8, ,2012,
세종특별자치시 장군면 도계리,일반,장척로,계획관리,제1종근린생활,12m미만,836.67,457,"87,400",,201911,23, ,1990,
세종특별자치시 장군면 도계리,일반,장기초교길,계획관리,제2종근린생활,12m미만,98.78,325,"65,000",,201911,28, ,2001,
세종특별자치시 장군면 봉안리,일반,당암길,보전관리,업무,8m미만,59.4,515,"33,300",,201905,20, ,2018,
세종특별자치시 장군면 봉안리,일반,장척로,계획관리,제2종근린생활,12m미만,426.9,536,"180,000",,201912,23, ,2014,
세종특별자치시 전동면 노장리,일반,운주산로,보전관리,제2종근린생활,12m미만,64.4,187,"12,000",,201902,18, ,2011,
세종특별자치시 전동면 노장리,일반,죽엽이길,보전관리,제1종근린생활,8m미만,126.24,6177,"21,000",,201908,6, ,1945,
세종특별자치시 전의면 다방리,일반,-,계획관리,제2종근린생활,8m미만,50.6,466,"3,030",,201903,11, ,1999,
세종특별자치시 전의면 동교리,집합,동신길,제2종일반주거,제2종근린생활,12m미만,21.78, ,"4,500",,201909,16, ,1950,
세종특별자치시 전의면 동교리,일반,운주산로,계획관리,제1종근린생활,12m미만,430.26,740,"57,000",,201909,20, ,2008,
세종특별자치시 전의면 동교리,집합,동신길,제2종일반주거,판매,12m미만,21.78, ,"3,100",,201909,25, ,1950,
세종특별자치시 전의면 신흥리,일반,사시리길,계획관리,제2종근린생활,8m미만,99.75,375,"11,000",,201906,28, ,2008,
세종특별자치시 전의면 읍내리,일반,장터길,일반상업,제1종근린생활,12m미만,148.3,340,"51,500",,201904,22, ,1960,
세종특별자치시 전의면 읍내리,일반,읍내길,제1종일반주거,제2종근린생활,12m미만,418.08,226,"42,493",,201907,29, ,1994,
세종특별자치시 전의면 읍내리,일반,읍내길,제2종일반주거,제1종근린생활,12m미만,70.38,134,"22,000",,201910,4, ,2008,
세종특별자치시 조치원읍 교리,일반,조치원5길,일반상업,제1종근린생활,12m미만,56.1,92.9,"13,000",,201901,29, ,1956,
세종특별자치시 조치원읍 교리,일반,조치원5길,일반상업,제2종근린생활,12m미만,197.64,201.3,"30,000",,201908,20, ,1986,
세종특별자치시 조치원읍 남리,일반,새내2길,제2종일반주거,제2종근린생활,25m미만,790.73,397.1,"73,000",,201906,19, ,2005,
세종특별자치시 조치원읍 남리,일반,장안로,제2종일반주거,제2종근린생활,25m미만,492.32,338,"52,500",,201911,21, ,2001,
세종특별자치시 조치원읍 명리,일반,새내8길,제2종일반주거,제1종근린생활,12m미만,217.3,127,"18,000",,201907,8, ,1993,
세종특별자치시 조치원읍 상리,일반,조치원로,일반상업,제1종근린생활,25m미만,122.59,112,"42,000",,201905,24, ,1981,
세종특별자치시 조치원읍 상리,일반,조치원로,준주거,제1종근린생활,25m미만,51.79,805,"156,613",,201910,25, ,1988,
세종특별자치시 조치원읍 상리,일반,문화로,준주거,제1종근린생활,25m미만,1465.8,356,"138,082",,201910,25, ,1985,
세종특별자치시 조치원읍 서창리,일반,내창2길,준주거,제2종근린생활,12m미만,321.05,381,"49,000",,201908,23, ,1995,
세종특별자치시 조치원읍 신안리,집합,섭골길,제2종일반주거,제2종근린생활,25m미만,44.8, ,"24,000",1,201903,21, ,2013,
세종특별자치시 조치원읍 신안리,일반,안터길,자연녹지,업무,8m미만,98,427,"42,000",,201905,27, ,2016,
세종특별자치시 조치원읍 신흥리,집합,이화1로,제2종일반주거,제2종근린생활,25m미만,35.28, ,"15,750",1,201902,14, ,2008,
세종특별자치시 조치원읍 신흥리,집합,이화1로,제2종일반주거,제2종근린생활,25m미만,36.59, ,"15,750",1,201902,14, ,2008,
세종특별자치시 조치원읍 신흥리,일반,대동학교길,제2종일반주거,제1종근린생활,25m미만,490.53,292,"77,000",,201902,28, ,1996,
세종특별자치시 조치원읍 신흥리,집합,이화1로,제2종일반주거,제2종근린생활,25m미만,35.28, ,"16,500",1,201904,17, ,2008,
세종특별자치시 조치원읍 신흥리,집합,이화1로,제2종일반주거,제2종근린생활,25m미만,35.28, ,"14,000",1,201904,18, ,2008,
세종특별자치시 조치원읍 신흥리,집합,대첩로,제2종일반주거,제1종근린생활,12m미만,46.8, ,"23,000",1,201910,29, ,2008,
세종특별자치시 조치원읍 신흥리,집합,대첩로,제2종일반주거,제1종근린생활,12m미만,52.8, ,"32,000",1,201911,5, ,2008,
세종특별자치시 조치원읍 신흥리,집합,대첩로,제2종일반주거,제1종근린생활,12m미만,51.6, ,"30,000",1,201911,13, ,2008,
세종특별자치시 조치원읍 신흥리,집합,대첩로,제2종일반주거,제2종근린생활,25m미만,218.73, ,"53,000",2,201911,21, ,2008,
세종특별자치시 조치원읍 신흥리,집합,대첩로,제2종일반주거,제1종근린생활,12m미만,46.8, ,"23,000",1,201912,18, ,2008,
세종특별자치시 조치원읍 원리,집합,새내로,일반상업,기타,25m미만,304.68, ,"42,036",6,201902,22, ,2018,
세종특별자치시 조치원읍 원리,일반,조치원2길,일반상업,제2종근린생활,25m미만,699.45,157.2,"86,453",,201903,19, ,1997,
세종특별자치시 조치원읍 원리,일반,조치원8길,일반상업,제1종근린생활,8m미만,110.67,180.67,"46,670",,201904,26, ,1924,
세종특별자치시 조치원읍 원리,일반,보람길,일반상업,숙박,8m미만,31.35,33,"2,700",,201905,28, ,1954,
세종특별자치시 조치원읍 원리,일반,으뜸길,일반상업,제2종근린생활,8m미만,499.06,201,"65,000",,201908,19, ,1972,
세종특별자치시 조치원읍 원리,일반,조치원6길,일반상업,제2종근린생활,8m미만,38.84,57.4,"20,100",,201909,18, ,1960,
세종특별자치시 조치원읍 원리,일반,조치원로,일반상업,제1종근린생활,25m미만,70.62,42.6,"43,900",,201912,5, ,1970,
세종특별자치시 조치원읍 정리,일반,새내10길,일반상업,제2종근린생활,25m미만,80.52,41.54,"4,300",,201903,13, ,1983,
세종특별자치시 조치원읍 정리,일반,새내로,준주거,제1종근린생활,25m미만,239.4,136,"38,000",,201905,20, ,1985,
세종특별자치시 조치원읍 정리,일반,새내로,준주거,제2종근린생활,25m미만,86.46,145,"40,400",,201905,20, ,1986,
세종특별자치시 조치원읍 죽림리,집합,도원로,제2종일반주거,제1종근린생활,25m미만,34.59, ,"25,000",,201903,5, ,2008,
세종특별자치시 조치원읍 죽림리,집합,군청로,일반상업,제2종근린생활,25m미만,181.53, ,"20,500",7,201907,1, ,2009,
세종특별자치시 조치원읍 죽림리,집합,도원로,제2종일반주거,제1종근린생활,25m미만,23.22, ,"12,000",1,201910,31, ,2008,
세종특별자치시 조치원읍 죽림리,집합,도원로,제2종일반주거,제1종근린생활,25m미만,66.96, ,"13,600",3,201911,11, ,2008,
세종특별자치시 조치원읍 죽림리,집합,도원로,제2종일반주거,제1종근린생활,25m미만,65.69, ,"12,600",3,201911,11, ,2008,
세종특별자치시 조치원읍 침산리,일반,충현로,제2종일반주거,제2종근린생활,8m미만,176.2,119,"23,500",,201905,4, ,1985,
세종특별자치시 조치원읍 침산리,일반,침산3길,제2종일반주거,제2종근린생활,25m미만,111.52,95,"37,350",,201912,12, ,2018,
세종특별자치시 종촌동,집합,달빛로,제2종일반주거,제1종근린생활,25m이상,72, ,"33,300",12,201902,28, ,2015,
세종특별자치시 종촌동,집합,도움3로,근린상업,제2종근린생활,25m미만,161.04, ,"52,000",3,201904,12, ,2014,
세종특별자치시 종촌동,집합,달빛로,근린상업,제1종근린생활,25m이상,122.91, ,"44,000",5,201906,21, ,2014,
세종특별자치시 종촌동,집합,도움3로,근린상업,제1종근린생활,25m이상,169.43, ,"90,000",5,201910,13, ,2014,
세종특별자치시 한솔동,집합,노을3로,준주거,제2종근린생활,25m미만,74.64, ,"116,000",,201901,4, ,2011,
세종특별자치시 한솔동,집합,노을3로,준주거,제1종근린생활,25m미만,76.11, ,"22,000",1,201901,16, ,2011,
세종특별자치시 한솔동,집합,누리로,제2종일반주거,제2종근린생활,25m이상,59.99, ,"48,000",1,201903,15, ,2012,
세종특별자치시 한솔동,집합,누리로,제2종일반주거,제2종근린생활,25m이상,43.53, ,"19,400",2,201907,16, ,2012,
세종특별자치시 고운동,집합,고운서길,근린상업,제2종근린생활,25m미만,95.04, ,"18,000",7,202001,1, ,2015,
세종특별자치시 고운동,집합,고운뜰7길,제1종전용주거,제1종근린생활,-,112.56, ,"70,823",2,202002,17, ,2019,
세종특별자치시 고운동,집합,고운서길,근린상업,제1종근린생활,25m미만,32.01, ,"85,151",1,202003,2, ,2015,
세종특별자치시 고운동,집합,마음안로,제2종일반주거,제2종근린생활,25m미만,33.81, ,"47,000",,202003,17, ,2015,
세종특별자치시 고운동,집합,마음안로,제2종일반주거,제2종근린생활,25m미만,32.2, ,"43,000",,202004,4, ,2015,
세종특별자치시 고운동,집합,마음로,제2종일반주거,제1종근린생활,25m미만,32.4, ,"31,000",,202004,10, ,2015,
세종특별자치시 고운동,집합,마음로,제2종일반주거,제1종근린생활,25m미만,32.4, ,"31,000",,202004,10, ,2015,
세종특별자치시 고운동,집합,마음로,근린상업,교육연구,25m미만,160.8, ,"28,613",6,202005,19, ,2016,
세종특별자치시 고운동,집합,마음로,근린상업,교육연구,25m미만,99.77, ,"17,120",6,202005,21, ,2016,
세종특별자치시 고운동,집합,마음로,근린상업,교육연구,25m미만,157.53, ,"26,750",6,202005,21, ,2016,
세종특별자치시 고운동,집합,고운서길,근린상업,제1종근린생활,25m미만,82.56, ,"11,000",7,202005,25, ,2015,
세종특별자치시 고운동,집합,고운서길,근린상업,제1종근린생활,25m미만,105.12, ,"20,000",7,202005,25, ,2015,
세종특별자치시 고운동,집합,고운서길,근린상업,제1종근린생활,25m미만,102.24, ,"20,000",7,202005,25, ,2015,
세종특별자치시 고운동,집합,마음로,근린상업,교육연구,25m미만,74.04, ,"11,073",6,202005,26, ,2016,
세종특별자치시 고운동,집합,고운뜰7길,제1종전용주거,제1종근린생활,-,56.49, ,"22,000",3,202006,1, ,2019,
세종특별자치시 고운동,일반,고운마을3길,제1종전용주거,제1종근린생활,25m미만,3.91,7.77,"1,479",,202007,8, ,2020,
세종특별자치시 고운동,집합,마음로,근린상업,제1종근린생활,25m미만,160.8, ,"40,868",8,202007,8, ,2016,
세종특별자치시 고운동,집합,마음로,근린상업,제1종근린생활,25m미만,99.77, ,"24,357",8,202007,8, ,2016,
세종특별자치시 고운동,집합,마음로,근린상업,제1종근린생활,25m미만,74.04, ,"18,818",8,202007,8, ,2016,
세종특별자치시 고운동,일반,고운마을3길,제1종전용주거,제1종근린생활,25m미만,3.33,6.63,"1,295",,202007,16, ,2020,
세종특별자치시 고운동,집합,마음로,근린상업,교육연구,25m미만,91.68, ,"18,000",6,202007,28, ,2015,
세종특별자치시 고운동,일반,고운마을3길,제1종전용주거,제1종근린생활,25m미만,4.32,8.5,"1,711",,202007,30, ,2020,
세종특별자치시 고운동,집합,마음안로,제2종일반주거,제2종근린생활,25m미만,30.6, ,"24,300",,202007,31, ,2015,
세종특별자치시 고운동,집합,고운서길,근린상업,제1종근린생활,25m미만,76.77, ,"16,653",6,202008,21, ,2015,
세종특별자치시 고운동,집합,고운서길,근린상업,제1종근린생활,25m미만,111.73, ,"25,459",6,202008,21, ,2015,
세종특별자치시 고운동,집합,고운서길,근린상업,제1종근린생활,25m미만,62, ,"14,301",6,202008,21, ,2015,
세종특별자치시 고운동,집합,마음안로,제1종전용주거,제2종근린생활,25m미만,26.46, ,"11,500",1,202008,22, ,2014,
세종특별자치시 고운동,집합,마음안로,제1종전용주거,제2종근린생활,25m미만,93.21, ,"38,000",2,202008,22, ,2014,
세종특별자치시 고운동,집합,마음안1로,근린상업,교육연구,25m미만,50.54, ,"17,000",6,202009,6, ,2015,
세종특별자치시 고운동,집합,-,일반상업,제1종근린생활,-,50.96, ,"15,010",5,202009,15, ,2019,
세종특별자치시 고운동,집합,-,일반상업,제1종근린생활,-,107.96, ,"37,047",5,202009,15, ,2019,
세종특별자치시 고운동,집합,-,일반상업,제1종근린생활,-,110.76, ,"37,976",5,202009,15, ,2019,
세종특별자치시 고운동,집합,-,일반상업,제1종근린생활,-,110.76, ,"35,226",5,202009,15, ,2019,
세종특별자치시 고운동,집합,마음로,근린상업,교육연구,25m미만,98.76, ,"21,000",6,202010,12, ,2015,
세종특별자치시 고운동,집합,마음안로,제2종일반주거,제2종근린생활,25m미만,27, ,"26,000",1,202010,16, ,2015,
세종특별자치시 고운동,집합,마음로,근린상업,제1종근린생활,25m미만,87.19, ,"33,630",,202010,30, ,2015,
세종특별자치시 고운동,집합,마음로,근린상업,제1종근린생활,25m미만,91.72, ,"35,370",,202010,30, ,2015,
세종특별자치시 고운동,집합,마음로,근린상업,제2종근린생활,25m미만,157.53, ,"39,572",8,202011,2, ,2016,
세종특별자치시 고운동,집합,마음로,근린상업,제1종근린생활,25m미만,91.72, ,"35,370",,202011,6, ,2015,20201204
세종특별자치시 고운동,집합,마음로,근린상업,제1종근린생활,25m미만,87.19, ,"33,630",,202011,6, ,2015,20201204
세종특별자치시 고운동,집합,마음로,근린상업,제2종근린생활,25m미만,129.7, ,"53,000",8,202011,23, ,2015,
세종특별자치시 고운동,집합,마음로,제2종일반주거,제1종근린생활,25m미만,44.29, ,"16,705",,202011,30, ,2018,
세종특별자치시 고운동,집합,마음로,제2종일반주거,제1종근린생활,25m미만,27, ,"32,305",,202011,30, ,2018,
세종특별자치시 고운동,집합,마음로,제2종일반주거,제1종근린생활,25m미만,27.36, ,"28,090",,202011,30, ,2018,
세종특별자치시 고운동,집합,마음로,제2종일반주거,제1종근린생활,25m미만,39.27, ,"40,406",,202011,30, ,2018,
세종특별자치시 고운동,집합,마음로,제2종일반주거,제1종근린생활,25m미만,58.95, ,"72,461",,202011,30, ,2018,
세종특별자치시 고운동,집합,마음로,제2종일반주거,제1종근린생활,25m미만,54.29, ,"20,483",,202011,30, ,2018,
세종특별자치시 고운동,집합,마음로,제2종일반주거,제1종근린생활,25m미만,43.18, ,"16,285",,202011,30, ,2018,
세종특별자치시 고운동,집합,마음로,제2종일반주거,제1종근린생활,25m미만,45.85, ,"17,293",,202011,30, ,2018,
세종특별자치시 고운동,집합,마음로,제2종일반주거,제1종근린생활,25m미만,46.44, ,"17,461",,202011,30, ,2018,
세종특별자치시 고운동,집합,마음로,제2종일반주거,제1종근린생활,25m미만,31.03, ,"36,374",,202011,30, ,2018,
세종특별자치시 고운동,집합,마음로,제2종일반주거,제2종근린생활,25m미만,40.77, ,"19,500",,202012,5, ,2019,
세종특별자치시 고운동,집합,고운서길,근린상업,제2종근린생활,25m미만,75.08, ,"23,587",2,202012,7, ,2015,
세종특별자치시 고운동,집합,고운서길,근린상업,제1종근린생활,25m미만,62, ,"13,837",5,202012,11, ,2015,
세종특별자치시 금남면 대박리,일반,대박길,제1종일반주거,제2종근린생활,8m미만,282.75,504,"95,000",,202012,2, ,2000,
세종특별자치시 금남면 부용리,일반,금병로,계획관리,제2종근린생활,8m미만,96,723,"91,458",,202008,18, ,2015,
세종특별자치시 금남면 영곡리,일반,성덕영곡길,계획관리,제2종근린생활,12m미만,176.36,928,"85,400",,202012,12, ,2011,
세종특별자치시 금남면 영치리,일반,영치안골길,자연녹지,제2종근린생활,8m미만,171.02,445,"69,100",,202007,18, ,2017,
세종특별자치시 금남면 원봉리,일반,원봉1길,생산관리,제2종근린생활,8m미만,140,829,"25,000",,202007,17, ,2004,
세종특별자치시 금남면 황용리,일반,금남구즉로,계획관리,제2종근린생활,12m미만,245.39,922,"235,300",,202009,15, ,2019,
세종특별자치시 금남면 황용리,일반,황용2길,자연녹지,제2종근린생활,8m미만,79.92,460,"27,000",,202012,28, ,2000,
세종특별자치시 나성동,집합,한누리대로,중심상업,업무,25m이상,119.23, ,"32,000",3,202002,20, ,2013,
세종특별자치시 나성동,집합,나성로,중심상업,제2종근린생활,-,20.34, ,"75,000",1,202002,22, ,2018,
세종특별자치시 나성동,집합,한누리대로,중심상업,제2종근린생활,25m이상,121.31, ,"37,000",8,202002,27, ,2016,
세종특별자치시 나성동,집합,한누리대로,중심상업,업무,25m이상,90.09, ,"25,000",3,202003,10, ,2013,20200313
세종특별자치시 나성동,집합,한누리대로,중심상업,업무,25m이상,90.09, ,"25,000",3,202003,10, ,2013,
세종특별자치시 나성동,집합,한누리대로,중심상업,제1종근린생활,25m이상,95.64, ,"54,000",2,202003,29, ,2016,
세종특별자치시 나성동,집합,한누리대로,중심상업,업무,25m이상,58.05, ,"12,000",6,202004,25, ,2015,
세종특별자치시 나성동,집합,나성로,중심상업,제2종근린생활,25m미만,48.14, ,"86,000",,202005,21, ,2016,
세종특별자치시 나성동,집합,한누리대로,중심상업,업무,25m이상,154.01, ,"39,000",3,202005,27, ,2013,
세종특별자치시 나성동,집합,한누리대로,중심상업,제1종근린생활,25m이상,57.26, ,"25,000",2,202005,28, ,2016,
세종특별자치시 나성동,집합,한누리대로,중심상업,제1종근린생활,25m이상,85.5, ,"38,000",2,202005,28, ,2016,
세종특별자치시 나성동,집합,나성로,중심상업,제1종근린생활,25m미만,43.32, ,"97,888",1,202006,18, ,2016,
세종특별자치시 나성동,집합,나성북로,중심상업,제1종근린생활,25m미만,51.82, ,"164,878",,202006,25, ,2016,
세종특별자치시 나성동,집합,나성북로,중심상업,제1종근린생활,25m미만,41.55, ,"132,966",,202006,25, ,2016,
세종특별자치시 나성동,집합,한누리대로,중심상업,업무,25m이상,111.92, ,"40,455",6,202007,2, ,2016,
세종특별자치시 나성동,집합,한누리대로,중심상업,업무,25m이상,111.92, ,"40,455",5,202007,2, ,2016,
세종특별자치시 나성동,집합,한누리대로,중심상업,업무,25m이상,109.4, ,"39,545",6,202007,2, ,2016,
세종특별자치시 나성동,집합,한누리대로,중심상업,업무,25m이상,109.4, ,"39,545",6,202007,2, ,2016,
세종특별자치시 나성동,집합,한누리대로,중심상업,업무,25m이상,82.77, ,"24,000",3,202008,4, ,2013,
세종특별자치시 나성동,집합,한누리대로,중심상업,기타,25m이상,146.59, ,"55,298",7,202008,14, ,2015,
세종특별자치시 나성동,집합,나성북로,중심상업,제1종근린생활,25m미만,78.39, ,"65,000",,202010,15, ,2016,
세종특별자치시 나성동,집합,한누리대로,중심상업,제1종근린생활,25m이상,44.24, ,"12,000",5,202010,15, ,2015,
세종특별자치시 나성동,집합,한누리대로,중심상업,제1종근린생활,25m이상,50.34, ,"16,000",5,202010,15, ,2015,
세종특별자치시 나성동,집합,나성북로,중심상업,제2종근린생활,25m미만,73.44, ,"46,322",3,202010,17, ,2016,
세종특별자치시 나성동,집합,한누리대로,중심상업,업무,25m이상,86.45, ,"26,000",6,202010,20, ,2015,
세종특별자치시 나성동,집합,나성북로,중심상업,제1종근린생활,25m미만,104.84, ,"52,000",6,202010,22, ,2016,
세종특별자치시 나성동,집합,나성북1로,중심상업,기타,25m미만,97.94, ,"30,885",8,202010,26, ,2016,
세종특별자치시 나성동,집합,나성북1로,중심상업,기타,25m미만,191.98, ,"60,540",8,202010,26, ,2016,
세종특별자치시 나성동,집합,나성북1로,중심상업,기타,25m미만,184.78, ,"58,269",8,202010,26, ,2016,
세종특별자치시 나성동,집합,나성북1로,중심상업,기타,25m미만,124.65, ,"39,307",8,202010,26, ,2016,
세종특별자치시 나성동,집합,나성로,중심상업,제1종근린생활,25m미만,100.99, ,"41,888",,202010,26, ,2016,
세종특별자치시 나성동,집합,나성로,중심상업,제1종근린생활,25m미만,100.99, ,"41,888",,202010,26, ,2016,
세종특별자치시 나성동,집합,나성로,중심상업,제1종근린생활,25m미만,100.99, ,"41,888",,202010,26, ,2016,
세종특별자치시 나성동,집합,나성로,중심상업,제1종근린생활,25m미만,140.37, ,"62,897",,202010,26, ,2016,
세종특별자치시 나성동,집합,나성로,중심상업,제1종근린생활,25m미만,143.5, ,"61,259",,202010,26, ,2016,
세종특별자치시 나성동,집합,나성로,중심상업,제1종근린생활,25m미만,78.84, ,"33,657",,202010,26, ,2016,
세종특별자치시 나성동,집합,나성로,중심상업,제1종근린생활,25m미만,105.4, ,"43,717",,202010,26, ,2016,
세종특별자치시 나성동,집합,나성로,중심상업,제1종근린생활,25m미만,109.1, ,"38,317",,202010,26, ,2016,
세종특별자치시 나성동,집합,나성북로,중심상업,제1종근린생활,25m미만,59.64, ,"24,700",3,202011,9, ,2016,
세종특별자치시 나성동,집합,한누리대로,중심상업,기타,25m이상,116.1, ,"45,700",8,202011,16, ,2015,
세종특별자치시 나성동,집합,나성로,중심상업,제1종근린생활,25m미만,53.76, ,"18,000",7,202011,25, ,2016,
세종특별자치시 나성동,집합,한누리대로,중심상업,업무,25m이상,84.64, ,"37,887",8,202012,3, ,2016,
세종특별자치시 나성동,집합,한누리대로,중심상업,제1종근린생활,25m이상,77.84, ,"135,000",1,202012,4, ,2015,20210115
세종특별자치시 나성동,집합,한누리대로,중심상업,제1종근린생활,25m이상,40.5, ,"39,500",1,202012,19, ,2015,
세종특별자치시 나성동,집합,나성로,중심상업,제2종근린생활,25m미만,31.96, ,"20,000",3,202012,31, ,2017,
세종특별자치시 대평동,집합,대평1길,제2종일반주거,제2종근린생활,-,29.93, ,"26,500",,202009,29, ,2017,
세종특별자치시 대평동,집합,대평3길,일반상업,제2종근린생활,-,89.33, ,"41,500",5,202012,5, ,2018,
세종특별자치시 도담동,집합,다솜1로,제2종일반주거,제2종근린생활,25m미만,33.82, ,"40,000",1,202002,19, ,2014,
세종특별자치시 도담동,집합,다솜1로,제2종일반주거,제2종근린생활,25m미만,33.82, ,"39,500",1,202002,19, ,2014,
세종특별자치시 도담동,집합,한누리대로,일반상업,제1종근린생활,25m이상,67.65, ,"12,000",2,202003,6, ,2015,20200506
세종특별자치시 도담동,집합,한누리대로,일반상업,제1종근린생활,25m이상,42.09, ,"21,300",1,202003,6, ,2015,20200506
세종특별자치시 도담동,집합,한누리대로,일반상업,제1종근린생활,25m이상,36.73, ,"20,000",1,202003,6, ,2015,20200506
세종특별자치시 도담동,집합,한누리대로,일반상업,제1종근린생활,25m이상,41.95, ,"24,000",1,202003,6, ,2015,20200506
세종특별자치시 도담동,집합,한누리대로,일반상업,제1종근린생활,25m이상,43.66, ,"22,000",1,202003,6, ,2015,20200506
세종특별자치시 도담동,집합,한누리대로,일반상업,제1종근린생활,25m이상,45.44, ,"23,000",1,202003,6, ,2015,20200506
세종특별자치시 도담동,집합,한누리대로,일반상업,제1종근린생활,25m이상,35.69, ,"6,700",2,202003,6, ,2015,20200506
세종특별자치시 도담동,집합,한누리대로,일반상업,제1종근린생활,25m이상,53.91, ,"31,000",1,202003,6, ,2015,20200506
세종특별자치시 도담동,집합,한누리대로,일반상업,제1종근린생활,25m이상,38.51, ,"20,000",1,202003,6, ,2015,20200506
세종특별자치시 도담동,집합,한누리대로,일반상업,제1종근린생활,25m이상,38.51, ,"20,000",1,202003,6, ,2015,20200506
세종특별자치시 도담동,집합,보듬3로,일반상업,제2종근린생활,25m미만,94.28, ,"36,000",2,202003,16, ,2013,
세종특별자치시 도담동,집합,보듬4로,제2종일반주거,제2종근린생활,25m이상,35.04, ,"30,000",1,202003,20, ,2015,
세종특별자치시 도담동,집합,한누리대로,일반상업,제1종근린생활,25m미만,51.66, ,"55,727",1,202003,23, ,2015,
세종특별자치시 도담동,집합,다솜1로,제2종일반주거,제2종근린생활,25m미만,33.6, ,"58,700",1,202003,30, ,2015,
세종특별자치시 도담동,집합,다솜1로,제2종일반주거,제2종근린생활,25m미만,67.2, ,"23,300",2,202003,30, ,2015,
세종특별자치시 도담동,집합,다솜1로,제2종일반주거,제1종근린생활,25m미만,77.14, ,"17,500",,202006,29, ,2014,
세종특별자치시 도담동,집합,다솜1로,제2종일반주거,제1종근린생활,25m미만,77.14, ,"17,500",,202006,29, ,2014,
세종특별자치시 도담동,집합,다솜1로,제2종일반주거,제1종근린생활,25m미만,77.14, ,"17,500",,202006,29, ,2014,
세종특별자치시 도담동,집합,다솜1로,제2종일반주거,제1종근린생활,25m미만,77.14, ,"17,500",,202006,29, ,2014,
세종특별자치시 도담동,집합,한누리대로,일반상업,제1종근린생활,25m미만,243.76, ,"61,085",4,202007,1, ,2015,
세종특별자치시 도담동,집합,보듬4로,일반상업,판매,25m이상,47.15, ,"27,000",2,202007,7, ,2017,
세종특별자치시 도담동,집합,보듬4로,일반상업,판매,25m이상,63.61, ,"58,534",,202007,23, ,2017,
세종특별자치시 도담동,집합,보듬4로,일반상업,판매,25m이상,61.86, ,"59,612",,202007,23, ,2017,
세종특별자치시 도담동,집합,보듬4로,일반상업,제2종근린생활,25m이상,43.89, ,"15,200",,202008,6, ,2017,
세종특별자치시 도담동,집합,한누리대로,일반상업,제1종근린생활,25m이상,25.35, ,"8,200",3,202009,24, ,2015,
세종특별자치시 도담동,집합,보듬4로,제2종일반주거,제2종근린생활,25m이상,35.04, ,"30,000",1,202010,17, ,2015,
세종특별자치시 도담동,집합,보듬4로,일반상업,판매,25m이상,34.93, ,"47,500",,202011,15, ,2017,
세종특별자치시 도담동,집합,보듬4로,제2종일반주거,제2종근린생활,25m미만,34.2, ,"19,000",1,202011,18, ,2014,
세종특별자치시 도담동,집합,보듬4로,일반상업,제2종근린생활,25m이상,73.41, ,"27,700",,202011,28, ,2017,
세종특별자치시 도담동,집합,보듬4로,일반상업,제2종근린생활,25m이상,55.14, ,"18,800",,202011,28, ,2017,
세종특별자치시 도담동,집합,한누리대로,일반상업,제1종근린생활,25m이상,115.75, ,"18,000",5,202012,12, ,2014,
세종특별자치시 도담동,집합,보듬3로,일반상업,판매,25m이상,32.73, ,"58,600",1,202012,12, ,2014,
세종특별자치시 도담동,집합,보듬4로,일반상업,판매,25m이상,28.65, ,"15,901",,202012,18, ,2017,
세종특별자치시 도담동,집합,보듬4로,제2종일반주거,제2종근린생활,25m이상,35.04, ,"22,000",1,202012,28, ,2015,
세종특별자치시 보람동,집합,한누리대로,일반상업,제2종근린생활,-,97.7, ,"49,000",2,202012,3, ,2016,
세종특별자치시 보람동,집합,한누리대로,일반상업,제1종근린생활,-,97.7, ,"28,500",6,202012,12, ,2016,
세종특별자치시 보람동,집합,한누리대로,일반상업,제1종근린생활,-,85.22, ,"29,416",8,202012,14, ,2016,
세종특별자치시 보람동,집합,호려울로,일반상업,제1종근린생활,-,118.27, ,"38,500",4,202012,23, ,2017,
세종특별자치시 보람동,집합,한누리대로,일반상업,제1종근린생활,-,98.48, ,"33,000",5,202012,26, ,2016,
세종특별자치시 부강면 갈산리,일반,갈산산수로,계획관리,제2종근린생활,8m미만,111.55,827,"47,000",,202010,14, ,2015,
세종특별자치시 부강면 금호리,일반,부강금호로,계획관리,제2종근린생활,12m미만,74,181,"8,751",,202002,19, ,2009,
세종특별자치시 부강면 금호리,일반,금호안골길,계획관리,제2종근린생활,8m미만,231,1057,"90,887",,202006,23, ,2014,
세종특별자치시 부강면 부강리,일반,부강1길,일반상업,제2종근린생활,25m미만,131.25,168,"61,000",,202002,21, ,2013,
세종특별자치시 부강면 부강리,일반,부강로,일반상업,제2종근린생활,25m미만,78.58,116,"30,000",,202007,22, ,2015,
세종특별자치시 부강면 부강리,일반,구들기길,계획관리,제1종근린생활,8m미만,113.09,330,"25,000",,202007,30, ,1993,20201007
세종특별자치시 부강면 부강리,일반,청연로,제2종일반주거,숙박,25m미만,1072.27,882,"150,000",,202009,10, ,1990,
세종특별자치시 부강면 부강리,일반,부촌길,일반상업,제2종근린생활,12m미만,149.74,460,"82,400",,202012,31, ,1991,20210129
세종특별자치시 부강면 행산리,일반,부용남이길,계획관리,제2종근린생활,8m미만,35.2,364,"15,500",,202010,19, ,2019,20201125
세종특별자치시 부강면 행산리,일반,부용남이길,계획관리,제2종근린생활,8m미만,35.2,364,"15,500",,202010,19, ,2019,
세종특별자치시 새롬동,집합,새롬중앙로,근린상업,판매,-,48, ,"70,000",1,202011,30, ,2017,
세종특별자치시 새롬동,집합,새롬중앙로,근린상업,제1종근린생활,-,92.4, ,"40,000",,202012,8, ,2017,
세종특별자치시 새롬동,집합,새롬중앙로,일반상업,제1종근린생활,-,92.4, ,"40,000",3,202012,8, ,2017,20210114
세종특별자치시 새롬동,집합,새롬중앙로,근린상업,제1종근린생활,-,137.84, ,"80,000",2,202012,11, ,2017,
세종특별자치시 소담동,집합,남세종로,제2종일반주거,제2종근린생활,-,36.98, ,"40,000",3,202007,30, ,2018,
세종특별자치시 소담동,집합,한누리대로,일반상업,교육연구,-,76.38, ,"29,200",,202012,4, ,2017,
세종특별자치시 소담동,집합,한누리대로,일반상업,제2종근린생활,-,82.34, ,"36,000",4,202012,25, ,2017,
세종특별자치시 소담동,집합,한누리대로,일반상업,업무,-,55.21, ,"21,352",6,202012,28, ,2017,
세종특별자치시 소담동,집합,한누리대로,일반상업,업무,-,84.8, ,"32,557",6,202012,28, ,2017,
세종특별자치시 소정면 소정리,집합,소정샘골길,계획관리,제2종근린생활,8m미만,32.32, ,"5,400",1,202012,29, ,1998,
세종특별자치시 아름동,집합,아름서1길,일반상업,업무,25m미만,46.41, ,"15,500",6,202001,7, ,2018,
세종특별자치시 아름동,집합,아름서1길,일반상업,업무,25m미만,46.41, ,"15,500",6,202001,7, ,2018,
세종특별자치시 아름동,집합,보듬3로,근린상업,판매,25m미만,42.8, ,"45,500",1,202001,14, ,2014,
세종특별자치시 아름동,집합,-,근린상업,판매,25m미만,42.9, ,"68,000",1,202003,7, ,2014,
세종특별자치시 아름동,집합,달빛1로,일반상업,교육연구,25m미만,72.48, ,"29,365",5,202003,15, ,2018,
세종특별자치시 아름동,집합,달빛1로,일반상업,교육연구,25m미만,81.6, ,"32,728",5,202003,15, ,2018,
세종특별자치시 아름동,집합,달빛1로,일반상업,교육연구,25m미만,137.64, ,"54,247",5,202003,15, ,2018,
세종특별자치시 아름동,집합,달빛1로,일반상업,교육연구,25m미만,64.67, ,"27,691",5,202003,15, ,2018,
세종특별자치시 아름동,집합,달빛1로,일반상업,교육연구,25m미만,55.46, ,"22,398",5,202003,15, ,2018,
세종특별자치시 아름동,집합,달빛1로,일반상업,교육연구,25m미만,74.54, ,"29,197",5,202003,15, ,2018,
세종특별자치시 아름동,집합,달빛1로,일반상업,교육연구,25m미만,78.21, ,"30,503",5,202003,15, ,2018,
세종특별자치시 아름동,집합,달빛1로,일반상업,교육연구,25m미만,62.41, ,"24,873",5,202003,15, ,2018,
세종특별자치시 아름동,집합,달빛1로,일반상업,교육연구,25m미만,112.59, ,"44,157",5,202003,15, ,2018,
세종특별자치시 아름동,집합,달빛1로,일반상업,교육연구,25m미만,69.22, ,"28,164",5,202003,15, ,2018,
세종특별자치시 아름동,집합,달빛1로,일반상업,교육연구,25m미만,107.64, ,"42,330",5,202003,15, ,2018,
세종특별자치시 아름동,집합,달빛1로,일반상업,교육연구,25m미만,113.08, ,"44,303",5,202003,15, ,2018,
세종특별자치시 아름동,집합,달빛1로,일반상업,교육연구,25m미만,82.08, ,"32,905",5,202003,15, ,2018,
세종특별자치시 아름동,집합,아름서길,일반상업,제1종근린생활,25m미만,95.94, ,"17,000",4,202003,19, ,2015,
세종특별자치시 아름동,집합,-,근린상업,제2종근린생활,25m미만,96.84, ,"21,500",2,202005,13, ,2014,
세종특별자치시 아름동,집합,아름서1길,일반상업,제2종근린생활,25m미만,49.6, ,"22,738",2,202005,13, ,2016,
세종특별자치시 아름동,집합,아름서1길,일반상업,업무,25m미만,49.98, ,"15,500",6,202006,22, ,2018,
세종특별자치시 아름동,집합,-,근린상업,제2종근린생활,25m미만,103.09, ,"24,000",2,202006,23, ,2014,
세종특별자치시 아름동,집합,-,근린상업,판매,25m미만,42.8, ,"67,000",,202007,15, ,2014,
세종특별자치시 아름동,집합,-,근린상업,제1종근린생활,25m미만,187.49, ,"42,500",4,202008,12, ,2014,
세종특별자치시 아름동,집합,아름서1길,일반상업,제2종근린생활,25m이상,197, ,"106,800",7,202008,21, ,2017,
세종특별자치시 아름동,집합,-,근린상업,교육연구,25m미만,82.25, ,"16,700",,202008,21, ,2014,
세종특별자치시 아름동,집합,아름서1길,일반상업,제2종근린생활,25m이상,147.82, ,"83,600",7,202008,21, ,2017,
세종특별자치시 아름동,집합,아름서1길,일반상업,제2종근린생활,25m이상,103.2, ,"57,500",7,202008,21, ,2017,
세종특별자치시 아름동,집합,아름서1길,일반상업,업무,25m이상,223.86, ,"129,849",7,202008,24, ,2017,
세종특별자치시 아름동,집합,보듬3로,근린상업,제2종근린생활,25m이상,95.6, ,"21,500",2,202009,15, ,2014,
세종특별자치시 아름동,집합,-,근린상업,교육연구,25m미만,84.24, ,"16,000",,202009,18, ,2014,
세종특별자치시 아름동,집합,-,근린상업,교육연구,25m미만,96.84, ,"18,000",,202009,18, ,2014,
세종특별자치시 아름동,집합,-,근린상업,판매,25m미만,85.07, ,"100,000",1,202011,6, ,2014,
세종특별자치시 아름동,집합,-,근린상업,교육연구,25m미만,103.09, ,"35,000",5,202011,9, ,2014,
세종특별자치시 아름동,집합,아름서1길,일반상업,업무,25m미만,37.38, ,"14,709",7,202012,14, ,2018,
세종특별자치시 어진동,집합,가름로,중심상업,업무,25m이상,104.53, ,"32,055",,202001,23, ,2016,
세종특별자치시 어진동,집합,절재로,중심상업,업무,25m이상,82.65, ,"30,000",,202002,15, ,2015,
세종특별자치시 어진동,집합,갈매로,중심상업,제2종근린생활,25m이상,39, ,"10,000",30,202002,21, ,2016,
세종특별자치시 어진동,집합,가름로,중심상업,제1종근린생활,25m미만,21.65, ,"23,470",1,202003,6, ,2015,
세종특별자치시 어진동,집합,가름로,중심상업,제1종근린생활,25m미만,35.24, ,"35,130",1,202003,6, ,2015,
세종특별자치시 어진동,집합,가름로,중심상업,제2종근린생활,25m미만,61.5, ,"59,065",1,202003,6, ,2015,
세종특별자치시 어진동,집합,가름로,중심상업,제2종근린생활,25m이상,93.47, ,"32,000",,202003,26, ,2016,
세종특별자치시 어진동,집합,갈매로,중심상업,업무,25m이상,63.7, ,"43,500",,202004,15, ,2017,
세종특별자치시 어진동,집합,절재로,중심상업,업무,25m이상,58.5, ,"17,800",7,202004,25, ,2015,
세종특별자치시 어진동,집합,갈매로,중심상업,제2종근린생활,25m이상,45.32, ,"57,000",1,202005,8, ,2014,
세종특별자치시 어진동,집합,절재로,중심상업,제1종근린생활,25m이상,68.64, ,"24,000",4,202005,16, ,2015,
세종특별자치시 어진동,집합,절재로,중심상업,제1종근린생활,25m이상,68.64, ,"24,000",4,202005,16, ,2015,20200608
세종특별자치시 어진동,집합,도움8로,중심상업,제2종근린생활,25m이상,44, ,"7,000",,202006,1, ,2013,
세종특별자치시 어진동,집합,가름로,중심상업,제1종근린생활,25m이상,48.41, ,"65,000",1,202006,17, ,2014,
세종특별자치시 어진동,집합,갈매로,중심상업,업무,25m이상,26.42, ,"9,500",41,202006,23, ,2016,
세종특별자치시 어진동,집합,갈매로,중심상업,업무,25m이상,24.75, ,"8,900",41,202006,23, ,2016,
세종특별자치시 어진동,집합,도움8로,중심상업,판매,25m이상,41.95, ,"73,500",,202006,25, ,2013,
세종특별자치시 어진동,집합,도움8로,중심상업,제2종근린생활,25m이상,43.96, ,"76,500",,202006,25, ,2013,
세종특별자치시 어진동,집합,갈매로,중심상업,제1종근린생활,25m이상,144.76, ,"37,265",31,202006,26, ,2016,
세종특별자치시 어진동,집합,갈매로,중심상업,업무,25m이상,72.6, ,"10,421",51,202006,26, ,2016,
세종특별자치시 어진동,집합,갈매로,중심상업,업무,25m이상,63.68, ,"8,958",51,202006,26, ,2016,
세종특별자치시 어진동,집합,갈매로,중심상업,업무,25m이상,24.75, ,"5,601",61,202006,26, ,2016,
세종특별자치시 어진동,집합,갈매로,중심상업,업무,25m이상,48.47, ,"10,907",61,202006,26, ,2016,
세종특별자치시 어진동,집합,갈매로,중심상업,업무,25m이상,24.75, ,"5,672",61,202006,26, ,2016,
세종특별자치시 어진동,집합,갈매로,중심상업,업무,25m이상,24.75, ,"5,672",61,202006,26, ,2016,
세종특별자치시 어진동,집합,갈매로,중심상업,업무,25m이상,25.74, ,"5,722",61,202006,26, ,2016,
세종특별자치시 어진동,집합,갈매로,중심상업,업무,25m이상,25.74, ,"5,722",61,202006,26, ,2016,
세종특별자치시 어진동,집합,갈매로,중심상업,업무,25m이상,62.87, ,"8,919",51,202006,26, ,2016,
세종특별자치시 어진동,집합,갈매로,중심상업,업무,25m이상,55.74, ,"8,018",51,202006,26, ,2016,
세종특별자치시 어진동,집합,갈매로,중심상업,업무,25m이상,68.56, ,"9,919",51,202006,26, ,2016,
세종특별자치시 어진동,집합,갈매로,중심상업,업무,25m이상,63.68, ,"9,125",61,202006,26, ,2016,
세종특별자치시 어진동,집합,갈매로,중심상업,업무,25m이상,62.87, ,"9,086",61,202006,26, ,2016,
세종특별자치시 어진동,집합,갈매로,중심상업,업무,25m이상,24.75, ,"5,634",61,202006,26, ,2016,
세종특별자치시 어진동,집합,갈매로,중심상업,업무,25m이상,24.75, ,"5,634",61,202006,26, ,2016,
세종특별자치시 어진동,집합,갈매로,중심상업,업무,25m이상,24.75, ,"5,601",61,202006,26, ,2016,
세종특별자치시 어진동,집합,갈매로,중심상업,업무,25m이상,25.74, ,"5,722",61,202006,26, ,2016,
세종특별자치시 어진동,집합,갈매로,중심상업,업무,25m이상,55.74, ,"8,168",61,202006,26, ,2016,
세종특별자치시 어진동,집합,갈매로,중심상업,판매,25m이상,40, ,"27,543",11,202006,26, ,2016,
세종특별자치시 어진동,집합,갈매로,중심상업,판매,25m이상,44.98, ,"47,624",11,202006,26, ,2016,
세종특별자치시 어진동,집합,갈매로,중심상업,판매,25m이상,48.35, ,"51,150",11,202006,26, ,2016,
세종특별자치시 어진동,집합,갈매로,중심상업,판매,25m이상,48.35, ,"16,032",11,202006,26, ,2016,
세종특별자치시 어진동,집합,갈매로,중심상업,판매,25m이상,38.63, ,"42,702",11,202006,26, ,2016,
세종특별자치시 어진동,집합,갈매로,중심상업,판매,25m이상,157.8, ,"45,131",21,202006,26, ,2016,
세종특별자치시 어진동,집합,갈매로,중심상업,판매,25m이상,63.47, ,"27,245",21,202006,26, ,2016,
세종특별자치시 어진동,집합,갈매로,중심상업,판매,25m이상,58.87, ,"24,349",,202006,26, ,2016,
세종특별자치시 어진동,집합,갈매로,중심상업,판매,25m이상,175.74, ,"32,863",21,202006,26, ,2016,
세종특별자치시 어진동,집합,갈매로,중심상업,판매,25m이상,68.42, ,"27,568",21,202006,26, ,2016,
세종특별자치시 어진동,집합,갈매로,중심상업,판매,25m이상,40.66, ,"22,603",11,202006,26, ,2016,
세종특별자치시 어진동,집합,갈매로,중심상업,판매,25m이상,44.94, ,"32,489",11,202006,26, ,2016,
세종특별자치시 어진동,집합,갈매로,중심상업,판매,25m이상,39, ,"26,898",11,202006,26, ,2016,
세종특별자치시 어진동,집합,갈매로,중심상업,판매,25m이상,52.17, ,"32,440",11,202006,26, ,2016,
세종특별자치시 어진동,집합,갈매로,중심상업,판매,25m이상,55.99, ,"40,266",11,202006,26, ,2016,
세종특별자치시 어진동,집합,갈매로,중심상업,판매,25m이상,54.45, ,"35,785",11,202006,26, ,2016,
세종특별자치시 어진동,집합,갈매로,중심상업,판매,25m이상,38.31, ,"35,025",11,202006,26, ,2016,
세종특별자치시 어진동,집합,갈매로,중심상업,판매,25m이상,45.98, ,"25,884",11,202006,26, ,2016,
세종특별자치시 어진동,집합,갈매로,중심상업,판매,25m이상,54.46, ,"32,376",11,202006,26, ,2016,
세종특별자치시 어진동,집합,갈매로,중심상업,판매,25m이상,54.42, ,"32,304",11,202006,26, ,2016,
세종특별자치시 어진동,집합,갈매로,중심상업,판매,25m이상,68.97, ,"40,814",11,202006,26, ,2016,
세종특별자치시 어진동,집합,갈매로,중심상업,판매,25m이상,94.3, ,"53,060",11,202006,26, ,2016,
세종특별자치시 어진동,집합,갈매로,중심상업,판매,25m이상,79.34, ,"44,604",11,202006,26, ,2016,
세종특별자치시 어진동,집합,갈매로,중심상업,판매,25m이상,42.52, ,"25,283",11,202006,26, ,2016,
세종특별자치시 어진동,집합,갈매로,중심상업,판매,25m이상,45.82, ,"38,441",11,202006,26, ,2016,
세종특별자치시 어진동,집합,갈매로,중심상업,업무,25m이상,72.6, ,"10,225",41,202006,26, ,2016,
세종특별자치시 어진동,집합,갈매로,중심상업,제2종근린생활,25m이상,132.28, ,"27,429",31,202006,26, ,2016,
세종특별자치시 어진동,집합,갈매로,중심상업,업무,25m이상,62.87, ,"8,755",41,202006,26, ,2016,
세종특별자치시 어진동,집합,갈매로,중심상업,제1종근린생활,25m이상,177.97, ,"34,038",31,202006,26, ,2016,
세종특별자치시 어진동,집합,갈매로,중심상업,제2종근린생활,25m이상,43.5, ,"9,396",31,202006,26, ,2016,
세종특별자치시 어진동,집합,갈매로,중심상업,제1종근린생활,25m이상,153.66, ,"27,019",31,202006,26, ,2016,
세종특별자치시 어진동,집합,갈매로,중심상업,제1종근린생활,25m이상,54.01, ,"12,703",31,202006,26, ,2016,
세종특별자치시 어진동,집합,도움8로,중심상업,제2종근린생활,25m이상,83.44, ,"32,000",3,202007,2, ,2014,
세종특별자치시 어진동,집합,가름로,중심상업,업무,25m이상,48.51, ,"15,000",,202007,10, ,2016,
세종특별자치시 어진동,집합,절재로,중심상업,제1종근린생활,25m이상,135.72, ,"38,000",8,202007,15, ,2015,
세종특별자치시 어진동,집합,갈매로,중심상업,업무,25m이상,24.75, ,"8,713",61,202007,28, ,2016,
세종특별자치시 어진동,집합,갈매로,중심상업,업무,25m이상,63.68, ,"19,488",51,202007,28, ,2016,
세종특별자치시 어진동,집합,갈매로,중심상업,판매,25m이상,53.3, ,"140,579",1,202008,1, ,2017,
세종특별자치시 어진동,집합,갈매로,중심상업,업무,25m이상,26.47, ,"10,000",51,202008,3, ,2016,
세종특별자치시 어진동,집합,가름로,중심상업,업무,25m이상,17.56, ,"5,900",,202008,5, ,2016,
세종특별자치시 어진동,집합,가름로,중심상업,업무,25m이상,13.56, ,"4,556",,202008,5, ,2016,
세종특별자치시 어진동,집합,갈매로,중심상업,업무,25m이상,24.75, ,"8,508",61,202008,6, ,2016,
세종특별자치시 어진동,집합,가름로,중심상업,제2종근린생활,25m이상,95.56, ,"35,200",,202008,8, ,2016,
세종특별자치시 어진동,집합,절재로,중심상업,업무,25m이상,82.65, ,"32,000",,202008,17, ,2015,
세종특별자치시 어진동,집합,가름로,중심상업,제2종근린생활,25m이상,42.12, ,"59,730",,202008,20, ,2016,
세종특별자치시 어진동,집합,가름로,중심상업,제2종근린생활,25m이상,42.15, ,"57,800",,202008,20, ,2016,20200928
세종특별자치시 어진동,집합,가름로,중심상업,제2종근린생활,25m이상,42.12, ,"59,730",,202008,20, ,2016,20200928
세종특별자치시 어진동,집합,가름로,중심상업,제2종근린생활,25m이상,42.15, ,"57,800",,202008,20, ,2016,
세종특별자치시 어진동,집합,절재로,중심상업,제1종근린생활,25m이상,135.72, ,"64,000",5,202008,22, ,2015,
세종특별자치시 어진동,집합,절재로,중심상업,제1종근린생활,25m이상,134.75, ,"80,000",3,202008,24, ,2015,
세종특별자치시 어진동,집합,갈매로,중심상업,업무,25m이상,24.75, ,"8,403",61,202009,4, ,2016,
세종특별자치시 어진동,집합,갈매로,중심상업,업무,25m이상,48.47, ,"16,377",61,202009,4, ,2016,
세종특별자치시 어진동,집합,갈매로,중심상업,업무,25m이상,24.75, ,"8,510",61,202009,4, ,2016,
세종특별자치시 어진동,집합,갈매로,중심상업,업무,25m이상,24.75, ,"8,510",61,202009,4, ,2016,
세종특별자치시 어진동,집합,갈매로,중심상업,업무,25m이상,24.75, ,"8,403",61,202009,4, ,2016,
세종특별자치시 어진동,집합,가름로,중심상업,업무,25m이상,49.56, ,"15,500",,202009,9, ,2016,
세종특별자치시 어진동,집합,갈매로,중심상업,제2종근린생활,25m이상,55.51, ,"85,000",1,202009,15, ,2014,
세종특별자치시 어진동,집합,갈매로,중심상업,업무,25m이상,25.74, ,"8,849",61,202009,24, ,2016,
세종특별자치시 어진동,집합,갈매로,중심상업,판매,25m이상,44.85, ,"54,500",11,202010,5, ,2016,
세종특별자치시 어진동,집합,갈매로,중심상업,업무,25m이상,62.87, ,"21,221",51,202010,30, ,2016,
세종특별자치시 어진동,집합,도움8로,중심상업,제2종근린생활,25m이상,97.6, ,"49,197",3,202011,3, ,2014,
세종특별자치시 어진동,집합,가름로,중심상업,업무,25m이상,84.61, ,"32,000",,202011,21, ,2016,
세종특별자치시 어진동,집합,갈매로,중심상업,업무,25m이상,25.74, ,"8,250",50,202011,23, ,2016,
세종특별자치시 어진동,집합,가름로,중심상업,업무,25m이상,48.51, ,"14,500",5,202012,2, ,2016,
세종특별자치시 어진동,집합,가름로,중심상업,업무,25m이상,48.51, ,"14,500",5,202012,2, ,2016,
세종특별자치시 어진동,집합,가름로,중심상업,업무,25m이상,45.15, ,"12,000",3,202012,5, ,2016,
세종특별자치시 어진동,집합,갈매로,중심상업,업무,25m이상,26.52, ,"8,000",,202012,8, ,2016,
세종특별자치시 어진동,집합,갈매로,중심상업,업무,25m이상,48.6, ,"17,928",60,202012,10, ,2016,
세종특별자치시 어진동,집합,다솜로,제2종일반주거,제2종근린생활,25m미만,36.12, ,"22,000",1,202012,11, ,2013,
세종특별자치시 어진동,집합,가름로,중심상업,판매,25m이상,61.36, ,"66,120",1,202012,30, ,2018,
세종특별자치시 어진동,집합,가름로,중심상업,판매,25m이상,67.93, ,"65,060",1,202012,30, ,2018,
세종특별자치시 어진동,집합,갈매로,중심상업,업무,25m이상,26.2, ,"10,100",40,202012,31, ,2016,
세종특별자치시 연동면 내판리,일반,새말다복동길,계획관리,기타,8m미만,53.82,306,"32,000",,202005,23, ,1990,
세종특별자치시 연동면 명학리,집합,태산로,계획관리,제2종근린생활,12m미만,54, ,"13,500",1,202010,5, ,2001,
세종특별자치시 연동면 명학리,집합,태산로,계획관리,제2종근린생활,12m미만,54, ,"13,500",1,202010,5, ,2001,20201127
세종특별자치시 연동면 응암리,일반,청연로,계획관리,제1종근린생활,12m미만,581,1379,"210,000",,202008,12, ,2015,20200924
세종특별자치시 연동면 응암리,일반,청연로,계획관리,제1종근린생활,12m미만,581,1379,"210,000",,202008,12, ,2015,
세종특별자치시 연서면 봉암리,일반,함박로,계획관리,제1종근린생활,12m미만,130.5,824,"75,000",,202002,14, ,2005,
세종특별자치시 연서면 봉암리,일반,봉암길,계획관리,제2종근린생활,12m미만,462.97,548,"130,000",,202007,30, ,2013,
세종특별자치시 연서면 봉암리,일반,봉암길,계획관리,제2종근린생활,12m미만,462.97,548,"130,000",,202007,30, ,2013,20200823
세종특별자치시 연서면 쌍류리,일반,비암로,생산관리,제2종근린생활,8m미만,84,1000,"33,560",,202003,7, ,2011,
세종특별자치시 연서면 월하리,일반,월성로,자연녹지,제2종근린생활,12m미만,115.92,598,"47,000",,202003,9, ,2019,
세종특별자치시 연서면 월하리,일반,월성로,준공업,제2종근린생활,12m미만,964.2,1023,"140,000",,202005,20, ,2010,
세종특별자치시 연서면 월하리,일반,작은창고개길,자연녹지,기타,8m미만,212.91,496,"35,000",,202010,16, ,2009,20201119
세종특별자치시 장군면 금암리,일반,외암길,생산관리,제1종근린생활,8m미만,51.4,167,"42,500",,202002,5, ,2017,
세종특별자치시 장군면 대교리,일반,금당9길,보전관리,제1종근린생활,-,82.53,413,"30,130",,202001,2, ,2020,
세종특별자치시 장군면 대교리,일반,금당7길,보전관리,제1종근린생활,8m미만,77.85,373,"28,240",,202001,2, ,2020,
세종특별자치시 장군면 대교리,일반,금당3길,보전관리,제1종근린생활,-,82.53,451,"30,710",,202001,17, ,2020,
세종특별자치시 장군면 대교리,일반,금당5길,보전관리,제1종근린생활,8m미만,82.53,413,"35,810",,202008,17, ,2020,20201014
세종특별자치시 장군면 대교리,일반,금당5길,보전관리,제1종근린생활,8m미만,82.53,413,"35,810",,202008,17, ,2020,
세종특별자치시 장군면 대교리,일반,금당9길,계획관리,제1종근린생활,8m미만,82.53,283,"36,360",,202008,24, ,2020,
세종특별자치시 장군면 대교리,일반,금당4길,보전관리,제1종근린생활,12m미만,147.77,290,"41,750",,202009,12, ,2017,
세종특별자치시 장군면 대교리,일반,금당9길,보전관리,판매,8m미만,82.53,413,"39,180",,202010,10, ,2020,
세종특별자치시 장군면 대교리,일반,금당7길,보전관리,제1종근린생활,8m미만,77.85,390,"38,240",,202010,29, ,2020,
세종특별자치시 장군면 도계리,일반,참시렁골길,계획관리,제2종근린생활,8m미만,84,233,"20,800",,202001,15, ,1997,
세종특별자치시 장군면 도계리,집합,장척로,계획관리,제2종근린생활,12m미만,138.72, ,"34,848",2,202005,26, ,2017,
세종특별자치시 장군면 도계리,집합,장척로,계획관리,제2종근린생활,12m미만,96.72, ,"52,744",1,202005,26, ,2017,
세종특별자치시 장군면 도계리,집합,장척로,계획관리,제2종근린생활,12m미만,96.72, ,"52,744",1,202005,26, ,2017,
세종특별자치시 장군면 도계리,집합,장척로,계획관리,제2종근린생활,12m미만,186.64, ,"46,886",2,202005,26, ,2017,
세종특별자치시 장군면 도계리,집합,장척로,계획관리,제2종근린생활,12m미만,64.26, ,"32,286",1,202005,26, ,2017,
세종특별자치시 장군면 도계리,집합,장척로,계획관리,제2종근린생활,12m미만,94.5, ,"52,957",1,202005,26, ,2017,
세종특별자치시 장군면 도계리,집합,장척로,계획관리,제2종근린생활,12m미만,78.75, ,"44,131",1,202005,26, ,2017,
세종특별자치시 장군면 도계리,집합,장척로,계획관리,제2종근린생활,12m미만,94.5, ,"23,739",2,202005,26, ,2017,
세종특별자치시 장군면 도계리,집합,장척로,계획관리,제2종근린생활,12m미만,78.75, ,"44,131",1,202005,26, ,2017,
세종특별자치시 장군면 도계리,집합,장척로,계획관리,제2종근린생활,12m미만,189, ,"47,479",2,202005,26, ,2017,
세종특별자치시 장군면 도계리,집합,장척로,계획관리,제2종근린생활,12m미만,91.8, ,"42,574",1,202005,26, ,2017,
세종특별자치시 장군면 도계리,집합,장척로,계획관리,제2종근린생활,12m미만,64.26, ,"32,286",1,202005,26, ,2017,
세종특별자치시 장군면 도계리,집합,장척로,계획관리,제2종근린생활,12m미만,78.75, ,"44,131",1,202005,26, ,2017,
세종특별자치시 장군면 도계리,집합,장척로,계획관리,제2종근린생활,12m미만,99.2, ,"24,968",2,202005,26, ,2017,
세종특별자치시 장군면 도계리,집합,장척로,계획관리,제2종근린생활,12m미만,99.2, ,"54,096",1,202005,26, ,2017,
세종특별자치시 장군면 봉안리,일반,월현윗길,계획관리,제2종근린생활,8m미만,140,712,"47,700",,202001,2, ,2016,
세종특별자치시 장군면 산학리,일반,병풍정길,계획관리,제2종근린생활,8m미만,67.65,558,"15,800",,202011,27, ,2020,
세종특별자치시 장군면 송문리,일반,문성1길,계획관리,제2종근린생활,8m미만,69.18,550,"25,000",,202007,22, ,2015,
세종특별자치시 장군면 송학리,일반,황미창말길,계획관리,제1종근린생활,8m미만,88.56,247,"13,417",,202010,15, ,,
세종특별자치시 장군면 은용리,일반,은용2길,계획관리,제2종근린생활,8m미만,99.16,592,"56,000",,202007,28, ,1998,
세종특별자치시 전동면 노장리,일반,중노장길,계획관리,제2종근린생활,8m미만,120.96,306,"23,000",,202007,7, ,2017,
세종특별자치시 전동면 노장리,일반,전동로,계획관리,제2종근린생활,8m미만,130.56,231,"27,000",,202007,25, ,1994,
세종특별자치시 전동면 송성리,일반,송성길,계획관리,제2종근린생활,8m미만,78.75,489,"18,460",,202012,9, ,1995,
세종특별자치시 전동면 송정리,일반,금이로,보전관리,기타,8m미만,861.88,1000,"100,000",,202001,20, ,2009,
세종특별자치시 전동면 청송리,일반,운주산로,보전관리,제2종근린생활,8m미만,96,792,"27,000",,202012,1, ,2020,
세종특별자치시 전의면 동교리,집합,동교동촌2길,제1종일반주거,기타,8m미만,115.09, ,"4,000",2,202001,23, ,1998,
세종특별자치시 전의면 동교리,일반,동교윗샘골길,자연녹지,제2종근린생활,8m미만,84.42,500,"44,000",,202004,30, ,1996,
세종특별자치시 전의면 동교리,일반,동교윗샘골길,자연녹지,제2종근린생활,8m미만,84.42,500,"41,000",,202004,30, ,1996,
세종특별자치시 전의면 동교리,일반,운주산로,제1종일반주거,제1종근린생활,12m미만,262.5,294,"53,500",,202010,13, ,2007,20201208
세종특별자치시 전의면 동교리,일반,운주산로,제1종일반주거,제1종근린생활,12m미만,262.5,294,"53,500",,202010,13, ,2007,
세종특별자치시 전의면 동교리,집합,동신길,제2종일반주거,제2종근린생활,12m미만,217.8, ,"7,000",,202011,18, ,1950,
세종특별자치시 전의면 동교리,집합,동신길,제2종일반주거,제2종근린생활,12m미만,21.78, ,"3,000",,202011,18, ,1950,
세종특별자치시 전의면 동교리,일반,의당전의로,자연녹지,제2종근린생활,12m미만,54,990,"80,730",,202012,27, ,2013,
세종특별자치시 전의면 읍내리,일반,운주산로,일반상업,제1종근린생활,8m미만,104.55,301,"40,000",,202008,8, ,1992,
세종특별자치시 전의면 읍내리,일반,만세길,일반상업,제2종근린생활,8m미만,106.18,251,"34,373",,202009,18, ,1925,
세종특별자치시 조치원읍 교리,일반,조치원5길,제2종일반주거,제2종근린생활,8m미만,82.79,216.5,"25,000",,202004,3, ,1977,
세종특별자치시 조치원읍 교리,일반,새내로,제2종일반주거,제2종근린생활,25m미만,426.7,360,"84,106",,202006,11, ,2011,
세종특별자치시 조치원읍 교리,집합,조치원7길,일반상업,제1종근린생활,12m미만,28.5, ,"5,500",1,202006,29, ,1994,
세종특별자치시 조치원읍 교리,일반,새내12길,일반상업,제2종근린생활,12m미만,493.2,280.7,"84,000",,202008,3, ,1991,
세종특별자치시 조치원읍 교리,일반,조치원7길,제2종일반주거,제1종근린생활,12m미만,40,40,"5,000",,202010,15, ,1988,20201111
세종특별자치시 조치원읍 남리,일반,-,제2종일반주거,업무,12m미만,62.14,66,"6,990",,202003,31, ,1972,
세종특별자치시 조치원읍 남리,일반,장안로,제2종일반주거,제1종근린생활,25m미만,509.97,298.1,"45,000",,202004,6, ,1998,
세종특별자치시 조치원읍 남리,일반,번영2길,제2종일반주거,제2종근린생활,8m미만,506.58,317.4,"41,000",,202009,17, ,1998,
세종특별자치시 조치원읍 명리,일반,장안로,일반상업,제1종근린생활,25m미만,863.73,381,"91,000",,202005,15, ,1984,
세종특별자치시 조치원읍 명리,일반,조치원10길,제2종일반주거,제1종근린생활,12m미만,64.01,139.09,"10,980",,202011,6, ,1880,
세종특별자치시 조치원읍 번암리,집합,-,제2종일반주거,제1종근린생활,12m미만,32.1, ,"13,000",,202006,10, ,1989,
세종특별자치시 조치원읍 번암리,집합,-,제2종일반주거,제1종근린생활,12m미만,32.1, ,"13,000",,202006,10, ,1989,
세종특별자치시 조치원읍 번암리,일반,허만석로,제2종일반주거,제2종근린생활,25m이상,360,944,"160,000",,202007,15, ,2002,
세종특별자치시 조치원읍 번암리,일반,번암안동네길,제2종일반주거,제2종근린생활,8m미만,131.22,303,"37,000",,202009,21, ,1936,
세종특별자치시 조치원읍 번암리,일반,주막거리길,제2종일반주거,제1종근린생활,12m미만,90,654,"75,000",,202012,15, ,2017,
세종특별자치시 조치원읍 상리,일반,조치원로,준주거,제2종근린생활,25m미만,294.01,222,"58,000",,202008,4, ,1981,
세종특별자치시 조치원읍 상리,일반,조치원로,준주거,제1종근린생활,25m미만,294.01,222,"58,000",,202008,4, ,1981,20201210
세종특별자치시 조치원읍 상리,일반,조치원로,준주거,제2종근린생활,25m미만,198.66,180,"47,000",,202008,4, ,1981,20201210
세종특별자치시 조치원읍 상리,일반,조치원로,준주거,제2종근린생활,25m미만,198.66,180,"47,000",,202008,4, ,1981,
세종특별자치시 조치원읍 상리,일반,조치원로,준주거,제1종근린생활,25m미만,294.01,222,"58,000",,202008,4, ,1981,20200915
세종특별자치시 조치원읍 상리,일반,조치원로,준주거,제2종근린생활,25m미만,198.66,180,"47,000",,202008,4, ,1981,20200915
세종특별자치시 조치원읍 서창리,일반,섭골길,제1종일반주거,제2종근린생활,25m미만,461.74,231,"81,000",,202006,1, ,2013,
세종특별자치시 조치원읍 서창리,일반,새내로,자연녹지,기타,25m미만,246.39,960,"52,000",,202006,9, ,2006,
세종특별자치시 조치원읍 서창리,일반,봉산로,제2종일반주거,제1종근린생활,12m미만,252.62,305,"40,000",,202007,9, ,1991,
세종특별자치시 조치원읍 서창리,일반,내창1길,제2종일반주거,제2종근린생활,8m미만,803.42,187,"140,000",,202012,15, ,2012,
세종특별자치시 조치원읍 신안리,집합,섭골길,제2종일반주거,제2종근린생활,25m미만,44.8, ,"28,000",1,202003,27, ,2013,
세종특별자치시 조치원읍 신안리,집합,섭골길,제2종일반주거,제1종근린생활,25m미만,44.8, ,"29,000",1,202009,14, ,2013,
세종특별자치시 조치원읍 신흥리,일반,충현로,제2종일반주거,기타,25m이상,744.12,269.78,"63,000",,202001,30, ,1988,
세종특별자치시 조치원읍 신흥리,집합,-,제3종일반주거,제2종근린생활,25m미만,139.91, ,"22,000",,202007,13, ,1999,
세종특별자치시 조치원읍 신흥리,일반,대동학교길,제2종일반주거,제2종근린생활,8m미만,430.03,234.55,"66,000",,202010,17, ,1993,
세종특별자치시 조치원읍 신흥리,집합,대첩로,제2종일반주거,제2종근린생활,25m미만,55.2, ,"31,000",1,202012,4, ,2008,
세종특별자치시 조치원읍 원리,일반,조치원6길,일반상업,제1종근린생활,8m미만,27.72,39.8,"13,000",,202003,23, ,1990,
세종특별자치시 조치원읍 원리,일반,조치원8길,일반상업,제1종근린생활,8m미만,81.2,30.44,"8,000",,202010,16, ,1984,
세종특별자치시 조치원읍 원리,일반,조치원5길,일반상업,제2종근린생활,12m미만,181.5,92.2,"36,800",,202011,3, ,1971,
세종특별자치시 조치원읍 원리,일반,문화로,일반상업,제1종근린생활,25m미만,198.36,178.5,"46,000",,202011,19, ,1996,
세종특별자치시 조치원읍 죽림리,일반,충현로,제2종일반주거,제2종근린생활,8m미만,96,685,"65,500",,202001,30, ,2015,
세종특별자치시 조치원읍 죽림리,집합,도원로,제2종일반주거,제1종근린생활,25m미만,181.27, ,"10,000",,202002,4, ,2008,
세종특별자치시 조치원읍 죽림리,집합,도원로,제2종일반주거,제1종근린생활,25m미만,46.44, ,"14,000",2,202002,4, ,2008,
세종특별자치시 조치원읍 죽림리,집합,도장말길,제2종일반주거,교육연구,25m미만,96, ,"8,800",,202005,9, ,1991,
세종특별자치시 조치원읍 죽림리,일반,군청로,제2종일반주거,제2종근린생활,12m미만,355.22,206,"42,500",,202005,13, ,2003,
세종특별자치시 조치원읍 죽림리,일반,산막2길,제2종일반주거,기타,12m미만,160.36,298,"37,000",,202007,30, ,2013,20200815
세종특별자치시 조치원읍 죽림리,일반,산막2길,제2종일반주거,기타,12m미만,160.36,298,"36,300",,202007,30, ,2013,
세종특별자치시 조치원읍 죽림리,집합,죽림본로,제2종일반주거,제1종근린생활,25m미만,43, ,"10,000",1,202008,4, ,2007,20200825
세종특별자치시 조치원읍 죽림리,집합,죽림본로,제2종일반주거,제2종근린생활,25m미만,43, ,"10,000",1,202008,4, ,2007,20200825
세종특별자치시 조치원읍 죽림리,집합,죽림본로,제2종일반주거,제1종근린생활,25m미만,43, ,"10,000",1,202008,4, ,2007,
세종특별자치시 조치원읍 죽림리,집합,죽림본로,제2종일반주거,제2종근린생활,25m미만,43, ,"10,000",1,202008,4, ,2007,
세종특별자치시 조치원읍 죽림리,집합,죽림본로,제2종일반주거,제2종근린생활,25m미만,43, ,"10,000",1,202008,4, ,2007,
세종특별자치시 조치원읍 죽림리,집합,죽림본로,제2종일반주거,제2종근린생활,25m미만,43, ,"10,000",1,202008,4, ,2007,20200825
세종특별자치시 조치원읍 죽림리,집합,도원로,제2종일반주거,제1종근린생활,25m이상,181.27, ,"29,700",,202009,4, ,2008,
세종특별자치시 조치원읍 죽림리,집합,도원로,제2종일반주거,제1종근린생활,25m이상,46.44, ,"10,300",2,202009,4, ,2008,
세종특별자치시 조치원읍 죽림리,집합,도원로,제2종일반주거,제1종근린생활,25m이상,47.04, ,"8,500",3,202009,23, ,2008,
세종특별자치시 조치원읍 죽림리,집합,군청로,일반상업,제2종근린생활,25m미만,281.49, ,"21,500",,202011,7, ,2009,
세종특별자치시 조치원읍 죽림리,집합,세종로,제2종일반주거,제2종근린생활,25m이상,59.8, ,"20,900",,202012,9, ,2019,
세종특별자치시 조치원읍 죽림리,집합,세종로,제2종일반주거,제2종근린생활,25m이상,59.8, ,"26,700",,202012,9, ,2019,
세종특별자치시 조치원읍 죽림리,집합,세종로,제2종일반주거,제2종근린생활,25m이상,59.8, ,"20,900",,202012,14, ,2019,20210107
세종특별자치시 조치원읍 죽림리,집합,세종로,제2종일반주거,제2종근린생활,25m이상,59.8, ,"26,700",,202012,14, ,2019,20210107
세종특별자치시 조치원읍 죽림리,집합,세종로,제2종일반주거,제2종근린생활,25m이상,85, ,"29,040",3,202012,22, ,2019,
세종특별자치시 조치원읍 침산리,일반,행복4길,제2종일반주거,제2종근린생활,12m미만,96,203.9,"30,000",,202003,20, ,2009,
세종특별자치시 조치원읍 침산리,일반,세종로,제1종일반주거,제2종근린생활,25m미만,358.4,826,"165,000",,202004,2, ,2002,
세종특별자치시 조치원읍 침산리,일반,행복길,제2종일반주거,제2종근린생활,25m미만,398.84,352.6,"135,500",,202010,20, ,2013,
세종특별자치시 조치원읍 침산리,일반,행복12길,제2종일반주거,제2종근린생활,8m미만,447.56,478.6,"70,000",,202012,11, ,2008,
세종특별자치시 조치원읍 평리,일반,새내12길,제2종일반주거,제2종근린생활,12m미만,428.4,370,"53,000",,202009,26, ,1994,
세종특별자치시 종촌동,집합,도움1로,근린상업,제2종근린생활,25m미만,76.47, ,"37,000",,202002,4, ,2015,
세종특별자치시 종촌동,집합,도움1로,근린상업,판매,25m미만,677.58, ,"183,700",,202002,7, ,2015,
세종특별자치시 종촌동,집합,달빛로,제2종일반주거,제2종근린생활,25m이상,36, ,"37,500",11,202002,10, ,2015,
세종특별자치시 종촌동,집합,도움1로,근린상업,제1종근린생활,25m미만,73.74, ,"29,500",5,202002,11, ,2015,
세종특별자치시 종촌동,집합,도움1로,근린상업,제2종근린생활,25m미만,82.83, ,"120,000",,202003,3, ,2015,
세종특별자치시 종촌동,집합,도움1로,근린상업,제1종근린생활,25m미만,132.36, ,"53,023",5,202004,17, ,2015,
세종특별자치시 종촌동,집합,도움1로,제2종일반주거,제2종근린생활,25m이상,42.54, ,"55,000",1,202006,11, ,2014,
세종특별자치시 종촌동,집합,도움1로,근린상업,제1종근린생활,25m미만,103.32, ,"39,000",3,202008,11, ,2015,
세종특별자치시 종촌동,집합,달빛로,근린상업,제1종근린생활,25m이상,83.43, ,"33,000",,202008,21, ,2014,
세종특별자치시 종촌동,집합,도움1로,근린상업,제2종근린생활,25m미만,68.78, ,"12,000",5,202010,30, ,2015,
세종특별자치시 종촌동,집합,도움1로,근린상업,교육연구,25m미만,106.26, ,"41,200",,202011,14, ,2015,
세종특별자치시 종촌동,집합,도움1로,근린상업,교육연구,25m미만,160.64, ,"61,800",,202011,14, ,2015,
세종특별자치시 종촌동,집합,도움1로,근린상업,제1종근린생활,25m미만,168.6, ,"67,300",4,202011,15, ,2015,
세종특별자치시 종촌동,집합,도움1로,근린상업,제1종근린생활,25m미만,158.22, ,"51,200",4,202011,15, ,2015,
세종특별자치시 종촌동,집합,도움1로,근린상업,판매,25m미만,34.23, ,"40,000",1,202011,26, ,2015,
세종특별자치시 종촌동,집합,도움1로,근린상업,제1종근린생활,25m미만,132.36, ,"83,000",5,202011,26, ,2015,
세종특별자치시 한솔동,집합,나리1로,제2종일반주거,제1종근린생활,25m미만,33.75, ,"31,000",1,202001,20, ,2011,
세종특별자치시 한솔동,집합,노을3로,준주거,제2종근린생활,25m미만,46.07, ,"35,000",1,202003,18, ,2012,
세종특별자치시 한솔동,집합,노을3로,준주거,제2종근린생활,25m미만,46.6, ,"35,000",1,202003,21, ,2012,
세종특별자치시 한솔동,집합,노을3로,준주거,제2종근린생활,25m미만,48.94, ,"31,500",,202004,14, ,2012,20200421
세종특별자치시 한솔동,집합,노을3로,준주거,제1종근린생활,25m미만,54.44, ,"51,000",1,202006,15, ,2013,
세종특별자치시 한솔동,집합,노을3로,준주거,제1종근린생활,25m미만,67.25, ,"15,300",1,202007,18, ,2011,
세종특별자치시 한솔동,집합,노을3로,준주거,제2종근린생활,25m미만,71.13, ,"15,000",1,202007,29, ,2011,
세종특별자치시 한솔동,집합,누리로,제2종일반주거,제1종근린생활,25m이상,42.69, ,"19,500",,202008,2, ,2012,
세종특별자치시 한솔동,집합,나리로,제2종일반주거,제1종근린생활,25m이상,37.91, ,"12,000",2,202011,29, ,2012,
세종특별자치시 해밀동,집합,-,일반상업,제2종근린생활,-,60.85, ,"29,570",1,202010,8, ,2020,
세종특별자치시 고운동,집합,마음로,근린상업,제1종근린생활,25m미만,118.4, ,"36,000",3,201701,2, ,2015,
세종특별자치시 고운동,집합,마음로,근린상업,제2종근린생활,25m미만,98.76, ,"33,910",3,201701,11, ,2015,
세종특별자치시 고운동,집합,고운서길,근린상업,제2종근린생활,25m미만,67.9, ,"13,172",7,201701,13, ,2015,
세종특별자치시 고운동,집합,마음로,근린상업,교육연구,25m미만,98.76, ,"26,688",4,201702,9, ,2015,
세종특별자치시 고운동,집합,마음로,근린상업,교육연구,25m미만,91.68, ,"23,318",4,201702,14, ,2015,
세종특별자치시 고운동,집합,마음안1로,근린상업,교육연구,25m미만,50.54, ,"16,050",5,201702,21, ,2015,
세종특별자치시 고운동,집합,마음로,근린상업,제1종근린생활,25m미만,157.53, ,"65,699",4,201702,23, ,2016,
세종특별자치시 고운동,집합,마음로,근린상업,제1종근린생활,25m미만,56.47, ,"76,238",1,201703,3, ,2015,
세종특별자치시 고운동,집합,마음로,근린상업,제2종근린생활,25m미만,54.41, ,"22,885",2,201703,15, ,2015,
세종특별자치시 고운동,집합,고운서길,근린상업,교육연구,25m미만,67.22, ,"20,000",5,201703,16, ,2015,
세종특별자치시 고운동,집합,마음로,근린상업,제1종근린생활,25m미만,41.9, ,"80,000",1,201703,19, ,2015,
세종특별자치시 고운동,집합,마음로,근린상업,제2종근린생활,25m미만,96.03, ,"29,195",8,201703,28, ,2015,
세종특별자치시 고운동,집합,마음로,근린상업,제2종근린생활,25m미만,97.5, ,"30,257",8,201703,28, ,2015,
세종특별자치시 고운동,집합,고운서길,근린상업,제1종근린생활,25m미만,49.44, ,"13,000",3,201704,4, ,2015,
세종특별자치시 고운동,집합,마음안로,제2종일반주거,제2종근린생활,25m미만,31.4, ,"42,000",,201705,3, ,2015,
세종특별자치시 고운동,집합,마음안로,제2종일반주거,제2종근린생활,25m미만,32.89, ,"27,600",1,201705,15, ,2014,
세종특별자치시 고운동,집합,마음로,근린상업,제2종근린생활,25m미만,49.48, ,"12,440",5,201705,18, ,2015,
세종특별자치시 고운동,집합,마음로,근린상업,교육연구,25m미만,42.2, ,"10,610",5,201705,18, ,2015,
세종특별자치시 고운동,집합,마음안1로,제2종일반주거,제2종근린생활,25m미만,38.06, ,"24,700",,201705,18, ,2015,
세종특별자치시 고운동,집합,마음로,근린상업,교육연구,25m미만,91.68, ,"20,460",6,201705,23, ,2015,
세종특별자치시 고운동,집합,마음로,근린상업,제2종근린생활,25m미만,91.68, ,"19,194",7,201705,29, ,2015,
세종특별자치시 고운동,집합,마음로,근린상업,제1종근린생활,25m미만,25.18, ,"34,464",1,201706,1, ,2016,
세종특별자치시 고운동,집합,마음로,근린상업,제1종근린생활,25m미만,44.16, ,"70,805",1,201706,7, ,2015,
세종특별자치시 고운동,집합,마음로,제2종일반주거,제1종근린생활,25m미만,60, ,"54,000",,201706,26, ,2015,
세종특별자치시 고운동,집합,마음로,근린상업,제1종근린생활,25m미만,115.86, ,"34,503",4,201707,4, ,2015,
세종특별자치시 고운동,집합,고운서길,근린상업,제1종근린생활,25m미만,98.33, ,"24,240",7,201707,8, ,2015,
세종특별자치시 고운동,집합,고운서길,근린상업,제1종근린생활,25m미만,66.17, ,"15,760",7,201707,10, ,2015,
세종특별자치시 고운동,집합,마음안로,제1종전용주거,제2종근린생활,25m미만,36.96, ,"20,000",,201707,14, ,2014,
세종특별자치시 고운동,집합,마음로,근린상업,제2종근린생활,25m미만,190.8, ,"46,000",,201707,20, ,2015,
세종특별자치시 고운동,집합,마음로,근린상업,제1종근린생활,25m미만,87.19, ,"39,300",4,201707,23, ,2015,
세종특별자치시 고운동,집합,마음안1로,제2종일반주거,제2종근린생활,25m미만,38.06, ,"40,000",,201707,28, ,2015,
세종특별자치시 고운동,집합,마음로,제2종일반주거,제2종근린생활,25m미만,48.03, ,"40,000",1,201708,2, ,2015,
세종특별자치시 고운동,집합,마음로,근린상업,제1종근린생활,25m미만,51.84, ,"16,083",4,201708,9, ,2015,
세종특별자치시 고운동,집합,마음로,근린상업,제2종근린생활,25m미만,61.11, ,"20,218",7,201708,22, ,2015,
세종특별자치시 고운동,집합,마음로,근린상업,제2종근린생활,25m미만,58.59, ,"18,095",7,201708,22, ,2015,
세종특별자치시 고운동,집합,마음로,근린상업,제2종근린생활,25m미만,83.16, ,"25,683",7,201708,27, ,2015,
세종특별자치시 고운동,집합,마음로,근린상업,제2종근린생활,25m미만,108.68, ,"27,854",4,201709,17, ,2015,
세종특별자치시 고운동,집합,마음안로,제2종일반주거,제2종근린생활,25m미만,15.11, ,"12,000",1,201710,25, ,2014,
세종특별자치시 고운동,집합,마음로,근린상업,교육연구,25m미만,72.75, ,"20,687",6,201710,28, ,2015,
세종특별자치시 고운동,집합,마음로,근린상업,교육연구,25m미만,69.75, ,"19,835",6,201710,28, ,2015,
세종특별자치시 고운동,집합,고운서길,근린상업,제1종근린생활,25m미만,76.33, ,"19,300",3,201710,30, ,2015,
세종특별자치시 고운동,집합,고운서길,근린상업,교육연구,25m미만,122, ,"27,000",4,201711,7, ,2015,
세종특별자치시 고운동,집합,마음안로,제1종전용주거,제2종근린생활,25m미만,93.21, ,"32,000",2,201711,10, ,2014,
세종특별자치시 고운동,집합,마음안로,제1종전용주거,제2종근린생활,25m미만,26.46, ,"10,000",1,201711,10, ,2014,
세종특별자치시 고운동,집합,고운서길,근린상업,교육연구,25m미만,98.88, ,"25,000",4,201711,14, ,2015,
세종특별자치시 고운동,집합,마음로,근린상업,교육연구,25m미만,69.75, ,"20,569",,201711,17, ,2015,
세종특별자치시 고운동,집합,고운서길,근린상업,교육연구,25m미만,76.33, ,"19,000",5,201712,1, ,2015,
세종특별자치시 고운동,집합,마음로,근린상업,교육연구,25m미만,74.04, ,"26,536",7,201712,12, ,2016,
세종특별자치시 고운동,집합,마음로,근린상업,제2종근린생활,25m미만,85.93, ,"36,146",3,201712,12, ,2017,
세종특별자치시 고운동,집합,마음로,근린상업,교육연구,25m미만,99.77, ,"39,448",7,201712,12, ,2016,
세종특별자치시 고운동,집합,마음로,근린상업,교육연구,25m미만,157.53, ,"61,390",7,201712,12, ,2016,
세종특별자치시 고운동,집합,마음로,근린상업,교육연구,25m미만,160.8, ,"64,951",7,201712,12, ,2016,
세종특별자치시 금남면 도남리,일반,도남1길,계획관리,제1종근린생활,12m미만,320.57,324,"45,000",,201703,30, ,2014,
세종특별자치시 금남면 두만리,일반,두만산동길,개발제한구역,제2종근린생활,8m미만,228.64,330,"40,000",,201712,22, ,2015,
세종특별자치시 금남면 용포리,일반,용포로,일반상업,제1종근린생활,25m미만,377.08,142,"75,250",,201701,2, ,1989,
세종특별자치시 금남면 용포리,일반,용포로,제2종일반주거,제2종근린생활,25m미만,493.96,269,"165,000",,201706,27, ,2014,
세종특별자치시 금남면 용포리,일반,대평시장2길,제2종일반주거,제1종근린생활,8m미만,39.67,106,"25,000",,201709,18, ,1946,
세종특별자치시 금남면 용포리,일반,-,일반상업,업무,25m미만,377.08,142,"82,850",,201709,28, ,1989,
세종특별자치시 금남면 장재리,일반,금남구즉로,개발제한구역,제2종근린생활,8m미만,226.62,517,"140,000",,201705,16, ,2015,
세종특별자치시 금남면 황용리,일반,금남구즉로,개발제한구역,제2종근린생활,12m미만,227.52,330,"60,000",,201712,28, ,2017,
세종특별자치시 나성동,집합,한누리대로,중심상업,업무,25m이상,38.61, ,"13,500",3,201701,15, ,2015,
세종특별자치시 나성동,집합,-,제2종일반주거,제2종근린생활,-,65.05, ,"29,144",4,201704,26, ,2016,
세종특별자치시 나성동,집합,-,제2종일반주거,제1종근린생활,-,46.85, ,"91,000",1,201705,19, ,2016,
세종특별자치시 나성동,집합,-,제2종일반주거,제2종근린생활,-,17.35, ,"33,000",1,201706,16, ,2015,
세종특별자치시 나성동,집합,-,제2종일반주거,제1종근린생활,-,60, ,"24,500",6,201707,5, ,2016,
세종특별자치시 나성동,집합,한누리대로,중심상업,제1종근린생활,25m이상,48.79, ,"76,000",1,201707,21, ,2014,
세종특별자치시 나성동,집합,한누리대로,제2종일반주거,제1종근린생활,-,289.03, ,"99,264",7,201707,26, ,2015,
세종특별자치시 나성동,집합,한누리대로,제2종일반주거,제1종근린생활,-,286.26, ,"103,232",7,201707,26, ,2015,
세종특별자치시 나성동,집합,한누리대로,중심상업,업무,25m이상,37.62, ,"13,450",,201709,2, ,2015,
세종특별자치시 나성동,집합,한누리대로,제2종일반주거,제1종근린생활,25m이상,86.45, ,"32,800",3,201709,29, ,2015,
세종특별자치시 나성동,집합,-,제2종일반주거,제2종근린생활,-,52.05, ,"17,784",,201710,31, ,2015,
세종특별자치시 나성동,집합,국세청로,중심상업,업무,25m이상,59.17, ,"30,000",5,201711,28, ,2016,
세종특별자치시 나성동,집합,국세청로,중심상업,업무,25m이상,41.41, ,"21,500",5,201711,28, ,2016,
세종특별자치시 나성동,집합,한누리대로,중심상업,제1종근린생활,25m이상,116.1, ,"46,292",8,201712,15, ,2015,
세종특별자치시 나성동,집합,한누리대로,중심상업,제1종근린생활,-,286.52, ,"116,707",,201712,21, ,2016,
세종특별자치시 도담동,집합,보듬3로,일반상업,제2종근린생활,25m미만,139.34, ,"47,830",,201701,25, ,2014,
세종특별자치시 도담동,집합,한누리대로,일반상업,교육연구,25m이상,158.82, ,"46,000",7,201701,25, ,2014,
세종특별자치시 도담동,집합,보듬3로,일반상업,제1종근린생활,25m미만,51.52, ,"81,000",1,201702,21, ,2014,
세종특별자치시 도담동,집합,보듬3로,일반상업,판매,25m이상,29.59, ,"55,000",1,201704,6, ,,
세종특별자치시 도담동,집합,다솜1로,제2종일반주거,제2종근린생활,25m미만,41.8, ,"36,000",1,201704,11, ,2014,
세종특별자치시 도담동,집합,보듬3로,일반상업,제2종근린생활,25m이상,48.41, ,"69,500",1,201704,13, ,,
세종특별자치시 도담동,집합,보람로,제2종일반주거,제1종근린생활,25m이상,95.27, ,"100,000",1,201704,18, ,2014,
세종특별자치시 도담동,집합,다솜1로,제2종일반주거,제1종근린생활,25m미만,70.2, ,"34,000",1,201707,6, ,2014,
세종특별자치시 도담동,집합,한누리대로,일반상업,제1종근린생활,25m이상,54.9, ,"69,000",1,201707,24, ,2015,
세종특별자치시 도담동,집합,보듬3로,일반상업,제1종근린생활,25m미만,42.21, ,"49,578",,201707,25, ,2015,
세종특별자치시 도담동,집합,보듬3로,일반상업,제1종근린생활,25m미만,39.5, ,"47,328",,201707,25, ,2015,
세종특별자치시 도담동,집합,보듬3로,일반상업,제1종근린생활,25m미만,118, ,"159,158",,201709,23, ,2014,
세종특별자치시 도담동,집합,다솜1로,제2종일반주거,제2종근린생활,25m미만,33.82, ,"20,500",,201710,20, ,2014,
세종특별자치시 도담동,집합,다솜1로,제2종일반주거,제2종근린생활,25m미만,33.82, ,"20,500",,201710,20, ,2014,
세종특별자치시 도담동,집합,보듬4로,일반상업,제1종근린생활,25m이상,43.89, ,"15,929",4,201711,15, ,2017,
세종특별자치시 도담동,집합,보듬4로,일반상업,제1종근린생활,25m이상,74.36, ,"26,174",4,201711,15, ,2017,
세종특별자치시 도담동,집합,보듬3로,일반상업,제2종근린생활,25m미만,44, ,"63,500",1,201712,15, ,2015,
세종특별자치시 도담동,일반,갈매로,제1종전용주거,제1종근린생활,12m미만,337.6,420.6,"210,000",,201712,29, ,2014,
세종특별자치시 부강면 금호리,일반,-,계획관리,제2종근린생활,12m미만,74,188,"5,100",,201703,24, ,2009,
세종특별자치시 부강면 노호리,일반,노호등곡로,보전관리,제1종근린생활,8m미만,362.52,995,"35,580",,201709,8, ,2015,
세종특별자치시 부강면 노호리,일반,노호등곡로,계획관리,제2종근린생활,8m미만,436.14,1155,"38,899",,201709,8, ,2015,
세종특별자치시 부강면 노호리,일반,노호등곡로,계획관리,제2종근린생활,8m미만,489.62,1121,"40,360",,201709,8, ,2015,
세종특별자치시 부강면 문곡리,일반,연청로,계획관리,제2종근린생활,25m미만,923.85,1391,"102,400",,201701,20, ,2010,
세종특별자치시 부강면 부강리,일반,청연로,제2종일반주거,숙박,25m미만,777.26,428,"64,500",,201703,13, ,1990,
세종특별자치시 부강면 부강리,일반,부강로,제2종일반주거,제1종근린생활,25m미만,228.88,131,"24,608",,201705,12, ,2014,
세종특별자치시 부강면 부강리,일반,청연로,제2종일반주거,제2종근린생활,25m미만,80.71,173,"23,000",,201706,13, ,1989,
세종특별자치시 부강면 부강리,일반,부촌길,일반상업,제1종근린생활,8m미만,85.8,69,"10,000",,201706,26, ,1979,
세종특별자치시 부강면 부강리,일반,청연로,자연녹지,제2종근린생활,25m미만,172,530,"56,700",,201708,4, ,2000,
세종특별자치시 부강면 부강리,일반,부강신대길,제2종일반주거,제1종근린생활,12m미만,255.36,149,"18,300",,201708,28, ,1993,
세종특별자치시 부강면 부강리,일반,부강2길,일반상업,제1종근린생활,25m미만,98.48,1478,"220,000",,201712,11, ,2009,
세종특별자치시 소정면 대곡리,일반,세종로,계획관리,제1종근린생활,25m미만,722.38,2351,"201,000",,201702,11, ,2011,
세종특별자치시 소정면 대곡리,일반,소정구길,계획관리,제1종근린생활,12m미만,293.76,560,"24,500",,201703,20, ,1998,
세종특별자치시 소정면 소정리,일반,소정구길,계획관리,제2종근린생활,25m미만,200.9,634,"25,000",,201711,16, ,2001,
세종특별자치시 아름동,집합,보듬3로,일반상업,제2종근린생활,25m이상,89.68, ,"52,200",,201701,13, ,2016,
세종특별자치시 아름동,집합,보듬3로,근린상업,제2종근린생활,25m미만,182.19, ,"54,500",,201701,18, ,2014,
세종특별자치시 아름동,집합,보듬3로,근린상업,제1종근린생활,12m미만,34.1, ,"57,000",1,201701,22, ,2013,
세종특별자치시 아름동,집합,달빛로,제2종일반주거,제2종근린생활,25m이상,30.36, ,"29,000",,201702,15, ,2014,
세종특별자치시 아름동,집합,보듬3로,근린상업,교육연구,25m미만,82.76, ,"23,000",,201703,2, ,2014,
세종특별자치시 아름동,집합,보듬3로,근린상업,제2종근린생활,25m이상,165.24, ,"44,500",5,201703,13, ,2014,
세종특별자치시 아름동,집합,아름서1길,일반상업,제1종근린생활,25m미만,55.92, ,"68,445",1,201703,27, ,2015,
세종특별자치시 아름동,집합,아름서1길,일반상업,제1종근린생활,25m미만,52, ,"63,180",1,201703,27, ,2015,
세종특별자치시 아름동,집합,아름서1길,일반상업,제1종근린생활,25m미만,55.92, ,"76,869",1,201703,29, ,2015,
세종특별자치시 아름동,집합,아름서1길,일반상업,제1종근린생활,25m미만,52, ,"69,498",1,201703,30, ,2015,
세종특별자치시 아름동,집합,세종로,일반상업,교육연구,25m이상,106.84, ,"44,000",5,201704,10, ,2016,
세종특별자치시 아름동,집합,보듬3로,근린상업,교육연구,25m미만,162.82, ,"45,000",7,201704,25, ,2014,
세종특별자치시 아름동,집합,보듬3로,근린상업,제2종근린생활,25m미만,87.57, ,"20,344",,201705,10, ,2014,
세종특별자치시 아름동,집합,보듬3로,근린상업,제2종근린생활,25m미만,103.09, ,"23,707",7,201705,10, ,2014,
세종특별자치시 아름동,집합,보듬3로,근린상업,제2종근린생활,25m미만,84.4, ,"20,001",,201705,10, ,2014,
세종특별자치시 아름동,집합,-,근린상업,제2종근린생활,25m이상,42.12, ,"52,500",1,201706,28, ,2014,
세종특별자치시 아름동,집합,보듬3로,일반상업,제1종근린생활,25m미만,50.12, ,"20,000",4,201707,8, ,2015,
세종특별자치시 아름동,집합,-,근린상업,제1종근린생활,25m미만,84.4, ,"32,447",4,201707,10, ,2014,
세종특별자치시 아름동,집합,-,근린상업,교육연구,25m이상,81, ,"26,000",,201707,10, ,2014,
세종특별자치시 아름동,집합,-,근린상업,제1종근린생활,25m미만,187.49, ,"70,837",4,201707,10, ,2014,
세종특별자치시 아름동,집합,-,근린상업,제1종근린생활,25m미만,91.11, ,"35,630",4,201707,10, ,2014,
세종특별자치시 아름동,집합,-,근린상업,판매,25m이상,42.12, ,"50,000",1,201707,31, ,2014,
세종특별자치시 아름동,집합,보듬3로,근린상업,제1종근린생활,25m이상,38.25, ,"51,000",1,201708,2, ,2014,
세종특별자치시 아름동,집합,보듬3로,근린상업,교육연구,25m미만,97.03, ,"26,900",7,201708,10, ,2014,
세종특별자치시 아름동,집합,세종로,일반상업,교육연구,25m이상,98.48, ,"32,000",6,201708,21, ,2016,
세종특별자치시 아름동,집합,세종로,일반상업,교육연구,25m이상,49.13, ,"11,500",6,201708,21, ,2016,
세종특별자치시 아름동,집합,보듬3로,근린상업,제1종근린생활,25m이상,84.24, ,"30,900",4,201709,16, ,2014,
세종특별자치시 아름동,집합,-,근린상업,교육연구,25m미만,96.84, ,"29,000",,201710,29, ,2014,
세종특별자치시 아름동,집합,달빛1로,제2종일반주거,제2종근린생활,25m미만,36, ,"48,500",1,201711,18, ,2015,
세종특별자치시 아름동,집합,달빛로,제2종일반주거,제2종근린생활,25m이상,32.4, ,"35,000",1,201711,30, ,2014,
세종특별자치시 어진동,집합,절재로,중심상업,판매,25m이상,54.53, ,"87,000",1,201702,7, ,2015,
세종특별자치시 어진동,집합,절재로,중심상업,업무,25m이상,110.76, ,"48,000",5,201704,23, ,2015,
세종특별자치시 어진동,집합,갈매로,중심상업,제2종근린생활,25m이상,34.95, ,"55,000",1,201705,4, ,2014,
세종특별자치시 어진동,집합,갈매로,중심상업,업무,25m이상,24.75, ,"10,800",51,201705,15, ,2016,
세종특별자치시 어진동,집합,-,중심상업,판매,25m이상,43.6, ,"94,986",1,201706,12, ,2017,
세종특별자치시 어진동,집합,절재로,중심상업,제1종근린생활,25m이상,66.88, ,"24,900",4,201706,24, ,2015,
세종특별자치시 어진동,집합,절재로,중심상업,제1종근린생활,25m이상,135.72, ,"56,000",4,201707,24, ,2015,
세종특별자치시 어진동,집합,가름로,중심상업,업무,25m이상,11.3, ,"4,033",,201707,31, ,,
세종특별자치시 어진동,집합,가름로,중심상업,업무,25m이상,14.63, ,"5,230",,201707,31, ,,
세종특별자치시 어진동,집합,갈매로,중심상업,판매,25m이상,56.48, ,"37,670",21,201708,18, ,2016,
세종특별자치시 어진동,집합,도움8로,중심상업,제1종근린생활,25m미만,46.8, ,"80,000",1,201708,28, ,2015,
세종특별자치시 어진동,집합,절재로,중심상업,판매,25m이상,23.6, ,"32,000",1,201709,17, ,2015,
세종특별자치시 어진동,집합,갈매로,중심상업,판매,25m이상,40.53, ,"73,967",11,201709,29, ,2016,
세종특별자치시 어진동,집합,도움8로,중심상업,제2종근린생활,25m이상,107.89, ,"42,000",4,201711,15, ,2014,
세종특별자치시 어진동,집합,갈매로,중심상업,업무,25m이상,55.63, ,"21,200",60,201711,21, ,2016,
세종특별자치시 어진동,집합,갈매로,중심상업,업무,25m이상,61.2, ,"23,260",60,201711,21, ,2016,
세종특별자치시 어진동,집합,가름로,중심상업,제2종근린생활,25m이상,21.56, ,"15,800",1,201712,22, ,2014,
세종특별자치시 연동면 내판리,일반,청연로,계획관리,제1종근린생활,12m미만,120.06,314,"24,300",,201703,2, ,1996,
세종특별자치시 연동면 내판리,일반,새말다복동길,계획관리,제1종근린생활,8m미만,53.82,306,"17,000",,201710,11, ,1990,
세종특별자치시 연동면 노송리,일반,송용2길,계획관리,제2종근린생활,8m미만,502.32,3941,"160,000",,201709,24, ,2004,
세종특별자치시 연동면 노송리,일반,송용2길,계획관리,제2종근린생활,8m미만,502.32,1614,"97,000",,201709,24, ,2004,
세종특별자치시 연동면 명학리,집합,태산로,계획관리,제2종근린생활,12m미만,54, ,"9,000",1,201708,30, ,2001,
세종특별자치시 연동면 응암리,일반,청연로,계획관리,제2종근린생활,12m미만,287.33,765,"82,500",,201702,27, ,2004,
세종특별자치시 연동면 응암리,일반,청연로,계획관리,제2종근린생활,12m미만,176.04,676,"79,000",,201703,4, ,2003,
세종특별자치시 연동면 응암리,일반,청연로,계획관리,제2종근린생활,12m미만,581,1379,"141,000",,201712,13, ,2015,
세종특별자치시 연서면 고복리,일반,고복오봉산길,생산관리,제2종근린생활,8m미만,198,660,"50,000",,201710,27, ,2000,
세종특별자치시 연서면 고복리,일반,도신고복로,계획관리,제2종근린생활,8m미만,162.3,208,"20,000",,201711,20, ,1997,
세종특별자치시 연서면 봉암리,일반,당산로,계획관리,제2종근린생활,12m미만,246.4,622,"98,000",,201711,28, ,2015,
세종특별자치시 연서면 성제리,일반,대첩로,제1종일반주거,제1종근린생활,12m미만,345.37,926,"75,600",,201704,10, ,1973,
세종특별자치시 연서면 신대리,일반,-,계획관리,제1종근린생활,8m미만,74,1136,"15,400",,201707,28, ,1987,
세종특별자치시 연서면 와촌리,일반,밤나무골길,계획관리,제2종근린생활,8m미만,48,165,"3,200",,201705,16, ,2005,
세종특별자치시 연서면 와촌리,일반,용연로,계획관리,제1종근린생활,12m미만,97.88,300,"11,000",,201711,7, ,2000,
세종특별자치시 연서면 용암리,일반,도신고복로,계획관리,제2종근린생활,8m미만,168.08,1051,"53,000",,201704,20, ,1995,
세종특별자치시 연서면 용암리,일반,도신고복로,계획관리,제1종근린생활,12m미만,308.46,869,"86,000",,201706,14, ,1996,
세종특별자치시 연서면 용암리,일반,도신고복로,계획관리,제1종근린생활,12m미만,134.8,390,"47,000",,201707,10, ,1993,
세종특별자치시 연서면 월하리,일반,도원로,자연녹지,제2종근린생활,12m미만,330.9,638,"50,000",,201712,26, ,2007,
세종특별자치시 장군면 도계리,일반,장척로,계획관리,제2종근린생활,8m미만,199.2,1653,"48,213",,201704,20, ,2014,
세종특별자치시 장군면 도계리,집합,장척로,계획관리,제2종근린생활,12m미만,145.08, ,"38,121",2,201704,20, ,2017,
세종특별자치시 장군면 도계리,일반,장척로,계획관리,제2종근린생활,12m미만,135.9,331,"70,000",,201707,10, ,2012,
세종특별자치시 장군면 도계리,일반,장척로,계획관리,제2종근린생활,12m미만,167.76,354,"53,000",,201709,13, ,2016,
세종특별자치시 장군면 도계리,일반,장척로,계획관리,제2종근린생활,25m미만,193.38,354,"57,000",,201710,26, ,2016,
세종특별자치시 장군면 봉안리,집합,소미길,계획관리,제1종근린생활,8m미만,90, ,"51,173",,201702,28, ,2016,
세종특별자치시 장군면 봉안리,집합,소미길,계획관리,제1종근린생활,8m미만,81.75, ,"48,015",,201702,28, ,2016,
세종특별자치시 장군면 봉안리,집합,소미길,계획관리,제1종근린생활,8m미만,88.88, ,"48,866",1,201702,28, ,2016,
세종특별자치시 장군면 봉안리,집합,소미길,계획관리,제1종근린생활,8m미만,85.5, ,"50,060",,201702,28, ,2016,
세종특별자치시 장군면 봉안리,집합,-,계획관리,제2종근린생활,8m미만,47.65, ,"19,160",2,201703,3, ,2015,
세종특별자치시 장군면 봉안리,일반,대교길,보전관리,업무,8m미만,64.26,668,"37,000",,201703,18, ,2016,
세종특별자치시 장군면 봉안리,일반,봉안산소골길,계획관리,제1종근린생활,8m미만,129.71,331,"35,000",,201712,27, ,2015,
세종특별자치시 장군면 은용리,일반,-,계획관리,제2종근린생활,12m미만,498.03,543.79,"98,500",,201702,13, ,2014,
세종특별자치시 전동면 송곡리,일반,모시터길,계획관리,제2종근린생활,8m미만,80.22,204,"9,160",,201702,27, ,2016,
세종특별자치시 전동면 송성리,일반,솔티로,계획관리,업무,12m미만,536.2,16309,"376,859",,201708,7, ,2009,
세종특별자치시 전동면 송성리,일반,신송로,계획관리,제2종근린생활,8m미만,310.23,5212,"61,351",,201708,7, ,1987,
세종특별자치시 전동면 심중리,일반,덕용골길,계획관리,업무,8m미만,240,4447,"63,800",,201702,7, ,1995,
세종특별자치시 전동면 청송리,일반,-,생산관리,기타,8m미만,123.45,415,"2,385",,201710,24, ,1995,
세종특별자치시 전의면 동교리,집합,동신길,제2종일반주거,판매,12m미만,21.78, ,"1,667",,201711,7, ,1950,
세종특별자치시 전의면 동교리,집합,동신길,제2종일반주거,판매,12m미만,21.78, ,"1,666",,201711,7, ,1950,
세종특별자치시 전의면 동교리,집합,동신길,제2종일반주거,판매,12m미만,21.78, ,"1,667",,201711,7, ,1950,
세종특별자치시 전의면 신정리,일반,왕의물로,계획관리,제2종근린생활,12m미만,283.31,1140,"77,828",,201705,24, ,2014,
세종특별자치시 조치원읍 교리,일반,조치원5길,일반상업,제1종근린생활,12m미만,1078.1,766.3,"145,000",,201706,12, ,2002,
세종특별자치시 조치원읍 교리,일반,조치원5길,일반상업,제1종근린생활,12m미만,1078.1,766.3,"145,000",,201706,12, ,2002,
세종특별자치시 조치원읍 교리,일반,새내로,제2종일반주거,제2종근린생활,25m미만,508.28,431,"66,000",,201707,13, ,1987,
세종특별자치시 조치원읍 교리,일반,새내15길,준주거,제1종근린생활,25m미만,164.44,132.2,"28,000",,201709,29, ,1977,
세종특별자치시 조치원읍 교리,집합,조치원7길,일반상업,제1종근린생활,12m미만,39.9, ,"11,000",1,201712,23, ,1994,
세종특별자치시 조치원읍 남리,일반,새내2길,제2종일반주거,제2종근린생활,25m미만,102.24,561,"41,500",,201704,5, ,1994,
세종특별자치시 조치원읍 남리,일반,새내2길,제2종일반주거,제2종근린생활,25m미만,125,561,"41,500",,201704,5, ,1994,
세종특별자치시 조치원읍 남리,일반,번영1길,제2종일반주거,제1종근린생활,12m미만,261.24,273.2,"41,700",,201706,29, ,2005,
세종특별자치시 조치원읍 남리,일반,새내로,제2종일반주거,제1종근린생활,8m미만,70.9,63,"3,000",,201707,24, ,1984,
세종특별자치시 조치원읍 남리,일반,새내로,제2종일반주거,제2종근린생활,25m미만,172.8,400,"63,000",,201707,24, ,1990,
세종특별자치시 조치원읍 서창리,일반,충현로,자연녹지,제2종근린생활,25m미만,759.12,945,"140,000",,201703,3, ,1997,
세종특별자치시 조치원읍 서창리,일반,세종로,자연녹지,제1종근린생활,25m이상,152.64,551,"66,680",,201704,3, ,1986,
세종특별자치시 조치원읍 서창리,일반,내창3길,준주거,제2종근린생활,25m미만,187,357,"72,500",,201704,3, ,2012,
세종특별자치시 조치원읍 서창리,일반,돌마루길,제2종일반주거,제1종근린생활,12m미만,467.97,180,"42,000",,201706,18, ,2005,
세종특별자치시 조치원읍 서창리,일반,충현로,자연녹지,제2종근린생활,25m미만,654.03,771,"82,000",,201709,7, ,1997,
세종특별자치시 조치원읍 서창리,일반,내창2길,제2종일반주거,제2종근린생활,8m미만,162.82,138,"18,000",,201711,27, ,1995,
세종특별자치시 조치원읍 신안리,일반,세종로,자연녹지,제2종근린생활,12m미만,96,1236,"138,000",,201702,23, ,2002,
세종특별자치시 조치원읍 신안리,집합,섭골길,제2종일반주거,제2종근린생활,25m미만,79.53, ,"19,000",2,201705,18, ,2013,
세종특별자치시 조치원읍 신안리,집합,섭골길,제2종일반주거,제2종근린생활,25m미만,45.6, ,"11,000",2,201705,18, ,2013,
세종특별자치시 조치원읍 신안리,집합,운주산로,제2종일반주거,제1종근린생활,12m미만,16.74, ,"3,200",1,201705,24, ,1991,
세종특별자치시 조치원읍 신안리,집합,안터길,자연녹지,제2종근린생활,8m미만,101.52, ,"19,500",,201709,15, ,1996,
세종특별자치시 조치원읍 신안리,집합,안터길,자연녹지,제2종근린생활,8m미만,101.52, ,"19,500",1,201709,15, ,1996,
세종특별자치시 조치원읍 신안리,집합,운주산로,제2종일반주거,제1종근린생활,12m미만,16.98, ,"4,800",1,201709,22, ,1987,
세종특별자치시 조치원읍 신안리,집합,섭골길,제2종일반주거,제2종근린생활,25m미만,39.33, ,"25,000",1,201710,13, ,2013,
세종특별자치시 조치원읍 신안리,일반,-,제2종일반주거,제2종근린생활,8m미만,712.9,638,"90,000",,201710,20, ,1997,
세종특별자치시 조치원읍 신안리,일반,봉신길,제2종일반주거,제2종근린생활,12m미만,702.3,367,"124,600",,201710,29, ,2014,
세종특별자치시 조치원읍 신흥리,일반,큰말2길,제2종일반주거,제2종근린생활,8m미만,353.16,321,"65,000",,201703,2, ,2010,
세종특별자치시 조치원읍 신흥리,집합,이화로,제3종일반주거,제1종근린생활,8m미만,139.91, ,"16,000",,201703,3, ,1999,
세종특별자치시 조치원읍 신흥리,집합,도원1로,제2종일반주거,제2종근린생활,25m미만,50.8, ,"16,450",2,201704,7, ,2006,
세종특별자치시 조치원읍 신흥리,집합,대첩로,제2종일반주거,제2종근린생활,12m미만,43.8, ,"23,000",1,201709,15, ,2008,
세종특별자치시 조치원읍 신흥리,집합,도원1로,제2종일반주거,제1종근린생활,25m미만,51.2, ,"29,300",1,201710,20, ,2006,
세종특별자치시 조치원읍 신흥리,일반,도원2로,제2종일반주거,업무,12m미만,23.52,1797,"162,000",,201711,22, ,2012,
세종특별자치시 조치원읍 원리,집합,새내10길,일반상업,제1종근린생활,25m미만,47.85, ,"6,750",,201702,10, ,1980,
세종특별자치시 조치원읍 원리,일반,조치원로,일반상업,제2종근린생활,25m미만,474.47,107.8,"7,000",,201703,14, ,1987,
세종특별자치시 조치원읍 원리,일반,조치원4길,일반상업,제1종근린생활,8m미만,52.8,46.4,"9,200",,201705,23, ,1982,
세종특별자치시 조치원읍 원리,집합,조치원4길,일반상업,제1종근린생활,8m미만,53.75, ,"5,000",,201708,22, ,1982,
세종특별자치시 조치원읍 정리,일반,조치원2길,일반상업,숙박,8m미만,130,280.3,"29,300",,201705,2, ,1934,
세종특별자치시 조치원읍 정리,일반,조치원4길,일반상업,판매,8m미만,138.5,152,"32,000",,201707,21, ,1971,
세종특별자치시 조치원읍 정리,일반,조치원4길,일반상업,제2종근린생활,8m미만,149.23,237,"27,000",,201709,6, ,2009,
세종특별자치시 조치원읍 죽림리,집합,도원로,제2종일반주거,제1종근린생활,25m미만,77.52, ,"24,000",2,201702,20, ,2008,
세종특별자치시 조치원읍 죽림리,일반,죽림로,일반상업,제2종근린생활,25m미만,341.02,845,"115,000",,201705,15, ,2001,
세종특별자치시 조치원읍 죽림리,집합,군청로,일반상업,제2종근린생활,25m미만,82.27, ,"3,500",,201707,25, ,2009,
세종특별자치시 조치원읍 죽림리,일반,충현로,제2종일반주거,제2종근린생활,12m미만,34.56,60,"7,000",,201710,31, ,1994,
세종특별자치시 조치원읍 죽림리,일반,충현로,제2종일반주거,제1종근린생활,25m이상,131.34,780,"82,500",,201711,23, ,1986,
세종특별자치시 조치원읍 죽림리,집합,도원로,제2종일반주거,제1종근린생활,25m미만,71.64, ,"12,400",3,201712,7, ,2008,
세종특별자치시 조치원읍 침산리,일반,행복7길,제2종일반주거,제2종근린생활,12m미만,110,273.1,"35,000",,201703,15, ,2008,
세종특별자치시 조치원읍 침산리,일반,문예회관길,제1종일반주거,제2종근린생활,12m미만,413.5,721,"115,540",,201703,28, ,2012,
세종특별자치시 조치원읍 침산리,집합,행복3길,제2종일반주거,제2종근린생활,12m미만,85.74, ,"21,000",1,201706,15, ,2003,
세종특별자치시 조치원읍 침산리,일반,문화길,제2종일반주거,제2종근린생활,12m미만,197.46,334.5,"59,000",,201706,19, ,2013,
세종특별자치시 조치원읍 침산리,일반,행복2길,제2종일반주거,제2종근린생활,8m미만,180,311.8,"54,000",,201709,15, ,2008,
세종특별자치시 조치원읍 침산리,일반,문화7길,제2종일반주거,제2종근린생활,12m미만,594,275.8,"106,000",,201710,21, ,2014,
세종특별자치시 조치원읍 평리,일반,문화로,제2종일반주거,제1종근린생활,25m미만,127.35,165.3,"21,000",,201709,8, ,1983,
세종특별자치시 종촌동,집합,도움1로,근린상업,제2종근린생활,25m미만,92.61, ,"60,000",,201702,22, ,2015,
세종특별자치시 종촌동,집합,도움1로,근린상업,판매,25m미만,94.83, ,"58,000",,201702,22, ,2015,
세종특별자치시 종촌동,집합,도움1로,근린상업,판매,25m미만,85.78, ,"60,000",,201702,22, ,2015,
세종특별자치시 종촌동,집합,달빛로,근린상업,제2종근린생활,25m이상,117.81, ,"48,400",4,201702,24, ,2014,
세종특별자치시 종촌동,집합,도움3로,제2종일반주거,제2종근린생활,25m미만,31.5, ,"12,700",,201703,6, ,2015,
세종특별자치시 종촌동,집합,도움1로,근린상업,제2종근린생활,25m미만,99.04, ,"64,000",,201704,17, ,2015,
세종특별자치시 종촌동,집합,도움1로,근린상업,제2종근린생활,25m미만,74.29, ,"29,000",5,201705,1, ,2015,
세종특별자치시 종촌동,집합,달빛로,근린상업,제2종근린생활,25m이상,83.43, ,"26,200",5,201705,25, ,2014,
세종특별자치시 종촌동,집합,도움1로,근린상업,제1종근린생활,25m미만,158.96, ,"50,000",4,201705,30, ,2015,
세종특별자치시 종촌동,집합,달빛로,근린상업,제1종근린생활,25m이상,67.26, ,"130,000",,201706,17, ,2014,
세종특별자치시 종촌동,집합,도움3로,근린상업,제1종근린생활,25m이상,36.48, ,"92,000",1,201706,24, ,2014,
세종특별자치시 종촌동,집합,도움1로,근린상업,제2종근린생활,25m미만,97.88, ,"75,000",,201707,14, ,2015,
세종특별자치시 종촌동,집합,도움1로,근린상업,제2종근린생활,25m미만,97.88, ,"75,000",,201707,14, ,2015,
세종특별자치시 종촌동,집합,도움1로,근린상업,제2종근린생활,25m미만,96.97, ,"75,000",,201708,5, ,2015,
세종특별자치시 종촌동,집합,도움1로,근린상업,제1종근린생활,25m미만,44.08, ,"64,700",1,201708,28, ,2015,
세종특별자치시 종촌동,집합,달빛로,제2종일반주거,제1종근린생활,25m이상,40.5, ,"60,000",1,201710,22, ,2014,
세종특별자치시 종촌동,집합,도움3로,제2종일반주거,제2종근린생활,25m이상,28, ,"41,000",1,201710,22, ,2013,
세종특별자치시 종촌동,집합,도움1로,근린상업,제2종근린생활,25m미만,97.88, ,"75,000",,201710,24, ,2015,
세종특별자치시 한솔동,집합,노을3로,준주거,제2종근린생활,25m미만,132.6, ,"52,830",2,201701,22, ,2013,
세종특별자치시 한솔동,집합,노을3로,준주거,제2종근린생활,25m미만,198.56, ,"74,500",2,201702,24, ,2013,
세종특별자치시 한솔동,집합,누리로,제2종일반주거,제2종근린생활,25m이상,44.69, ,"15,000",2,201708,28, ,2012,
세종특별자치시 한솔동,집합,누리로,제2종일반주거,제2종근린생활,25m이상,40.97, ,"20,000",1,201709,29, ,2012,
세종특별자치시 한솔동,집합,노을3로,준주거,제2종근린생활,25m미만,61.87, ,"31,800",1,201711,22, ,2011,
