계약년월,계약일,시군구,주택유형,도로조건,연면적(㎡),대지면적(㎡),거래금액(만원),건축년도,해제사유발생일
201701,2,세종특별자치시 전의면 다방리,단독,8m미만,67.32,294,"2,000",1991,
201701,4,세종특별자치시 조치원읍 서창리,단독,8m미만,581.25,415,"54,500",1997,
201701,4,세종특별자치시 조치원읍 죽림리,단독,8m미만,63.89,175,"16,000",1983,
201701,6,세종특별자치시 금남면 용담리,단독,8m미만,95.76,537,"26,000",1977,
201701,6,세종특별자치시 조치원읍 서창리,다가구,8m미만,375.36,222.7,"53,700",2011,
201701,7,세종특별자치시 조치원읍 신안리,다가구,8m미만,493.21,322,"37,000",2004,
201701,8,세종특별자치시 연서면 기룡리,단독,8m미만,99.96,322,"8,500",2001,
201701,9,세종특별자치시 연기면 보통리,단독,25m미만,307.24,660,"135,000",2004,
201701,10,세종특별자치시 금남면 성덕리,단독,8m미만,56.2,354,"11,000",1934,
201701,10,세종특별자치시 부강면 부강리,단독,12m미만,659.57,320,"112,000",2013,
201701,10,세종특별자치시 조치원읍 서창리,단독,8m미만,45.99,164,"20,050",1987,
201701,11,세종특별자치시 조치원읍 남리,다가구,12m미만,164.39,112.5,"23,000",2004,
201701,11,세종특별자치시 조치원읍 죽림리,단독,8m미만,39.18,66,"6,800",1992,
201701,13,세종특별자치시 연기면 수산리,단독,12m미만,100,570,"33,000",1987,
201701,13,세종특별자치시 연서면 고복리,단독,12m미만,77.95,358,"18,000",2008,
201701,13,세종특별자치시 조치원읍 침산리,단독,8m미만,433.84,251.9,"81,500",2015,
201701,16,세종특별자치시 조치원읍 남리,단독,12m미만,151.96,198,"24,000",1989,
201701,16,세종특별자치시 조치원읍 남리,단독,12m미만,38.99,201,"13,200",1947,
201701,17,세종특별자치시 장군면 하봉리,단독,8m미만,59.5,1460,"110,000",1969,
201701,18,세종특별자치시 장군면 봉안리,다가구,8m미만,359.56,361,"85,400",2013,
201701,20,세종특별자치시 장군면 금암리,단독,8m미만,327.78,335,"75,000",2011,
201701,25,세종특별자치시 전의면 읍내리,단독,8m미만,96.32,336,"11,500",1985,
201701,26,세종특별자치시 조치원읍 남리,단독,12m미만,144.81,247.1,"23,000",1986,
201702,2,세종특별자치시 소정면 운당리,단독,8m미만,192.46,166,"29,000",2002,
201702,2,세종특별자치시 연기면 수산리,단독,8m미만,147.57,660,"21,972",2011,
201702,2,세종특별자치시 장군면 대교리,단독,8m미만,87,631,"20,700",2016,
201702,6,세종특별자치시 장군면 봉안리,다가구,8m미만,328.29,359,"69,500",2012,
201702,6,세종특별자치시 조치원읍 상리,단독,8m미만,23.76,155,"10,500",1936,
201702,7,세종특별자치시 연서면 와촌리,단독,8m미만,102.06,330,"22,000",2006,
201702,8,세종특별자치시 조치원읍 신안리,단독,8m미만,326.19,188,"27,000",1997,
201702,12,세종특별자치시 조치원읍 죽림리,단독,8m미만,63.14,149,"8,500",1972,
201702,13,세종특별자치시 연기면 연기리,단독,8m미만,329.73,286,"44,000",2012,
201702,13,세종특별자치시 연동면 내판리,단독,8m미만,69.42,415,"25,100",1950,
201702,13,세종특별자치시 조치원읍 침산리,단독,8m미만,81.5,274,"7,600",1973,
201702,15,세종특별자치시 장군면 봉안리,단독,8m미만,429.42,431,"103,000",2014,
201702,16,세종특별자치시 연동면 명학리,단독,8m미만,95.54,260,"14,000",2000,
201702,16,세종특별자치시 조치원읍 번암리,단독,8m미만,71.55,271,"20,500",1956,
201702,18,세종특별자치시 연서면 국촌리,단독,8m미만,104.6,304,"7,000",,
201702,18,세종특별자치시 장군면 도계리,단독,8m미만,328.94,329,"60,000",2013,
201702,21,세종특별자치시 조치원읍 신안리,다가구,12m미만,366.15,164,"76,000",2016,
201702,22,세종특별자치시 전동면 노장리,단독,8m미만,47.6,198,"2,100",1960,
201702,23,세종특별자치시 연동면 응암리,단독,8m미만,135.5,660,"15,000",2013,
201702,24,세종특별자치시 조치원읍 신안리,다가구,8m미만,636.82,384,"89,700",2013,
201702,25,세종특별자치시 연기면 보통리,다가구,12m미만,481.96,483,"88,800",2013,
201702,26,세종특별자치시 조치원읍 신흥리,단독,8m미만,41.31,152,"2,000",,
201702,27,세종특별자치시 전동면 송성리,단독,8m미만,83.37,231,"14,800",2014,
201702,27,세종특별자치시 전동면 청송리,단독,8m미만,71.1,323,"10,500",1980,
201702,28,세종특별자치시 조치원읍 신흥리,단독,8m미만,65.29,613,"41,000",1932,
201703,1,세종특별자치시 조치원읍 서창리,다가구,8m미만,547.5,366,"99,855",2017,
201703,2,세종특별자치시 연동면 예양리,단독,8m미만,114.89,708,"18,500",1901,
201703,2,세종특별자치시 연서면 기룡리,단독,8m미만,147.31,495,"20,000",1993,
201703,2,세종특별자치시 조치원읍 신안리,단독,8m미만,354.51,569,"56,000",1988,
201703,3,세종특별자치시 연기면 연기리,단독,12m미만,23.04,286,"43,250",1954,
201703,5,세종특별자치시 전동면 청람리,단독,8m미만,68.02,347,"18,500",2014,
201703,6,세종특별자치시 금남면 발산리,단독,12m미만,592,251.59,"82,000",2011,
201703,6,세종특별자치시 금남면 봉암리,단독,8m미만,99.98,242,"15,800",2002,
201703,6,세종특별자치시 부강면 부강리,단독,8m미만,501.76,321,"52,500",2011,
201703,6,세종특별자치시 연서면 봉암리,단독,8m미만,375.64,393,"70,000",2012,
201703,6,세종특별자치시 조치원읍 상리,단독,25m미만,184.39,116,"34,000",1989,
201703,6,세종특별자치시 조치원읍 신안리,단독,8m미만,143.16,292,"24,600",1992,
201703,7,세종특별자치시 금남면 국곡리,단독,8m미만,434.72,495,"50,000",2011,
201703,7,세종특별자치시 조치원읍 신흥리,단독,8m미만,70.95,185,"16,200",1988,
201703,7,세종특별자치시 조치원읍 침산리,다가구,8m미만,631.37,380.3,"107,000",2013,
201703,8,세종특별자치시 조치원읍 명리,단독,12m미만,85.54,204,"17,000",1981,
201703,8,세종특별자치시 조치원읍 침산리,단독,12m미만,381.92,214.4,"56,000",2012,
201703,11,세종특별자치시 조치원읍 신안리,단독,8m미만,603.72,345,"84,000",1999,
201703,14,세종특별자치시 전의면 신방리,단독,8m미만,73.71,219.8,"13,300",2008,
201703,14,세종특별자치시 조치원읍 신안리,단독,8m미만,98.14,452,"18,000",2009,
201703,15,세종특별자치시 전동면 심중리,단독,8m미만,61.16,347,"12,353",,
201703,15,세종특별자치시 조치원읍 신흥리,단독,8m미만,98.3,104,"14,000",2016,
201703,17,세종특별자치시 금남면 봉암리,단독,8m미만,51.5,245,"7,400",1970,
201703,18,세종특별자치시 연기면 보통리,단독,8m미만,42.98,585,"17,500",1940,
201703,18,세종특별자치시 장군면 봉안리,다가구,8m미만,487.33,488,"95,000",2014,
201703,21,세종특별자치시 연기면 눌왕리,단독,8m미만,37.16,525,"24,200",2001,
201703,21,세종특별자치시 연기면 눌왕리,단독,8m미만,95.92,669,"30,000",1987,
201703,24,세종특별자치시 금남면 장재리,단독,8m미만,153.54,530,"63,000",2010,
201703,24,세종특별자치시 조치원읍 신안리,단독,8m미만,49.5,215,"18,000",1997,
201703,25,세종특별자치시 금남면 성강리,단독,8m미만,113.28,826,"39,500",1995,
201703,25,세종특별자치시 연서면 성제리,단독,8m미만,78.3,664,"14,000",1957,
201703,27,세종특별자치시 연서면 성제리,단독,8m미만,53.22,1285,"30,000",1987,
201703,27,세종특별자치시 장군면 금암리,단독,8m미만,66,323,"15,000",1990,
201703,27,세종특별자치시 조치원읍 평리,단독,8m미만,71.5,102,"8,500",1983,
201703,28,세종특별자치시 금남면 감성리,단독,8m미만,65.54,165,"16,700",1973,
201703,28,세종특별자치시 연기면 연기리,단독,8m미만,62.81,216,"15,000",1948,
201703,30,세종특별자치시 금남면 용담리,단독,8m미만,118.63,200,"19,700",1994,
201703,30,세종특별자치시 소정면 대곡리,단독,8m미만,140.32,595,"17,330",2003,
201704,1,세종특별자치시 부강면 금호리,단독,8m미만,171.78,803,"32,400",1970,
201704,3,세종특별자치시 조치원읍 서창리,단독,8m미만,53.52,203,"13,075",1973,
201704,4,세종특별자치시 소정면 대곡리,단독,8m미만,82.57,280,"9,200",1985,
201704,6,세종특별자치시 연서면 봉암리,단독,12m미만,101.34,597,"54,000",1996,
201704,9,세종특별자치시 부강면 문곡리,단독,8m미만,88.69,271,"14,500",1998,
201704,10,세종특별자치시 부강면 부강리,단독,12m미만,37.13,227,"46,000",2007,
201704,11,세종특별자치시 부강면 부강리,단독,8m미만,102.39,493,"13,000",1920,
201704,13,세종특별자치시 소정면 운당리,단독,8m미만,86.22,350,"6,200",2009,
201704,17,세종특별자치시 장군면 봉안리,단독,8m미만,70.39,658,"50,500",1993,
201704,17,세종특별자치시 조치원읍 명리,단독,-,68.43,175,"15,700",1973,
201704,17,세종특별자치시 조치원읍 신안리,단독,8m미만,89.89,365,"17,700",1979,
201704,17,세종특별자치시 조치원읍 원리,단독,25m미만,997.75,285,"197,000",1984,
201704,19,세종특별자치시 조치원읍 신흥리,단독,8m미만,49.56,102,"9,000",1971,
201704,25,세종특별자치시 연서면 봉암리,단독,8m미만,67.74,569,"14,000",1977,
201704,25,세종특별자치시 장군면 도계리,다가구,8m미만,315.34,317,"74,000",2014,
201704,26,세종특별자치시 금남면 성덕리,단독,8m미만,96.86,304,"12,438",1979,
201704,26,세종특별자치시 조치원읍 서창리,단독,8m미만,388.42,200,"38,500",2000,
201704,27,세종특별자치시 전동면 보덕리,단독,8m미만,150.6,773,"13,500",1953,
201704,28,세종특별자치시 연기면 연기리,단독,8m미만,137.54,240,"13,000",1997,
201704,28,세종특별자치시 조치원읍 신흥리,단독,8m미만,71.31,155,"11,000",1978,
201705,1,세종특별자치시 장군면 송학리,단독,12m미만,128,435,"19,500",1988,
201705,2,세종특별자치시 금남면 달전리,단독,8m미만,46.8,421,"7,800",1985,
201705,2,세종특별자치시 새롬동,단독,-,59.93,45,"26,433",2017,
201705,2,세종특별자치시 연서면 국촌리,단독,8m미만,139,501,"23,000",2013,
201705,2,세종특별자치시 장군면 봉안리,다가구,8m미만,472.73,474,"102,000",2014,
201705,2,세종특별자치시 조치원읍 평리,단독,8m미만,49.68,188,"12,500",1989,
201705,9,세종특별자치시 조치원읍 신흥리,단독,8m미만,53.46,149,"9,800",1974,
201705,10,세종특별자치시 장군면 봉안리,단독,8m미만,500.37,504,"89,000",2014,
201705,13,세종특별자치시 연기면 연기리,단독,8m미만,84.15,506,"38,300",1989,
201705,14,세종특별자치시 조치원읍 신안리,다가구,8m미만,242.79,164,"37,400",2009,
201705,15,세종특별자치시 부강면 등곡리,단독,8m미만,104.58,661,"14,000",2003,
201705,15,세종특별자치시 소정면 운당리,단독,8m미만,192.46,166,"27,600",2002,
201705,15,세종특별자치시 조치원읍 신안리,다가구,8m미만,617.83,352,"85,500",2010,
201705,16,세종특별자치시 금남면 용담리,단독,8m미만,96.21,437,"23,000",2012,
201705,16,세종특별자치시 조치원읍 침산리,단독,12m미만,487,277,"122,000",2014,
201705,17,세종특별자치시 조치원읍 죽림리,단독,8m미만,55.11,164,"15,000",1982,
201705,17,세종특별자치시 조치원읍 침산리,단독,12m미만,510.73,266.9,"83,000",2014,
201705,18,세종특별자치시 장군면 봉안리,다가구,8m미만,531.43,535,"122,500",2013,
201705,18,세종특별자치시 조치원읍 서창리,다가구,12m미만,708.86,412,"133,375",2014,
201705,20,세종특별자치시 조치원읍 죽림리,단독,8m미만,173.96,403,"29,700",1979,
201705,22,세종특별자치시 장군면 봉안리,단독,8m미만,472.73,474,"101,500",2014,
201705,23,세종특별자치시 연서면 봉암리,단독,8m미만,330.1,353,"75,000",2012,
201705,23,세종특별자치시 조치원읍 서창리,단독,8m미만,621.97,438,"102,925",2014,
201705,25,세종특별자치시 조치원읍 교리,단독,8m미만,42.57,117.3,"7,000",1987,
201705,25,세종특별자치시 조치원읍 교리,단독,8m미만,131.93,182.4,"11,900",1987,
201705,29,세종특별자치시 연기면 보통리,단독,8m미만,66,238,"8,600",1990,
201705,29,세종특별자치시 연동면 노송리,단독,8m미만,198.73,380,"12,000",1997,
201705,29,세종특별자치시 전동면 청람리,단독,8m미만,56.2,734,"13,000",1947,
201705,29,세종특별자치시 조치원읍 서창리,단독,8m미만,107.46,215,"15,200",1983,
201705,30,세종특별자치시 금남면 대박리,단독,8m미만,282.75,504,"51,920",2000,
201705,31,세종특별자치시 금남면 부용리,단독,8m미만,80.28,550,"49,800",2006,
201705,31,세종특별자치시 금남면 영곡리,단독,8m미만,84.96,533,"26,000",2008,
201705,31,세종특별자치시 연기면 보통리,단독,8m미만,493.86,505,"83,800",2014,
201706,1,세종특별자치시 장군면 금암리,단독,8m미만,139.76,531,"44,120",2007,
201706,1,세종특별자치시 전동면 노장리,단독,12m미만,76.03,103,"19,000",1918,
201706,2,세종특별자치시 금남면 대박리,단독,8m미만,121.63,521,"34,000",2015,
201706,2,세종특별자치시 연기면 연기리,단독,8m미만,85.95,648,"40,000",1985,
201706,4,세종특별자치시 조치원읍 남리,단독,8m미만,78.66,152.9,"12,800",1995,
201706,5,세종특별자치시 조치원읍 교리,단독,8m미만,138.22,202.6,"34,000",2014,
201706,5,세종특별자치시 조치원읍 신흥리,단독,8m미만,62.62,166,"13,200",1980,
201706,5,세종특별자치시 조치원읍 원리,단독,25m미만,198.36,178.5,"42,000",1996,
201706,7,세종특별자치시 금남면 대박리,단독,12m미만,169.95,850,"100,000",1900,
201706,7,세종특별자치시 장군면 도계리,단독,8m미만,49,505,"27,650",2016,
201706,7,세종특별자치시 장군면 봉안리,다가구,8m미만,432.5,463,"94,600",2013,
201706,9,세종특별자치시 전동면 노장리,단독,12m미만,227.76,205,"28,300",1996,
201706,10,세종특별자치시 연동면 내판리,단독,8m미만,59.5,445,"19,400",1978,
201706,11,세종특별자치시 연동면 응암리,단독,8m미만,76.14,618,"19,000",2014,
201706,12,세종특별자치시 조치원읍 서창리,단독,8m미만,146.1,387,"38,600",1984,
201706,13,세종특별자치시 장군면 대교리,단독,8m미만,64.48,891.93,"30,000",2014,
201706,14,세종특별자치시 연동면 예양리,단독,8m미만,109.08,301,"12,500",1975,
201706,14,세종특별자치시 장군면 금암리,단독,8m미만,146.85,729,"52,350",2005,
201706,16,세종특별자치시 조치원읍 상리,단독,8m미만,23.76,155,"11,000",1936,
201706,18,세종특별자치시 연동면 송용리,단독,8m미만,73.75,760,"39,000",2010,
201706,20,세종특별자치시 조치원읍 원리,단독,25m미만,278.49,118.37,"35,000",1981,
201706,21,세종특별자치시 부강면 부강리,단독,12m미만,565.01,284,"87,000",2013,
201706,21,세종특별자치시 장군면 봉안리,단독,8m미만,485.95,487,"101,600",2013,
201706,22,세종특별자치시 금남면 원봉리,단독,8m미만,95.04,390,"21,934",1987,
201706,28,세종특별자치시 금남면 박산리,단독,8m미만,80.17,238,"19,000",1998,
201706,28,세종특별자치시 장군면 도계리,단독,8m미만,185.79,515,"30,000",1987,
201706,29,세종특별자치시 연서면 봉암리,단독,8m미만,88.2,169,"18,500",1995,
201706,30,세종특별자치시 장군면 봉안리,다가구,8m미만,487.65,488,"104,500",2013,
201706,30,세종특별자치시 장군면 하봉리,단독,8m미만,175.12,482,"30,000",1968,
201706,30,세종특별자치시 조치원읍 침산리,다가구,12m미만,649.72,306.6,"115,000",2013,
201707,2,세종특별자치시 조치원읍 평리,단독,8m미만,113.7,343,"30,500",1979,
201707,3,세종특별자치시 연서면 쌍전리,단독,8m미만,80.46,846,"27,000",1990,
201707,3,세종특별자치시 장군면 봉안리,다가구,8m미만,475.2,477,"104,600",2013,
201707,3,세종특별자치시 장군면 송학리,단독,8m미만,71.38,338,"12,000",1956,
201707,3,세종특별자치시 조치원읍 남리,단독,8m미만,582.88,371.1,"99,500",2013,
201707,3,세종특별자치시 조치원읍 신안리,단독,8m미만,439.44,585,"39,330",1998,
201707,7,세종특별자치시 금남면 용포리,단독,8m미만,657.51,454,"116,500",2012,
201707,7,세종특별자치시 조치원읍 번암리,단독,8m미만,894.58,2241,"98,000",1986,
201707,8,세종특별자치시 금남면 원봉리,단독,8m미만,97.44,890,"41,500",2006,
201707,8,세종특별자치시 연동면 내판리,단독,8m미만,153.34,357,"22,000",2002,
201707,8,세종특별자치시 장군면 봉안리,다가구,8m미만,437.73,440,"120,000",2017,
201707,10,세종특별자치시 연서면 봉암리,단독,12m미만,78.3,145,"20,800",1987,
201707,10,세종특별자치시 장군면 금암리,단독,8m미만,108.8,676,"40,000",2009,
201707,10,세종특별자치시 조치원읍 서창리,단독,12m미만,658.91,391,"72,000",1999,
201707,10,세종특별자치시 조치원읍 침산리,단독,12m미만,415.18,167.1,"69,000",2013,
201707,11,세종특별자치시 금남면 박산리,단독,8m미만,93.65,331,"23,000",1901,
201707,11,세종특별자치시 장군면 송문리,단독,8m미만,81.85,524,"25,200",1992,
201707,12,세종특별자치시 금남면 용포리,단독,8m미만,228.14,162,"55,700",1984,
201707,13,세종특별자치시 연기면 보통리,다가구,8m미만,481.96,489,"88,800",2013,
201707,13,세종특별자치시 연동면 문주리,단독,8m미만,49.59,731,"29,000",1911,
201707,13,세종특별자치시 장군면 금암리,단독,8m미만,118.39,737,"33,000",2017,
201707,15,세종특별자치시 조치원읍 침산리,단독,8m미만,85.61,368,"34,000",1980,
201707,17,세종특별자치시 장군면 봉안리,단독,8m미만,544.78,546,"117,000",2014,
201707,18,세종특별자치시 부강면 부강리,단독,12m미만,74.4,139,"7,000",1983,
201707,20,세종특별자치시 소정면 소정리,단독,8m미만,69.42,225,"3,370",1985,
201707,25,세종특별자치시 연서면 고복리,단독,8m미만,47.64,506,"23,000",1985,
201707,28,세종특별자치시 연서면 신대리,단독,8m미만,122.39,329,"16,700",1997,
201707,28,세종특별자치시 조치원읍 상리,단독,25m미만,137.51,162,"12,000",1978,
201707,31,세종특별자치시 전의면 관정리,단독,8m미만,69.94,575,"10,000",1998,
201707,31,세종특별자치시 조치원읍 침산리,단독,8m미만,370.51,227.9,"75,000",2014,
201708,1,세종특별자치시 전동면 송정리,단독,8m미만,150.51,458,"1,500",1963,
201708,1,세종특별자치시 조치원읍 서창리,단독,8m미만,676.7,532,"56,000",1997,
201708,1,세종특별자치시 조치원읍 신안리,다가구,8m미만,428.33,306,"55,087",1997,
201708,2,세종특별자치시 조치원읍 원리,단독,8m미만,76.18,192,"15,000",1979,
201708,3,세종특별자치시 장군면 금암리,단독,12m미만,567.64,673.57,"89,000",2014,
201708,4,세종특별자치시 장군면 평기리,단독,8m미만,90.46,594,"29,500",1965,
201708,7,세종특별자치시 부강면 부강리,단독,12m미만,399.54,227,"52,000",2007,
201708,7,세종특별자치시 조치원읍 서창리,다가구,12m미만,363.79,230,"31,000",1991,
201708,8,세종특별자치시 장군면 봉안리,단독,8m미만,142.1,739.88,"40,500",2012,
201708,8,세종특별자치시 조치원읍 신안리,단독,8m미만,516.8,319,"53,500",1995,
201708,8,세종특별자치시 조치원읍 평리,단독,8m미만,51.9,116,"14,000",1973,
201708,9,세종특별자치시 연기면 수산리,단독,8m미만,98.3,496,"19,900",2013,
201708,10,세종특별자치시 조치원읍 서창리,다가구,8m미만,265.05,293,"30,000",1995,
201708,10,세종특별자치시 조치원읍 신안리,단독,12m미만,329.22,286,"83,000",2014,
201708,17,세종특별자치시 금남면 용포리,다가구,8m미만,272.08,172,"58,500",2013,
201708,17,세종특별자치시 부강면 부강리,다가구,12m미만,645.73,345,"114,000",2013,
201708,18,세종특별자치시 조치원읍 신안리,다가구,8m미만,382.14,660,"73,000",2000,
201708,19,세종특별자치시 금남면 원봉리,단독,8m미만,109.85,802,"30,784",2016,
201708,20,세종특별자치시 조치원읍 신흥리,단독,8m미만,161.16,158,"17,700",1995,
201708,23,세종특별자치시 연서면 쌍전리,단독,8m미만,51,287,"14,780",1989,
201708,25,세종특별자치시 장군면 봉안리,단독,8m미만,410.45,374,"97,500",2014,
201708,26,세종특별자치시 연기면 연기리,단독,8m미만,79.28,277,"42,340",1983,
201708,27,세종특별자치시 연서면 신대리,단독,8m미만,74.05,608,"14,000",1945,
201708,28,세종특별자치시 연기면 연기리,단독,8m미만,235.44,216,"19,500",1995,
201708,29,세종특별자치시 연서면 고복리,단독,8m미만,69,974,"56,200",2017,
201708,30,세종특별자치시 연서면 와촌리,단독,8m미만,137,172,"14,000",2003,
201708,31,세종특별자치시 연동면 응암리,단독,8m미만,59.5,301,"12,500",1915,
201709,1,세종특별자치시 금남면 도남리,단독,8m미만,67,603,"26,000",1992,
201709,1,세종특별자치시 조치원읍 신안리,단독,8m미만,659.01,403,"117,000",2016,
201709,2,세종특별자치시 조치원읍 신안리,단독,12m미만,305.57,562,"80,000",1991,
201709,4,세종특별자치시 전의면 읍내리,단독,12m미만,270.7,419,"55,000",2012,
201709,5,세종특별자치시 조치원읍 신흥리,단독,8m미만,65.75,136,"8,200",1999,
201709,11,세종특별자치시 금남면 원봉리,단독,8m미만,145.4,919,"51,000",2006,
201709,11,세종특별자치시 조치원읍 명리,단독,12m미만,336.03,152,"27,000",1995,
201709,13,세종특별자치시 연서면 월하리,단독,8m미만,82.43,207,"13,000",1980,
201709,14,세종특별자치시 조치원읍 신안리,다가구,8m미만,614.81,440,"63,000",2000,
201709,19,세종특별자치시 연서면 봉암리,단독,8m미만,70.2,522,"22,300",1988,
201709,20,세종특별자치시 연기면 연기리,단독,8m미만,68.76,234,"15,500",1991,
201709,21,세종특별자치시 금남면 두만리,다가구,8m미만,250.67,421,"39,000",2014,
201709,25,세종특별자치시 금남면 황용리,단독,8m미만,99.09,660,"85,000",2013,
201709,25,세종특별자치시 전의면 읍내리,단독,25m미만,117.17,199,"23,000",2009,
201709,25,세종특별자치시 조치원읍 신안리,단독,8m미만,340.89,331,"47,000",1998,
201709,26,세종특별자치시 조치원읍 신안리,다가구,8m미만,542.01,396,"66,474",2003,
201709,26,세종특별자치시 조치원읍 신안리,단독,8m미만,82.5,386,"28,000",1978,
201709,26,세종특별자치시 조치원읍 원리,단독,12m미만,146.06,149,"13,000",1978,
201709,27,세종특별자치시 조치원읍 신안리,단독,8m미만,376.29,195,"27,000",1995,
201709,30,세종특별자치시 연기면 눌왕리,단독,8m미만,102.23,827,"36,300",2015,
201710,11,세종특별자치시 조치원읍 서창리,단독,8m미만,289.53,188,"77,000",2017,
201710,13,세종특별자치시 부강면 부강리,단독,12m미만,51.27,116,"13,800",1976,
201710,15,세종특별자치시 연기면 연기리,단독,8m미만,84.24,522,"39,000",1993,
201710,15,세종특별자치시 장군면 금암리,다가구,8m미만,563.08,620,"84,000",2014,
201710,16,세종특별자치시 부강면 문곡리,단독,8m미만,57.41,337,"9,500",1973,
201710,17,세종특별자치시 전의면 읍내리,단독,8m미만,79.01,179,"10,800",1935,
201710,18,세종특별자치시 전동면 노장리,단독,8m미만,67.05,295,"7,900",2006,
201710,19,세종특별자치시 부강면 부강리,단독,12m미만,120.41,259,"28,000",1972,
201710,19,세종특별자치시 부강면 부강리,단독,8m미만,658.62,390,"124,000",2017,
201710,20,세종특별자치시 전동면 송정리,단독,12m미만,51.51,304,"7,000",1984,
201710,20,세종특별자치시 전동면 심중리,단독,8m미만,335.5,2820,"14,000",1998,
201710,21,세종특별자치시 전의면 읍내리,단독,8m미만,142.48,612,"25,500",2010,
201710,22,세종특별자치시 조치원읍 침산리,단독,12m미만,550.31,364.5,"117,000",2013,
201710,24,세종특별자치시 연서면 봉암리,단독,12m미만,568.03,570,"115,000",2013,
201710,27,세종특별자치시 조치원읍 신안리,단독,8m미만,359.58,349,"59,000",1991,
201710,28,세종특별자치시 조치원읍 서창리,단독,12m미만,312,233,"50,000",2012,
201710,30,세종특별자치시 연서면 와촌리,단독,8m미만,40.5,386,"21,400",1997,
201710,30,세종특별자치시 조치원읍 침산리,단독,12m미만,483.36,265.4,"65,000",2008,
201711,1,세종특별자치시 연서면 와촌리,단독,8m미만,53.76,539,"20,000",1945,
201711,4,세종특별자치시 연서면 봉암리,단독,8m미만,67.5,142,"9,500",1980,
201711,6,세종특별자치시 조치원읍 서창리,단독,8m미만,32.34,244,"11,000",1937,
201711,7,세종특별자치시 장군면 금암리,다가구,12m미만,545.47,356,"77,000",2001,
201711,7,세종특별자치시 장군면 봉안리,다가구,8m미만,407.65,410,"94,600",2013,
201711,8,세종특별자치시 부강면 부강리,단독,12m미만,707.94,453,"155,000",2017,
201711,8,세종특별자치시 연서면 봉암리,단독,8m미만,61.82,311,"20,000",1930,
201711,9,세종특별자치시 조치원읍 신안리,단독,8m미만,375.11,588,"37,000",1994,
201711,12,세종특별자치시 연기면 보통리,단독,8m미만,481.96,488,"88,000",2013,
201711,15,세종특별자치시 전의면 동교리,단독,12m미만,56.2,301,"26,000",1976,
201711,16,세종특별자치시 조치원읍 남리,단독,12m미만,683.19,403,"129,000",2017,
201711,16,세종특별자치시 조치원읍 신안리,단독,8m미만,67.49,344,"18,000",2015,
201711,17,세종특별자치시 연기면 연기리,단독,8m미만,59.5,364,"26,000",1974,
201711,18,세종특별자치시 조치원읍 신안리,단독,8m미만,271.62,202,"79,000",2017,
201711,20,세종특별자치시 장군면 금암리,단독,8m미만,88.45,567,"27,400",,
201711,20,세종특별자치시 조치원읍 죽림리,단독,8m미만,64.87,170,"16,100",1980,
201711,20,세종특별자치시 조치원읍 침산리,단독,8m미만,43.9,132,"6,000",1973,
201711,21,세종특별자치시 조치원읍 신안리,다가구,8m미만,486,855,"114,000",2004,
201711,22,세종특별자치시 부강면 부강리,단독,12m미만,595.04,282,"115,000",2017,
201711,22,세종특별자치시 조치원읍 침산리,단독,8m미만,491.82,251.7,"96,000",2013,
201711,24,세종특별자치시 장군면 금암리,단독,12m미만,516.82,394,"33,000",2001,
201711,30,세종특별자치시 연기면 연기리,단독,8m미만,62.7,307,"20,500",1962,
201712,1,세종특별자치시 전의면 신흥리,단독,8m미만,70.52,315,"9,546",2014,
201712,1,세종특별자치시 조치원읍 신안리,다가구,8m미만,570.51,340,"59,500",1997,
201712,1,세종특별자치시 조치원읍 죽림리,단독,25m미만,73.92,266,"39,500",1950,
201712,2,세종특별자치시 연기면 수산리,단독,8m미만,127.41,883,"56,900",2001,
201712,2,세종특별자치시 연기면 연기리,단독,8m미만,94.06,385,"41,000",1996,
201712,4,세종특별자치시 조치원읍 서창리,다가구,8m미만,495.96,850,"45,000",2002,
201712,6,세종특별자치시 조치원읍 신안리,다가구,8m미만,610.78,458,"49,500",1996,
201712,7,세종특별자치시 부강면 부강리,단독,8m미만,54.03,155,"8,500",1981,
201712,9,세종특별자치시 금남면 달전리,단독,8m미만,110.2,407,"26,350",2003,
201712,13,세종특별자치시 조치원읍 침산리,단독,12m미만,342.29,177.3,"60,000",2013,
201712,13,세종특별자치시 조치원읍 침산리,단독,12m미만,545.72,315,"97,500",2014,
201712,16,세종특별자치시 조치원읍 신안리,단독,8m미만,404.26,257,"50,000",2000,
201712,19,세종특별자치시 연서면 성제리,단독,8m미만,76.03,724,"13,500",1977,
201712,19,세종특별자치시 조치원읍 교리,단독,8m미만,90.13,199,"16,000",1977,
201712,20,세종특별자치시 전동면 노장리,단독,8m미만,99.09,310,"8,300",1994,
201712,24,세종특별자치시 장군면 도계리,단독,8m미만,51.23,402,"25,600",1987,
201712,27,세종특별자치시 금남면 용담리,단독,8m미만,114.28,205,"15,000",1993,
201712,27,세종특별자치시 장군면 금암리,단독,12m미만,493.56,579,"45,000",1998,
201712,27,세종특별자치시 조치원읍 신안리,단독,8m미만,471.06,375,"55,500",1999,
201712,29,세종특별자치시 금남면 대박리,단독,8m미만,80.85,463,"41,500",1943,
201712,29,세종특별자치시 금남면 박산리,단독,8m미만,99.18,436,"31,000",2001,
201712,29,세종특별자치시 금남면 부용리,단독,8m미만,92.56,552,"49,100",1945,
201712,29,세종특별자치시 조치원읍 신안리,단독,8m미만,522.13,284,"76,400",2011,
201712,30,세종특별자치시 조치원읍 신흥리,단독,8m미만,67.9,628,"47,500",1931,
201801,4,세종특별자치시 장군면 봉안리,단독,8m미만,347.37,349,"103,000",2017,
201801,4,세종특별자치시 조치원읍 신안리,단독,8m미만,410.19,696,"80,500",2001,
201801,5,세종특별자치시 조치원읍 서창리,단독,12m미만,390.67,262,"70,000",2013,
201801,5,세종특별자치시 조치원읍 신안리,다가구,8m미만,242.79,164,"37,400",2009,
201801,5,세종특별자치시 조치원읍 신안리,단독,8m미만,636.82,384,"92,000",2013,
201801,9,세종특별자치시 전동면 청송리,단독,8m미만,48,213,"3,000",1998,
201801,10,세종특별자치시 금남면 도암리,단독,8m미만,117.34,1124,"49,000",1999,
201801,10,세종특별자치시 연서면 국촌리,단독,8m미만,172.56,200,"20,000",2010,
201801,11,세종특별자치시 금남면 용포리,단독,8m미만,457.39,488,"85,000",2013,
201801,11,세종특별자치시 연서면 부동리,단독,8m미만,89.63,737,"27,900",1993,
201801,15,세종특별자치시 장군면 봉안리,단독,8m미만,396.99,424,"79,000",2013,
201801,15,세종특별자치시 조치원읍 원리,단독,8m미만,58.11,105,"6,500",1980,
201801,15,세종특별자치시 조치원읍 침산리,단독,8m미만,358.7,223.5,"70,500",2014,
201801,16,세종특별자치시 연서면 봉암리,단독,8m미만,67.5,142,"12,000",1980,
201801,16,세종특별자치시 전의면 다방리,단독,8m미만,74.1,593,"5,510",2005,
201801,16,세종특별자치시 조치원읍 교리,단독,8m미만,66.53,166.3,"14,600",1977,
201801,18,세종특별자치시 조치원읍 신흥리,단독,8m미만,99.12,106,"12,000",1995,
201801,19,세종특별자치시 전동면 청람리,단독,8m미만,168.39,426,"11,993",1998,
201801,19,세종특별자치시 전동면 청람리,단독,8m미만,99.06,605,"10,834",2012,
201801,20,세종특별자치시 조치원읍 신안리,단독,8m미만,615.38,591,"80,000",1995,
201801,24,세종특별자치시 연서면 와촌리,단독,8m미만,108.75,1009,"29,000",1987,
201801,24,세종특별자치시 장군면 봉안리,단독,8m미만,347.37,349,"103,000",2017,
201801,27,세종특별자치시 금남면 원봉리,단독,8m미만,99.9,650,"27,050",2005,
201801,29,세종특별자치시 금남면 성강리,단독,8m미만,181.11,664,"38,000",2009,
201801,29,세종특별자치시 조치원읍 신흥리,단독,12m미만,96.43,198,"18,000",1982,
201801,30,세종특별자치시 금남면 용포리,단독,8m미만,59,294,"30,000",1998,
201802,2,세종특별자치시 연서면 와촌리,단독,8m미만,112.1,869,"23,500",1965,
201802,2,세종특별자치시 조치원읍 신안리,단독,8m미만,439.44,585,"41,500",1998,
201802,3,세종특별자치시 조치원읍 평리,단독,8m미만,132.3,184,"15,000",2002,
201802,5,세종특별자치시 금남면 감성리,단독,8m미만,64.5,162,"10,000",1973,
201802,9,세종특별자치시 연동면 내판리,단독,8m미만,68.6,209,"11,970",1933,
201802,10,세종특별자치시 전의면 동교리,단독,8m미만,81.36,545,"22,500",1984,
201802,12,세종특별자치시 연서면 와촌리,단독,8m미만,113.63,322,"11,500",2000,
201802,13,세종특별자치시 연서면 고복리,단독,8m미만,198.83,536,"40,000",2004,
201802,15,세종특별자치시 전의면 신정리,단독,8m미만,103.8,560,"15,840",2008,
201802,22,세종특별자치시 부강면 노호리,단독,8m미만,73.2,1185,"10,600",1979,
201802,23,세종특별자치시 장군면 봉안리,다가구,8m미만,398.69,415,"85,100",1998,
201802,24,세종특별자치시 전동면 송곡리,단독,8m미만,83.3,466,"9,400",1958,
201802,26,세종특별자치시 금남면 영곡리,단독,-,80.66,623,"16,000",2017,
201802,27,세종특별자치시 전의면 관정리,단독,8m미만,126.45,588,"8,000",1990,
201802,27,세종특별자치시 전의면 읍내리,단독,8m미만,196.56,547,"14,500",2017,
201802,27,세종특별자치시 전의면 읍내리,단독,8m미만,199.08,560,"20,100",2017,
201802,28,세종특별자치시 장군면 금암리,단독,8m미만,202.68,367.4,"21,500",2007,
201802,28,세종특별자치시 조치원읍 서창리,단독,8m미만,297.9,196,"60,000",2013,
201803,4,세종특별자치시 연서면 와촌리,단독,8m미만,43.97,1018,"27,000",1938,
201803,4,세종특별자치시 장군면 은용리,단독,8m미만,72.72,380,"25,000",1981,
201803,5,세종특별자치시 연동면 내판리,단독,8m미만,82.65,360,"10,000",1985,
201803,6,세종특별자치시 연서면 와촌리,단독,8m미만,68.1,608,"18,392",1924,
201803,7,세종특별자치시 장군면 대교리,단독,8m미만,102.04,177,"35,000",2017,
201803,12,세종특별자치시 연기면 연기리,단독,8m미만,475.83,478,"104,500",2013,
201803,12,세종특별자치시 조치원읍 남리,단독,8m미만,62.58,129,"10,000",1977,
201803,13,세종특별자치시 연서면 월하리,단독,8m미만,68.1,368,"10,500",1950,
201803,14,세종특별자치시 연기면 연기리,단독,8m미만,79.74,221,"19,000",1981,
201803,15,세종특별자치시 소정면 소정리,단독,8m미만,121.92,378,"10,000",1992,
201803,15,세종특별자치시 연동면 예양리,단독,8m미만,79.3,656,"18,850",1990,
201803,15,세종특별자치시 전의면 신정리,단독,8m미만,179.11,570.7,"24,000",2010,
201803,16,세종특별자치시 조치원읍 교리,다가구,8m미만,671.84,369,"122,000",2018,
201803,17,세종특별자치시 조치원읍 침산리,다가구,12m미만,594.7,328.1,"110,000",2018,
201803,19,세종특별자치시 소정면 운당리,단독,8m미만,91.44,287,"15,000",1991,
201803,19,세종특별자치시 연서면 와촌리,단독,8m미만,54.55,543,"15,000",1962,
201803,19,세종특별자치시 조치원읍 죽림리,단독,8m미만,91.88,208,"12,000",1982,
201803,20,세종특별자치시 조치원읍 남리,단독,8m미만,34.76,66,"4,500",1984,
201803,22,세종특별자치시 장군면 송문리,단독,8m미만,131.85,1125,"19,500",2015,
201803,22,세종특별자치시 장군면 송학리,단독,8m미만,153.6,771,"34,810",2010,
201803,22,세종특별자치시 전동면 송곡리,단독,8m미만,46.94,707,"17,078",1901,
201803,24,세종특별자치시 전동면 청송리,단독,8m미만,99.27,699,"37,000",2014,
201803,26,세종특별자치시 금남면 용담리,단독,8m미만,104.78,416,"19,000",1950,
201803,26,세종특별자치시 연동면 내판리,단독,12m미만,221.33,626,"55,000",1967,
201803,27,세종특별자치시 장군면 도계리,단독,8m미만,81.88,1120,"23,800",2018,
201803,28,세종특별자치시 전동면 송성리,단독,8m미만,106.11,448,"14,000",2005,
201803,29,세종특별자치시 소정면 대곡리,단독,8m미만,70.41,248,"8,000",1982,
201803,29,세종특별자치시 연서면 성제리,단독,12m미만,91.62,290,"15,000",2014,
201803,29,세종특별자치시 전동면 심중리,단독,8m미만,75.6,289,"11,000",2016,
201803,30,세종특별자치시 연기면 수산리,단독,8m미만,76.03,536,"25,900",1950,
201803,31,세종특별자치시 연기면 보통리,다가구,8m미만,493.86,500,"83,000",2013,
201803,31,세종특별자치시 장군면 금암리,단독,8m미만,164.7,719,"53,000",2006,
201804,2,세종특별자치시 조치원읍 서창리,단독,8m미만,90.48,262,"20,500",1996,
201804,2,세종특별자치시 조치원읍 신안리,단독,12m미만,570.51,340,"59,500",1997,
201804,6,세종특별자치시 장군면 봉안리,다가구,8m미만,425.23,426,"103,000",2014,
201804,7,세종특별자치시 연서면 봉암리,단독,8m미만,75.81,399,"29,400",1984,
201804,9,세종특별자치시 연서면 봉암리,단독,8m미만,67.5,142,"12,000",1980,
201804,9,세종특별자치시 전동면 노장리,단독,12m미만,204.24,583,"15,972",1988,
201804,10,세종특별자치시 조치원읍 신흥리,단독,8m미만,41.64,212,"19,000",1947,
201804,10,세종특별자치시 조치원읍 원리,단독,25m미만,164.24,132,"60,000",1978,
201804,11,세종특별자치시 부강면 부강리,다가구,8m미만,657.46,625,"175,000",2018,
201804,13,세종특별자치시 금남면 영대리,단독,8m미만,85.2,486,"32,220",1950,
201804,13,세종특별자치시 장군면 금암리,단독,8m미만,198.84,736,"76,400",2006,
201804,13,세종특별자치시 전동면 청송리,단독,8m미만,73.05,579,"3,600",1954,
201804,14,세종특별자치시 연서면 봉암리,단독,8m미만,483.94,372,"71,400",2014,
201804,20,세종특별자치시 전의면 동교리,단독,8m미만,199.58,836,"37,000",2003,
201804,25,세종특별자치시 연서면 봉암리,단독,8m미만,74.1,155,"13,000",1979,
201804,26,세종특별자치시 연서면 성제리,단독,12m미만,196.65,319,"25,520",2004,
201804,27,세종특별자치시 연서면 부동리,단독,8m미만,89.63,1025,"32,300",1993,
201804,27,세종특별자치시 조치원읍 교리,다가구,8m미만,553.44,353,"118,000",2017,
201804,28,세종특별자치시 장군면 봉안리,단독,8m미만,439.29,441,"103,600",2015,
201805,1,세종특별자치시 연동면 예양리,단독,8m미만,76.85,293,"13,000",2012,
201805,2,세종특별자치시 금남면 영곡리,단독,8m미만,162.3,660,"27,500",2018,
201805,2,세종특별자치시 조치원읍 서창리,단독,8m미만,84.36,159,"15,000",1983,
201805,3,세종특별자치시 고운동,단독,25m미만,246.26,320.9,"63,000",2018,
201805,3,세종특별자치시 조치원읍 서창리,단독,8m미만,119.43,141,"15,450",1988,
201805,4,세종특별자치시 부강면 부강리,다가구,8m미만,663.5,409,"130,000",2017,
201805,6,세종특별자치시 조치원읍 침산리,단독,8m미만,455.86,216.9,"62,000",2011,
201805,8,세종특별자치시 장군면 송문리,단독,8m미만,63.18,301,"17,500",2004,
201805,8,세종특별자치시 조치원읍 봉산리,단독,12m미만,142.32,515,"43,000",1945,
201805,9,세종특별자치시 조치원읍 교리,단독,8m미만,141.62,166.96,"15,000",1981,
201805,9,세종특별자치시 조치원읍 남리,단독,12m미만,402.25,330.7,"30,000",1997,
201805,10,세종특별자치시 금남면 도남리,단독,12m미만,189.73,492,"44,000",2006,
201805,10,세종특별자치시 연서면 와촌리,단독,8m미만,93.86,399,"27,000",1997,
201805,11,세종특별자치시 전동면 노장리,단독,8m미만,183.37,357,"4,400",1991,
201805,11,세종특별자치시 조치원읍 교리,단독,12m미만,353.59,139.8,"40,000",2007,
201805,12,세종특별자치시 금남면 원봉리,단독,8m미만,107.39,756,"26,777",2007,
201805,14,세종특별자치시 조치원읍 교리,단독,12m미만,119.93,257.8,"20,000",1982,
201805,14,세종특별자치시 조치원읍 서창리,단독,8m미만,118.6,318,"19,600",1982,
201805,14,세종특별자치시 조치원읍 평리,단독,8m미만,113.4,344,"27,000",1983,
201805,15,세종특별자치시 장군면 대교리,단독,8m미만,58.19,255,"18,000",1988,
201805,15,세종특별자치시 조치원읍 신흥리,단독,8m미만,31.6,415,"20,000",1954,
201805,17,세종특별자치시 조치원읍 신안리,단독,8m미만,99,438,"22,000",2004,
201805,18,세종특별자치시 장군면 봉안리,단독,8m미만,47.05,625,"39,000",2016,
201805,23,세종특별자치시 연서면 신대리,단독,8m미만,72.09,373,"19,000",2013,
201805,23,세종특별자치시 연서면 와촌리,단독,8m미만,40.5,450,"22,200",1997,
201805,23,세종특별자치시 조치원읍 명리,단독,8m미만,66.41,155,"15,000",1976,
201805,23,세종특별자치시 조치원읍 신흥리,단독,8m미만,70.38,116,"4,500",1944,
201805,25,세종특별자치시 장군면 금암리,단독,8m미만,107.31,384,"32,000",2004,
201805,26,세종특별자치시 금남면 용포리,단독,8m미만,567.25,359,"110,000",2012,
201805,26,세종특별자치시 부강면 부강리,단독,12m미만,134.08,394,"49,000",1996,
201805,28,세종특별자치시 연기면 연기리,단독,8m미만,79.69,287,"24,000",1984,
201805,28,세종특별자치시 조치원읍 침산리,단독,12m미만,473.62,264.5,"90,000",2012,
201805,29,세종특별자치시 조치원읍 교리,단독,8m미만,259.35,198.3,"28,200",2005,
201805,30,세종특별자치시 조치원읍 명리,단독,8m미만,98.46,152,"13,800",1976,
201805,31,세종특별자치시 금남면 두만리,단독,8m미만,99.01,579,"44,880",1912,
201806,1,세종특별자치시 연서면 용암리,단독,-,66,380,"8,500",2018,
201806,4,세종특별자치시 조치원읍 남리,단독,8m미만,66.42,116,"13,000",1979,
201806,4,세종특별자치시 조치원읍 침산리,단독,8m미만,104.55,125,"15,000",1989,
201806,5,세종특별자치시 소정면 소정리,단독,8m미만,164.48,1480,"20,000",1992,
201806,8,세종특별자치시 연서면 신대리,단독,8m미만,94.71,661,"18,000",2005,
201806,9,세종특별자치시 연서면 쌍전리,단독,8m미만,87.93,526,"17,300",1977,
201806,9,세종특별자치시 조치원읍 신흥리,단독,8m미만,77.66,426,"51,500",1934,
201806,12,세종특별자치시 연기면 수산리,단독,8m미만,95.16,678,"23,500",2012,
201806,12,세종특별자치시 연동면 예양리,단독,8m미만,52.23,198,"6,000",1981,
201806,12,세종특별자치시 전의면 신방리,단독,8m미만,131,377,"11,500",1994,
201806,15,세종특별자치시 전동면 보덕리,단독,8m미만,150.6,773,"13,500",1953,
201806,19,세종특별자치시 소정면 운당리,단독,8m미만,66.85,227,"6,300",1985,
201806,19,세종특별자치시 연서면 성제리,단독,8m미만,110.4,216,"12,500",1993,
201806,19,세종특별자치시 연서면 쌍류리,단독,8m미만,194.43,590,"20,000",1996,
201806,19,세종특별자치시 장군면 금암리,단독,12m미만,417.33,421,"73,500",2012,
201806,22,세종특별자치시 금남면 신촌리,단독,12m미만,112.2,312,"40,000",1985,
201806,22,세종특별자치시 장군면 도계리,단독,8m미만,164.34,580,"39,000",2017,
201806,23,세종특별자치시 연서면 용암리,단독,8m미만,216.62,1516,"65,000",2008,
201806,24,세종특별자치시 연동면 송용리,단독,8m미만,84.51,265,"26,500",1995,
201806,26,세종특별자치시 연기면 연기리,단독,8m미만,23.14,379,"28,000",1958,
201806,28,세종특별자치시 장군면 대교리,단독,8m미만,111.36,179,"35,000",2017,
201806,28,세종특별자치시 장군면 대교리,단독,8m미만,112.2,179,"35,000",2017,
201806,28,세종특별자치시 장군면 대교리,단독,8m미만,111.54,193,"36,000",2017,
201806,30,세종특별자치시 연서면 쌍전리,단독,8m미만,140.75,635,"32,000",2001,
201807,1,세종특별자치시 조치원읍 교리,단독,25m미만,57.75,107.8,"13,500",1975,
201807,2,세종특별자치시 장군면 평기리,단독,8m미만,99.42,650,"24,000",2001,
201807,2,세종특별자치시 조치원읍 신안리,단독,8m미만,454.74,294,"58,000",1997,
201807,3,세종특별자치시 금남면 황용리,단독,8m미만,79.92,460,"24,000",2000,
201807,3,세종특별자치시 연서면 고복리,단독,8m미만,164.7,882,"76,000",2017,
201807,4,세종특별자치시 조치원읍 침산리,단독,8m미만,43.8,112,"8,000",1973,
201807,10,세종특별자치시 장군면 대교리,단독,8m미만,111.36,179,"35,000",2017,
201807,11,세종특별자치시 부강면 부강리,단독,8m미만,353.58,1530,"156,400",1927,
201807,13,세종특별자치시 조치원읍 신흥리,단독,25m이상,135.53,327,"53,000",1995,
201807,14,세종특별자치시 부강면 부강리,단독,8m미만,68.43,641,"17,800",2004,
201807,20,세종특별자치시 장군면 금암리,다가구,12m미만,503.86,322,"55,000",2001,
201807,20,세종특별자치시 조치원읍 교리,단독,25m미만,572.94,352.4,"72,000",2013,
201807,24,세종특별자치시 연기면 연기리,단독,8m미만,417.8,281,"60,000",2012,
201807,25,세종특별자치시 금남면 도남리,단독,8m미만,104.22,457,"40,000",2008,
201807,25,세종특별자치시 연서면 국촌리,단독,8m미만,99.6,255,"17,640",2007,
201807,29,세종특별자치시 장군면 대교리,단독,8m미만,178.07,511,"44,500",2011,
201808,2,세종특별자치시 연서면 고복리,단독,8m미만,54.41,172,"10,800",1994,
201808,6,세종특별자치시 금남면 박산리,단독,8m미만,132,697,"57,000",2005,
201808,6,세종특별자치시 연기면 연기리,단독,8m미만,501.46,335,"75,000",2012,
201808,12,세종특별자치시 부강면 문곡리,단독,8m미만,84,323,"15,000",1990,
201808,14,세종특별자치시 연동면 예양리,단독,8m미만,79.3,656,"26,000",1990,
201808,14,세종특별자치시 연서면 기룡리,단독,8m미만,32,639,"12,500",1999,
201808,14,세종특별자치시 연서면 봉암리,단독,8m미만,74.1,223,"17,000",1980,
201808,16,세종특별자치시 부강면 부강리,단독,8m미만,119.63,1007,"32,000",1944,
201808,17,세종특별자치시 연기면 보통리,단독,8m미만,424.47,425,"81,000",2014,
201808,19,세종특별자치시 전의면 읍내리,단독,8m미만,79.05,121,"19,000",2002,
201808,20,세종특별자치시 금남면 용포리,단독,8m미만,72.72,254,"28,000",1944,
201808,20,세종특별자치시 조치원읍 교리,단독,8m미만,131.93,182.4,"16,500",1987,
201808,28,세종특별자치시 금남면 두만리,단독,8m미만,147.77,525,"31,000",2004,
201808,29,세종특별자치시 전동면 송성리,단독,8m미만,73.06,522,"9,475",1938,
201808,29,세종특별자치시 조치원읍 상리,단독,12m미만,266.33,142,"47,000",1978,
201809,5,세종특별자치시 부강면 부강리,단독,8m미만,41.2,119,"7,000",1988,
201809,5,세종특별자치시 장군면 봉안리,단독,8m미만,92.13,372,"56,500",2004,
201809,9,세종특별자치시 전의면 읍내리,단독,25m미만,140.2,82,"23,500",1982,
201809,11,세종특별자치시 연서면 성제리,단독,8m미만,133.64,1150,"43,500",1997,
201809,11,세종특별자치시 장군면 대교리,단독,8m미만,93.28,402,"49,000",1997,
201809,14,세종특별자치시 조치원읍 서창리,단독,25m미만,329.94,227,"98,000",2018,
201809,15,세종특별자치시 장군면 금암리,단독,8m미만,171.86,642,"58,804",2000,
201809,15,세종특별자치시 장군면 평기리,단독,8m미만,49.6,298,"22,000",1985,
201809,18,세종특별자치시 연기면 눌왕리,단독,8m미만,167.4,2499,"89,000",1988,
201809,23,세종특별자치시 금남면 용포리,단독,8m미만,82.08,159,"21,000",1993,
201809,28,세종특별자치시 조치원읍 교리,다가구,8m미만,693.42,495.8,"150,000",2017,
201809,28,세종특별자치시 조치원읍 신안리,단독,8m미만,161.22,235,"27,500",1985,
201809,30,세종특별자치시 장군면 금암리,단독,8m미만,524.52,660,"71,000",2002,
201810,1,세종특별자치시 금남면 장재리,단독,8m미만,95.65,181,"25,000",1988,
201810,1,세종특별자치시 연기면 보통리,다가구,8m미만,527.72,536,"100,000",2013,
201810,1,세종특별자치시 연서면 봉암리,다가구,8m미만,172.47,281,"35,000",2012,
201810,2,세종특별자치시 장군면 대교리,단독,8m미만,82.62,670,"36,944",2016,
201810,5,세종특별자치시 조치원읍 서창리,다가구,8m미만,481.78,232,"66,000",2002,
201810,6,세종특별자치시 금남면 두만리,다가구,8m미만,250.67,421,"52,000",2014,
201810,6,세종특별자치시 조치원읍 침산리,단독,8m미만,450.64,279.7,"67,000",2013,
201810,8,세종특별자치시 금남면 달전리,단독,8m미만,85.05,356,"22,600",2004,
201810,8,세종특별자치시 금남면 원봉리,단독,8m미만,198.7,641,"46,520",2004,
201810,12,세종특별자치시 조치원읍 봉산리,단독,8m미만,35.93,136,"12,800",1975,
201810,18,세종특별자치시 조치원읍 원리,단독,8m미만,69.56,179,"13,500",1979,
201810,19,세종특별자치시 조치원읍 신안리,단독,8m미만,75.64,190,"12,300",1985,
201810,20,세종특별자치시 전의면 동교리,단독,12m미만,92.56,664,"40,200",1920,
201810,25,세종특별자치시 금남면 대박리,단독,8m미만,66.03,446,"57,500",2014,
201810,25,세종특별자치시 연서면 봉암리,단독,8m미만,117,565,"7,700",2008,
201810,26,세종특별자치시 전의면 신흥리,단독,8m미만,40.33,162,"2,800",1937,
201810,28,세종특별자치시 전의면 달전리,단독,-,97.6,790,"7,160",2016,
201810,28,세종특별자치시 조치원읍 신안리,단독,8m미만,89.37,298,"18,900",1990,
201810,31,세종특별자치시 금남면 성덕리,단독,8m미만,76.69,350,"15,000",1987,
201811,6,세종특별자치시 연서면 봉암리,단독,8m미만,120.64,217,"18,400",1980,
201811,10,세종특별자치시 금남면 대박리,단독,8m미만,141.25,435,"27,000",1941,
201811,11,세종특별자치시 부강면 노호리,단독,8m미만,59.24,372,"5,000",1988,
201811,12,세종특별자치시 연서면 와촌리,단독,8m미만,90.91,335,"17,000",1930,
201811,14,세종특별자치시 조치원읍 침산리,단독,8m미만,68.63,165,"11,900",1979,
201811,15,세종특별자치시 금남면 호탄리,단독,8m미만,68.22,471,"100,000",1986,
201811,17,세종특별자치시 조치원읍 신안리,다가구,8m미만,448.68,320,"50,000",2004,
201811,17,세종특별자치시 조치원읍 신흥리,단독,8m미만,139.5,228,"23,500",1991,
201811,20,세종특별자치시 부강면 노호리,단독,8m미만,138.92,700,"28,850",2011,
201811,20,세종특별자치시 연서면 부동리,단독,8m미만,70.36,314,"12,000",1910,
201811,20,세종특별자치시 전의면 달전리,단독,8m미만,336.64,1648,"40,910",2014,
201811,20,세종특별자치시 전의면 동교리,단독,12m미만,117.87,416,"18,000",1985,
201811,23,세종특별자치시 부강면 부강리,단독,12m미만,238.28,159,"29,000",1993,
201811,23,세종특별자치시 소정면 소정리,단독,8m미만,61.48,159,"7,000",1985,
201811,24,세종특별자치시 전동면 보덕리,단독,8m미만,152.66,600,"21,500",2004,
201811,27,세종특별자치시 전의면 관정리,단독,8m미만,108.29,742,"6,000",1993,
201811,30,세종특별자치시 연서면 봉암리,단독,8m미만,74.1,217,"10,000",1980,
201811,30,세종특별자치시 연서면 와촌리,단독,8m미만,74.71,370,"12,000",1963,
201812,1,세종특별자치시 연서면 와촌리,단독,12m미만,71.04,767,"41,700",1982,
201812,3,세종특별자치시 조치원읍 번암리,단독,8m미만,48.26,199,"17,000",1980,
201812,4,세종특별자치시 금남면 도남리,단독,8m미만,194.34,455,"22,500",2004,
201812,4,세종특별자치시 장군면 송정리,단독,8m미만,73.24,334,"8,500",1926,
201812,6,세종특별자치시 조치원읍 신안리,다가구,8m미만,455.63,311,"88,500",2012,
201812,7,세종특별자치시 장군면 봉안리,다가구,8m미만,550.62,553,"97,000",2012,
201812,7,세종특별자치시 조치원읍 신안리,다가구,8m미만,485.04,294,"69,500",2012,
201812,12,세종특별자치시 조치원읍 침산리,단독,8m미만,28.8,126,"7,000",1973,
201812,14,세종특별자치시 연서면 봉암리,다가구,8m미만,433.23,434,"65,000",2013,
201812,14,세종특별자치시 전의면 동교리,단독,8m미만,108.96,701,"31,800",1981,
201812,15,세종특별자치시 한솔동,단독,12m미만,299.28,296.9,"65,000",2017,
201812,20,세종특별자치시 조치원읍 신안리,단독,8m미만,222.74,277,"53,450",1995,
201812,20,세종특별자치시 조치원읍 죽림리,다가구,8m미만,135,231,"31,683",1990,
201812,21,세종특별자치시 소정면 운당리,단독,8m미만,83.94,336,"5,300",1984,
201812,25,세종특별자치시 연서면 월하리,단독,8m미만,64.13,668,"25,000",1962,
201812,27,세종특별자치시 부강면 노호리,단독,8m미만,184.63,681,"33,500",2009,
201812,31,세종특별자치시 연동면 문주리,단독,-,90.58,612,"35,310",1995,
201812,31,세종특별자치시 조치원읍 서창리,다가구,12m미만,1193.64,1000,"120,000",2002,
201901,2,세종특별자치시 전동면 송성리,단독,8m미만,83.37,231,"15,000",2014,
201901,3,세종특별자치시 금남면 영치리,단독,8m미만,117.43,463,"22,300",1910,
201901,3,세종특별자치시 조치원읍 남리,다가구,8m미만,657.61,378.5,"96,500",2014,
201901,4,세종특별자치시 금남면 원봉리,단독,8m미만,75.9,847,"38,000",2013,
201901,4,세종특별자치시 연동면 내판리,단독,8m미만,76.13,330,"24,000",1975,
201901,8,세종특별자치시 금남면 용포리,단독,8m미만,62.81,324,"48,300",1944,
201901,10,세종특별자치시 장군면 송학리,단독,12m미만,97.29,199.51,"17,200",2000,
201901,11,세종특별자치시 조치원읍 평리,단독,8m미만,71.17,129,"11,500",1983,
201901,15,세종특별자치시 연서면 봉암리,단독,8m미만,74.1,167,"18,000",1980,
201901,15,세종특별자치시 연서면 월하리,단독,8m미만,164.04,456,"24,500",1998,
201901,15,세종특별자치시 장군면 대교리,단독,8m미만,157.05,290,"37,900",2017,
201901,16,세종특별자치시 조치원읍 남리,단독,12m미만,394.25,494,"42,000",1999,
201901,17,세종특별자치시 연서면 봉암리,단독,8m미만,74.1,155,"14,000",1979,
201901,19,세종특별자치시 도담동,단독,12m미만,208.43,305,"83,500",2019,
201901,22,세종특별자치시 장군면 금암리,단독,8m미만,293.67,613,"64,140",2002,
201901,22,세종특별자치시 조치원읍 침산리,다가구,12m미만,551.3,353.8,"110,000",2013,
201901,24,세종특별자치시 고운동,단독,12m미만,178.74,345,"77,000",2017,
201901,27,세종특별자치시 연서면 봉암리,단독,8m미만,98.6,678,"51,300",2017,
201901,28,세종특별자치시 금남면 용포리,단독,8m미만,26.45,228,"20,000",1908,
201901,29,세종특별자치시 조치원읍 교리,단독,8m미만,46.2,92.9,"10,000",1935,
201901,30,세종특별자치시 연서면 기룡리,단독,8m미만,112.5,436,"11,000",1940,
201901,30,세종특별자치시 전의면 서정리,단독,8m미만,80,387,"11,200",2012,
201901,30,세종특별자치시 전의면 서정리,단독,8m미만,80,529,"14,000",2012,
201901,30,세종특별자치시 조치원읍 신안리,다가구,8m미만,520.46,337,"63,000",2012,
201902,1,세종특별자치시 부강면 부강리,단독,8m미만,93.04,465,"15,400",2013,
201902,4,세종특별자치시 금남면 원봉리,단독,8m미만,97.74,735,"35,230",2007,
201902,9,세종특별자치시 전의면 읍내리,단독,12m미만,74.05,69,"9,300",1957,
201902,12,세종특별자치시 연서면 고복리,단독,8m미만,141.08,881,"66,685",2017,
201902,13,세종특별자치시 장군면 대교리,단독,8m미만,88.81,506,"40,320",2013,
201902,15,세종특별자치시 소정면 대곡리,단독,8m미만,72.48,380,"8,000",1991,
201902,21,세종특별자치시 연서면 쌍류리,단독,8m미만,179.36,1408,"50,000",2002,
201902,21,세종특별자치시 연서면 와촌리,단독,8m미만,113.06,670,"29,900",1969,
201902,22,세종특별자치시 조치원읍 침산리,단독,8m미만,50.6,76,"7,500",1975,
201902,25,세종특별자치시 연서면 기룡리,단독,8m미만,130,367,"12,000",1990,
201902,25,세종특별자치시 전의면 신정리,단독,8m미만,52.48,433,"11,500",2015,
201902,28,세종특별자치시 부강면 부강리,단독,8m미만,59.7,356,"17,000",1978,
201903,1,세종특별자치시 전의면 원성리,단독,8m미만,56.86,267,"9,500",1968,
201903,3,세종특별자치시 전동면 노장리,단독,12m미만,227.76,205,"29,200",1996,
201903,4,세종특별자치시 연기면 보통리,단독,8m미만,93.31,140,"15,740",1972,
201903,7,세종특별자치시 전의면 다방리,단독,8m미만,67.32,294,"6,000",1991,
201903,10,세종특별자치시 연기면 연기리,단독,8m미만,97.05,267,"25,000",1998,
201903,10,세종특별자치시 연서면 봉암리,다가구,8m미만,375.64,393,"55,000",2012,
201903,13,세종특별자치시 연동면 문주리,단독,8m미만,66.15,833,"62,000",1941,
201903,13,세종특별자치시 전의면 양곡리,단독,8m미만,99,382,"9,600",1995,
201903,15,세종특별자치시 장군면 대교리,다가구,12m미만,451.95,454,"93,000",2012,
201903,17,세종특별자치시 부강면 부강리,다가구,12m미만,546.14,269,"95,000",2013,
201903,26,세종특별자치시 금남면 용포리,단독,12m미만,70.02,132,"18,000",1988,
201903,26,세종특별자치시 부강면 금호리,단독,8m미만,72.81,752,"27,240",2007,
201903,27,세종특별자치시 전의면 관정리,단독,8m미만,203.94,1435,"35,300",1955,
201904,2,세종특별자치시 연기면 눌왕리,단독,8m미만,89.26,374,"9,200",1977,
201904,3,세종특별자치시 연서면 봉암리,다가구,12m미만,327.2,269,"60,500",2002,
201904,3,세종특별자치시 조치원읍 남리,단독,12m미만,91.54,132,"11,500",1980,
201904,4,세종특별자치시 금남면 대박리,단독,8m미만,157.05,395,"34,700",2015,
201904,9,세종특별자치시 금남면 대박리,단독,-,84.74,215,"13,000",1989,
201904,10,세종특별자치시 금남면 대박리,단독,8m미만,157.05,362,"33,700",2015,
201904,11,세종특별자치시 연서면 봉암리,단독,12m미만,78.3,145,"22,952",1990,
201904,11,세종특별자치시 연서면 성제리,단독,12m미만,100.12,661,"55,000",2004,
201904,12,세종특별자치시 연동면 예양리,단독,8m미만,109.08,301,"14,200",1975,
201904,15,세종특별자치시 조치원읍 명리,단독,12m미만,121.64,67,"13,000",1986,
201904,17,세종특별자치시 조치원읍 교리,단독,8m미만,163.84,178.2,"18,150",1985,
201904,18,세종특별자치시 전의면 동교리,단독,8m미만,141.44,400,"28,300",1996,
201904,20,세종특별자치시 금남면 도남리,단독,8m미만,199.45,562,"29,000",2012,
201904,20,세종특별자치시 조치원읍 상리,단독,12m미만,80.36,324,"26,000",1979,
201904,22,세종특별자치시 고운동,단독,12m미만,304.54,345,"109,000",2017,
201904,22,세종특별자치시 금남면 두만리,단독,8m미만,91.1,340,"29,700",2004,
201904,22,세종특별자치시 전의면 동교리,단독,8m미만,198.16,658,"26,500",1997,
201904,22,세종특별자치시 조치원읍 평리,단독,25m미만,76.14,290.1,"41,500",1983,
201904,24,세종특별자치시 부강면 부강리,다가구,8m미만,564.93,367,"110,000",2017,
201904,25,세종특별자치시 전의면 신정리,단독,8m미만,88.67,645.4,"17,500",2003,
201904,26,세종특별자치시 연기면 연기리,다가구,8m미만,428.19,289,"62,000",2014,
201904,26,세종특별자치시 연서면 국촌리,단독,8m미만,109.08,660,"25,000",2010,
201905,1,세종특별자치시 부강면 부강리,다가구,8m미만,571.4,417,"92,900",2013,
201905,2,세종특별자치시 연서면 국촌리,단독,8m미만,172.56,200,"21,500",2010,
201905,6,세종특별자치시 금남면 용포리,단독,8m미만,71.1,184,"23,100",1984,
201905,9,세종특별자치시 장군면 봉안리,다가구,8m미만,328.29,354,"73,000",2012,
201905,15,세종특별자치시 연서면 부동리,단독,8m미만,95.34,592,"39,000",2012,
201905,16,세종특별자치시 부강면 갈산리,단독,8m미만,71.83,152,"3,000",1992,
201905,16,세종특별자치시 전동면 송성리,단독,8m미만,151.51,659,"9,000",2007,
201905,17,세종특별자치시 조치원읍 교리,단독,8m미만,165.97,219.4,"20,000",1994,
201905,22,세종특별자치시 전의면 동교리,단독,8m미만,78.67,476,"16,050",1945,
201905,23,세종특별자치시 금남면 용포리,단독,25m미만,208.8,119,"41,400",1991,
201905,23,세종특별자치시 전의면 읍내리,단독,8m미만,82.02,297,"19,000",1992,
201905,23,세종특별자치시 조치원읍 평리,단독,8m미만,55.32,132,"5,500",1975,
201905,27,세종특별자치시 조치원읍 원리,단독,8m미만,62.42,134,"9,300",1979,
201906,1,세종특별자치시 연서면 봉암리,단독,8m미만,75.6,397,"20,000",1979,
201906,3,세종특별자치시 연서면 성제리,단독,12m미만,47.6,65,"10,000",1971,
201906,5,세종특별자치시 부강면 부강리,단독,8m미만,84.48,145,"9,000",1992,
201906,9,세종특별자치시 조치원읍 서창리,단독,8m미만,32.61,66,"5,300",1983,
201906,10,세종특별자치시 연서면 월하리,다가구,8m미만,554.84,615,"70,000",2014,
201906,15,세종특별자치시 전의면 읍내리,단독,25m미만,126.93,216,"26,800",2013,
201906,17,세종특별자치시 연동면 노송리,단독,8m미만,97,426,"11,500",1995,
201906,20,세종특별자치시 부강면 노호리,단독,8m미만,148.95,655,"16,600",1994,
201906,21,세종특별자치시 조치원읍 신안리,다가구,8m미만,382.14,660,"80,000",2000,
201906,24,세종특별자치시 전의면 읍내리,단독,8m미만,54.88,409,"47,000",1950,
201906,26,세종특별자치시 연기면 연기리,다가구,8m미만,501.46,335,"75,000",2012,
201906,26,세종특별자치시 조치원읍 원리,단독,25m미만,1506.53,596.7,"350,000",1999,
201906,28,세종특별자치시 연서면 봉암리,단독,8m미만,74.1,167,"18,000",1980,
201906,30,세종특별자치시 전의면 신흥리,단독,8m미만,85.89,501,"13,000",1945,
201907,1,세종특별자치시 연서면 봉암리,단독,8m미만,74.1,140,"11,700",1980,
201907,1,세종특별자치시 조치원읍 신안리,단독,8m미만,170.16,437,"16,000",2007,
201907,1,세종특별자치시 조치원읍 죽림리,단독,8m미만,71.16,148,"9,500",1979,
201907,2,세종특별자치시 부강면 부강리,단독,12m미만,238.28,159,"40,500",1993,
201907,3,세종특별자치시 조치원읍 남리,단독,25m미만,406.94,551.2,"52,000",1997,
201907,4,세종특별자치시 연기면 보통리,다가구,8m미만,493.86,504,"93,700",2014,
201907,4,세종특별자치시 연기면 보통리,다가구,8m미만,493.86,559,"93,700",2014,
201907,5,세종특별자치시 전의면 원성리,단독,12m미만,176,660,"40,000",1996,
201907,9,세종특별자치시 연서면 고복리,단독,8m미만,103.47,441,"12,000",1977,
201907,10,세종특별자치시 조치원읍 서창리,다가구,8m미만,432.4,385,"28,000",1996,
201907,16,세종특별자치시 금남면 영치리,단독,8m미만,101.06,411,"31,000",2006,
201907,16,세종특별자치시 장군면 도계리,단독,8m미만,42,625,"37,550",1989,
201907,20,세종특별자치시 연서면 봉암리,단독,8m미만,74.1,197,"13,500",1980,
201907,20,세종특별자치시 장군면 대교리,단독,8m미만,107.97,188,"19,500",2017,
201907,22,세종특별자치시 금남면 영치리,단독,8m미만,101.06,411,"31,000",2006,
201907,23,세종특별자치시 연기면 연기리,단독,8m미만,83.34,259,"35,000",1989,
201907,24,세종특별자치시 금남면 원봉리,단독,8m미만,67.5,579,"26,000",1997,
201907,25,세종특별자치시 금남면 발산리,단독,8m미만,99.83,374,"42,000",1939,
201907,25,세종특별자치시 연서면 기룡리,단독,8m미만,101.49,466,"14,000",1921,
201907,27,세종특별자치시 조치원읍 명리,단독,12m미만,155.7,324,"33,500",1990,
201907,30,세종특별자치시 장군면 금암리,단독,8m미만,59.07,372,"29,300",2017,
201908,3,세종특별자치시 조치원읍 침산리,단독,25m미만,69.88,107,"20,000",1980,
201908,6,세종특별자치시 장군면 봉안리,다가구,8m미만,487.29,491,"102,000",2014,
201908,8,세종특별자치시 장군면 태산리,단독,8m미만,111.78,581,"38,450",2018,
201908,13,세종특별자치시 조치원읍 서창리,단독,8m미만,352.08,1467,"60,000",1973,
201908,20,세종특별자치시 금남면 대박리,단독,8m미만,87.82,395,"40,000",2011,
201908,20,세종특별자치시 연서면 고복리,단독,8m미만,98.9,479,"10,000",2012,
201908,21,세종특별자치시 조치원읍 원리,단독,12m미만,128.16,199,"22,700",1980,
201908,22,세종특별자치시 조치원읍 평리,단독,8m미만,133.53,234,"25,000",1985,
201908,24,세종특별자치시 연기면 보통리,다가구,8m미만,533.88,543,"70,000",2013,
201908,28,세종특별자치시 연서면 고복리,단독,8m미만,155.04,1197,"44,219",2015,
201908,29,세종특별자치시 조치원읍 교리,단독,8m미만,49.03,105.4,"8,140",1961,
201908,30,세종특별자치시 조치원읍 교리,단독,12m미만,116.55,226.4,"24,150",1981,
201909,1,세종특별자치시 장군면 금암리,단독,8m미만,110.74,508,"52,000",2015,
201909,2,세종특별자치시 금남면 도남리,단독,8m미만,190.9,362,"21,300",2004,
201909,2,세종특별자치시 금남면 두만리,단독,8m미만,73.74,292,"16,000",1947,
201909,3,세종특별자치시 조치원읍 평리,단독,8m미만,84.51,269,"25,000",1980,
201909,6,세종특별자치시 조치원읍 평리,단독,8m미만,169.37,258.2,"24,000",1985,
201909,7,세종특별자치시 조치원읍 신안리,다가구,8m미만,189.12,163,"18,000",1999,
201909,8,세종특별자치시 조치원읍 침산리,단독,8m미만,36.96,79,"5,400",1957,
201909,16,세종특별자치시 부강면 부강리,다가구,8m미만,659.13,365,"108,000",2013,
201909,16,세종특별자치시 연서면 부동리,단독,8m미만,91.8,224,"13,720",1996,
201909,18,세종특별자치시 전의면 신방리,단독,8m미만,174.43,375,"12,000",1985,
201909,19,세종특별자치시 연서면 봉암리,단독,8m미만,88.24,366,"41,190",1988,
201909,20,세종특별자치시 부강면 금호리,단독,12m미만,99.82,897,"51,900",2009,
201909,24,세종특별자치시 소정면 운당리,단독,8m미만,76.23,282,"5,000",1985,
201909,24,세종특별자치시 조치원읍 죽림리,단독,8m미만,95.83,192,"20,000",1983,
201909,25,세종특별자치시 장군면 금암리,단독,8m미만,198.4,743,"107,000",2005,
201909,26,세종특별자치시 연기면 보통리,다가구,8m미만,423.1,425,"85,300",2014,
201909,27,세종특별자치시 금남면 두만리,단독,8m미만,93.09,610,"36,000",1975,
201909,30,세종특별자치시 연서면 기룡리,단독,8m미만,99.1,1914,"39,500",2011,
201910,1,세종특별자치시 전의면 읍내리,단독,8m미만,83.43,262,"15,000",1981,
201910,1,세종특별자치시 전의면 읍내리,단독,8m미만,59.02,314,"16,000",1984,
201910,2,세종특별자치시 연기면 연기리,단독,8m미만,66,493,"39,000",1990,
201910,2,세종특별자치시 장군면 대교리,단독,8m미만,154.49,1523,"86,700",2017,
201910,3,세종특별자치시 소정면 운당리,단독,8m미만,192.46,350,"21,700",2002,
201910,4,세종특별자치시 부강면 등곡리,단독,8m미만,96.3,1514,"21,300",1993,
201910,7,세종특별자치시 연서면 월하리,단독,8m미만,79.43,354,"12,000",1980,
201910,11,세종특별자치시 부강면 행산리,단독,8m미만,92.19,456,"15,000",2010,
201910,11,세종특별자치시 장군면 금암리,다가구,8m미만,398.63,405,"60,000",1989,
201910,14,세종특별자치시 장군면 송학리,단독,8m미만,153.6,771,"32,900",2010,
201910,16,세종특별자치시 금남면 용포리,단독,8m미만,99.58,660,"100,000",2005,
201910,16,세종특별자치시 조치원읍 상리,단독,8m미만,74.05,307,"21,000",1946,
201910,18,세종특별자치시 조치원읍 평리,단독,8m미만,90.8,168,"18,000",1980,
201910,21,세종특별자치시 조치원읍 침산리,단독,8m미만,21.81,74,"5,200",1958,
201910,22,세종특별자치시 장군면 용암리,단독,8m미만,63.62,323,800,1946,
201910,23,세종특별자치시 조치원읍 서창리,다가구,8m미만,208.29,268,"31,000",1994,
201910,25,세종특별자치시 조치원읍 상리,단독,25m미만,201.26,282,"28,305",1975,
201910,26,세종특별자치시 장군면 용암리,단독,8m미만,92.82,555,"22,500",2004,
201910,27,세종특별자치시 조치원읍 서창리,단독,12m미만,173.37,295,"45,000",1987,
201910,29,세종특별자치시 부강면 행산리,단독,8m미만,94.72,406,"10,000",2012,
201910,30,세종특별자치시 전의면 동교리,단독,8m미만,58.86,344,"14,000",1976,
201911,2,세종특별자치시 소정면 운당리,단독,8m미만,125.06,390,"10,000",1980,
201911,6,세종특별자치시 장군면 대교리,단독,8m미만,154.49,1330,"54,640",2017,
201911,12,세종특별자치시 장군면 도계리,단독,8m미만,69.29,325,"24,750",1989,
201911,13,세종특별자치시 금남면 영치리,단독,8m미만,21,393,"6,000",1955,
201911,15,세종특별자치시 부강면 부강리,단독,25m미만,686.65,293,"114,000",2014,
201911,16,세종특별자치시 연서면 월하리,단독,12m미만,192.15,500,"29,500",1997,
201911,25,세종특별자치시 연서면 월하리,다가구,12m미만,1048.65,1850,"103,800",2006,
201911,27,세종특별자치시 조치원읍 서창리,다가구,8m미만,432.4,385,"28,500",1996,
201912,2,세종특별자치시 장군면 대교리,단독,8m미만,98.96,741,"55,000",2017,
201912,2,세종특별자치시 전동면 노장리,단독,8m미만,78,650,"8,280",2002,
201912,6,세종특별자치시 조치원읍 신안리,다가구,8m미만,425.88,239,"43,942",2004,
201912,10,세종특별자치시 금남면 용포리,단독,8m미만,26.45,228,"18,000",1908,
201912,10,세종특별자치시 연동면 내판리,단독,8m미만,73.7,330,"25,000",1995,
201912,11,세종특별자치시 조치원읍 신안리,다가구,8m미만,464.43,397,"66,800",2003,
201912,14,세종특별자치시 장군면 산학리,단독,12m미만,107.9,573,"25,000",1999,
201912,14,세종특별자치시 조치원읍 서창리,단독,8m미만,99.19,1243,"40,000",1996,
201912,16,세종특별자치시 연서면 청라리,단독,8m미만,115.37,517.3,"12,800",1925,
201912,16,세종특별자치시 조치원읍 상리,단독,12m미만,255.27,132,"34,500",1990,
201912,18,세종특별자치시 전의면 달전리,단독,8m미만,336.64,1648,"34,880",2014,
201912,18,세종특별자치시 조치원읍 교리,단독,8m미만,436.96,303.5,"69,500",1993,
201912,18,세종특별자치시 조치원읍 신흥리,단독,12m미만,199.11,185,"29,000",1995,
201912,23,세종특별자치시 장군면 봉안리,단독,8m미만,51.45,346,"29,000",1990,
201912,24,세종특별자치시 연서면 기룡리,단독,8m미만,147.31,495,"37,000",1993,
201912,24,세종특별자치시 조치원읍 서창리,단독,8m미만,99.19,1243,"40,000",1996,
201912,26,세종특별자치시 금남면 박산리,단독,8m미만,98.4,330,"25,000",2008,
201912,27,세종특별자치시 조치원읍 남리,다가구,12m미만,198.48,180,"16,700",1991,
201912,28,세종특별자치시 장군면 송문리,단독,8m미만,122.88,445,"27,140",2017,
201912,30,세종특별자치시 부강면 부강리,단독,8m미만,76.65,420,"16,000",1927,
201912,30,세종특별자치시 조치원읍 죽림리,단독,8m미만,98.73,167,"16,500",1979,
201912,31,세종특별자치시 장군면 송문리,단독,8m미만,123.31,446,"28,640",2017,
202001,3,세종특별자치시 장군면 봉안리,단독,8m미만,85.43,547,"107,554",1995,
202001,6,세종특별자치시 소정면 소정리,단독,25m미만,186.93,374,"8,150",1992,
202001,7,세종특별자치시 조치원읍 신흥리,단독,12m미만,80.22,188,"17,000",1975,
202001,13,세종특별자치시 연서면 봉암리,다가구,8m미만,375.64,393,"56,000",2012,
202001,15,세종특별자치시 연서면 성제리,단독,8m미만,89.31,500,"30,000",2003,
202001,15,세종특별자치시 조치원읍 신안리,다가구,8m미만,615.85,339,"85,000",2010,
202001,16,세종특별자치시 장군면 대교리,단독,8m미만,154.49,766,"33,000",2017,
202001,20,세종특별자치시 부강면 부강리,단독,12m미만,84.13,268,"27,500",1940,
202001,20,세종특별자치시 조치원읍 서창리,다가구,8m미만,570.42,331,"75,000",2012,
202001,22,세종특별자치시 부강면 부강리,다가구,12m미만,494.15,248,"87,000",2013,
202001,23,세종특별자치시 부강면 부강리,단독,8m미만,130,885,"32,000",2006,
202001,28,세종특별자치시 조치원읍 신안리,단독,8m미만,156.85,252,"26,000",1979,
202001,31,세종특별자치시 장군면 도계리,단독,8m미만,53.48,402,"31,000",1987,
202001,31,세종특별자치시 조치원읍 서창리,다가구,8m미만,613.92,362,"73,000",2000,
202002,1,세종특별자치시 연서면 와촌리,단독,8m미만,142.28,659,"27,000",2014,
202002,1,세종특별자치시 조치원읍 명리,단독,8m미만,65.9,188,"17,000",1975,
202002,1,세종특별자치시 조치원읍 번암리,단독,8m미만,90.09,198,"15,000",1960,
202002,1,세종특별자치시 조치원읍 신흥리,단독,12m미만,73.7,284,"25,300",2007,
202002,4,세종특별자치시 금남면 성강리,단독,8m미만,330.6,586,"28,000",2003,
202002,5,세종특별자치시 금남면 원봉리,단독,8m미만,131.79,507,"18,000",2002,
202002,5,세종특별자치시 연동면 명학리,단독,8m미만,29.75,185,"10,000",1940,
202002,5,세종특별자치시 장군면 금암리,다가구,8m미만,223.14,517,"151,000",2017,
202002,6,세종특별자치시 금남면 원봉리,단독,8m미만,131.79,180,"5,700",1990,
202002,6,세종특별자치시 조치원읍 서창리,단독,8m미만,297.9,196,"64,000",2013,
202002,7,세종특별자치시 금남면 영곡리,단독,12m미만,123.5,355,"13,000",2004,
202002,9,세종특별자치시 연기면 수산리,단독,8m미만,131.05,450,"36,230",2018,
202002,10,세종특별자치시 연서면 쌍류리,단독,8m미만,92,307,"6,000",1990,
202002,13,세종특별자치시 금남면 박산리,단독,8m미만,99.18,436,"38,000",2001,
202002,13,세종특별자치시 전동면 심중리,단독,8m미만,85.91,439,"15,100",1978,
202002,13,세종특별자치시 조치원읍 평리,단독,8m미만,126.63,268,"20,700",1989,
202002,17,세종특별자치시 부강면 노호리,단독,8m미만,184.63,681,"33,300",2009,
202002,18,세종특별자치시 금남면 용포리,단독,12m미만,138.65,197,"18,900",1987,
202002,19,세종특별자치시 전동면 청송리,단독,8m미만,91.62,264,"5,500",1953,
202002,20,세종특별자치시 조치원읍 정리,단독,8m미만,54.36,195,"37,982",1970,
202002,22,세종특별자치시 조치원읍 명리,단독,8m미만,132.81,149,"10,000",1993,
202002,25,세종특별자치시 금남면 도남리,단독,8m미만,175.75,476,"50,400",2011,20200408
202002,25,세종특별자치시 금남면 도남리,단독,8m미만,175.75,476,"50,523",2011,
202002,25,세종특별자치시 금남면 도남리,단독,8m미만,175.75,481.59,"53,000",2011,20200406
202002,27,세종특별자치시 금남면 용담리,단독,8m미만,127.63,719,"44,500",1990,
202002,27,세종특별자치시 조치원읍 봉산리,단독,8m미만,107.46,215,"16,650",1984,
202003,4,세종특별자치시 연서면 봉암리,단독,8m미만,67.5,211,"13,300",1980,
202003,4,세종특별자치시 연서면 월하리,단독,8m미만,82.47,214,"13,250",1988,
202003,4,세종특별자치시 연서면 월하리,단독,8m미만,82.47,214,"13,250",1988,20200316
202003,5,세종특별자치시 조치원읍 상리,단독,12m미만,49.25,63,"10,354",1961,
202003,7,세종특별자치시 금남면 도남리,단독,8m미만,198.82,532,"32,000",1980,
202003,8,세종특별자치시 조치원읍 명리,단독,8m미만,58.59,164,"17,000",1973,
202003,9,세종특별자치시 금남면 영대리,단독,8m미만,46,793,"10,000",2000,
202003,9,세종특별자치시 부강면 문곡리,단독,8m미만,58.77,219,"9,500",2011,
202003,10,세종특별자치시 소정면 대곡리,단독,8m미만,70.41,248,"8,100",1982,
202003,10,세종특별자치시 조치원읍 상리,단독,12m미만,50.49,241,"25,747",1942,
202003,11,세종특별자치시 조치원읍 상리,단독,12m미만,47.19,252,"29,176",1990,
202003,11,세종특별자치시 조치원읍 신안리,다가구,8m미만,594.22,351,"81,000",2013,
202003,11,세종특별자치시 조치원읍 신안리,다가구,8m미만,594.22,351,"81,000",2013,20200401
202003,12,세종특별자치시 아름동,단독,12m미만,251.98,354.9,"105,000",2020,
202003,13,세종특별자치시 장군면 금암리,단독,8m미만,230.74,512,"62,520",1998,
202003,13,세종특별자치시 조치원읍 상리,다가구,12m미만,140.97,162,"22,794",1987,
202003,13,세종특별자치시 조치원읍 상리,단독,12m미만,37.67,76,"8,547",1976,
202003,13,세종특별자치시 조치원읍 상리,단독,8m미만,33,93,"9,768",1926,
202003,13,세종특별자치시 조치원읍 상리,단독,12m미만,35.4,96,"12,455",1983,
202003,14,세종특별자치시 조치원읍 상리,단독,8m미만,154.31,231,"28,288",1978,
202003,16,세종특별자치시 조치원읍 상리,단독,8m미만,30.36,50,"5,030",1951,
202003,16,세종특별자치시 조치원읍 신흥리,단독,12m미만,178.18,331,"37,000",1986,
202003,17,세종특별자치시 조치원읍 상리,단독,12m미만,101.31,225,"25,133",1990,
202003,18,세종특별자치시 장군면 금암리,단독,8m미만,185.92,1104,"89,800",2006,
202003,18,세종특별자치시 장군면 금암리,단독,8m미만,185.92,1104,"90,000",,20200519
202003,20,세종특별자치시 부강면 문곡리,단독,8m미만,71.5,298,"6,000",1994,
202003,20,세종특별자치시 조치원읍 침산리,다가구,8m미만,389.02,250.1,"96,000",2013,
202003,21,세종특별자치시 금남면 영대리,단독,8m미만,93.99,713,"19,400",1940,
202003,21,세종특별자치시 조치원읍 신흥리,단독,8m미만,99.12,106,"11,400",1995,
202003,23,세종특별자치시 소정면 운당리,단독,8m미만,125.06,390,"12,000",1980,
202003,23,세종특별자치시 전동면 청송리,단독,8m미만,71.1,323,"9,000",1980,
202003,23,세종특별자치시 전의면 읍내리,단독,12m미만,90,482,"16,500",1999,20201130
202003,23,세종특별자치시 조치원읍 상리,단독,12m미만,61.72,129,"16,676",1979,
202003,23,세종특별자치시 조치원읍 죽림리,단독,12m미만,236.88,230,"24,000",1995,
202003,23,세종특별자치시 조치원읍 침산리,단독,8m미만,51.17,228,"12,000",1936,
202003,26,세종특별자치시 금남면 황용리,단독,8m미만,50,200,"20,400",2008,
202003,26,세종특별자치시 조치원읍 정리,단독,8m미만,70.18,83,"9,000",1979,
202003,28,세종특별자치시 금남면 원봉리,단독,8m미만,91.63,307.67,"14,250",2006,
202003,30,세종특별자치시 장군면 금암리,단독,8m미만,174.24,494,"49,091",2018,
202003,31,세종특별자치시 조치원읍 남리,단독,12m미만,75.36,112,"11,880",1971,
202004,1,세종특별자치시 소정면 대곡리,단독,8m미만,119.8,496,"15,250",2015,
202004,1,세종특별자치시 전동면 송성리,단독,8m미만,73.72,394,"10,000",1958,
202004,2,세종특별자치시 소정면 운당리,단독,8m미만,69,450,"10,500",1991,
202004,2,세종특별자치시 전동면 노장리,단독,8m미만,99.09,310,"10,420",1994,
202004,3,세종특별자치시 장군면 산학리,단독,8m미만,97.44,489,"36,500",2017,
202004,6,세종특별자치시 장군면 금암리,단독,8m미만,146.85,729,"52,300",2005,
202004,7,세종특별자치시 조치원읍 교리,단독,8m미만,84.7,170.6,"19,500",2002,
202004,9,세종특별자치시 금남면 대박리,단독,8m미만,114.03,330,"37,000",2007,
202004,9,세종특별자치시 연기면 연기리,단독,8m미만,76.68,179,"11,500",1990,
202004,13,세종특별자치시 금남면 대박리,단독,8m미만,157.05,362,"42,441",2015,
202004,13,세종특별자치시 연서면 월하리,단독,8m미만,68.1,368,"16,000",1950,
202004,13,세종특별자치시 조치원읍 명리,단독,8m미만,68.43,175,"17,000",1973,
202004,13,세종특별자치시 조치원읍 상리,단독,25m미만,154.96,155,"16,400",1981,
202004,16,세종특별자치시 조치원읍 교리,단독,12m미만,122.76,304.5,"31,000",1975,
202004,16,세종특별자치시 조치원읍 명리,단독,12m미만,48.8,205,"16,000",1951,
202004,18,세종특별자치시 금남면 도암리,단독,8m미만,74.5,495,"28,000",1999,
202004,18,세종특별자치시 전의면 읍내리,단독,12m미만,243.24,205,"32,000",1997,
202004,18,세종특별자치시 조치원읍 신흥리,단독,8m미만,65.01,147,"10,200",1979,
202004,20,세종특별자치시 전동면 청송리,단독,8m미만,144.5,720,"26,600",2016,
202004,20,세종특별자치시 전의면 읍내리,단독,12m미만,95.87,577,"59,265",1952,
202004,20,세종특별자치시 조치원읍 번암리,단독,8m미만,68.04,329,"28,000",1981,
202004,21,세종특별자치시 장군면 금암리,단독,8m미만,126,470,"44,750",2017,
202004,21,세종특별자치시 장군면 대교리,단독,8m미만,110.25,1059,"67,100",2013,
202004,22,세종특별자치시 장군면 도계리,단독,8m미만,81.88,1120,"23,800",2018,
202004,22,세종특별자치시 조치원읍 신흥리,단독,8m미만,92,221,"16,000",2001,
202004,23,세종특별자치시 조치원읍 신안리,다가구,8m미만,630,965,"68,700",2003,
202004,24,세종특별자치시 전의면 읍내리,단독,8m미만,63.6,470,"16,500",1985,
202004,25,세종특별자치시 연기면 연기리,단독,8m미만,39.67,274,"24,070",1961,
202004,27,세종특별자치시 전동면 송성리,단독,8m미만,73.72,394,"10,000",1958,
202004,28,세종특별자치시 전의면 동교리,단독,8m미만,58.86,344,"15,100",1976,
202004,29,세종특별자치시 장군면 용암리,단독,8m미만,151.06,650,"33,000",2017,
202004,29,세종특별자치시 조치원읍 평리,단독,8m미만,60.44,132,"7,350",1973,
202004,30,세종특별자치시 금남면 원봉리,단독,8m미만,179.34,460,"37,800",2006,
202005,1,세종특별자치시 조치원읍 신흥리,단독,12m미만,74.16,180,"15,000",1984,
202005,5,세종특별자치시 금남면 축산리,단독,8m미만,135.38,810,"27,000",2017,
202005,6,세종특별자치시 부강면 부강리,단독,8m미만,89.82,1249,"49,200",1995,
202005,6,세종특별자치시 조치원읍 교리,단독,8m미만,109.85,198.7,"21,800",1977,
202005,10,세종특별자치시 장군면 금암리,단독,8m미만,185.76,418,"58,200",2009,
202005,10,세종특별자치시 장군면 금암리,단독,8m미만,182.95,476,"56,000",1998,
202005,11,세종특별자치시 조치원읍 남리,단독,12m미만,91.54,132,"16,500",1980,
202005,13,세종특별자치시 연서면 쌍전리,단독,8m미만,36.69,750,"40,000",1940,
202005,15,세종특별자치시 조치원읍 교리,단독,8m미만,59.6,298.4,"24,500",1974,
202005,19,세종특별자치시 금남면 용포리,단독,8m미만,33.06,215,"19,900",1946,
202005,19,세종특별자치시 부강면 문곡리,단독,8m미만,117.3,512,"11,560",1990,
202005,19,세종특별자치시 전의면 읍내리,단독,8m미만,339.86,515,"88,087",2010,
202005,20,세종특별자치시 조치원읍 서창리,단독,8m미만,201.06,296,"23,500",1985,
202005,23,세종특별자치시 고운동,단독,12m미만,146.15,331,"72,500",2020,
202005,28,세종특별자치시 조치원읍 침산리,단독,8m미만,64,108,"15,000",1984,
202005,30,세종특별자치시 부강면 문곡리,단독,8m미만,74.38,339,"5,200",1936,
202006,3,세종특별자치시 연서면 봉암리,단독,8m미만,117.05,565,"26,500",2008,
202006,4,세종특별자치시 장군면 봉안리,다가구,8m미만,360.49,362,"83,010",2014,
202006,4,세종특별자치시 장군면 봉안리,다가구,8m미만,360.49,362,"83,010",2014,20200624
202006,4,세종특별자치시 조치원읍 신안리,다가구,8m미만,252.91,164,"37,000",2009,
202006,5,세종특별자치시 부강면 부강리,다가구,12m미만,609.08,368,"125,000",2017,
202006,6,세종특별자치시 연서면 국촌리,단독,8m미만,146.1,424,"15,000",1993,
202006,7,세종특별자치시 전동면 송곡리,단독,8m미만,133.96,595,"38,500",2015,
202006,8,세종특별자치시 금남면 용포리,단독,8m미만,99.58,660,"110,000",2005,
202006,9,세종특별자치시 전동면 노장리,단독,8m미만,72.4,683,"32,000",1942,
202006,9,세종특별자치시 전동면 보덕리,단독,8m미만,257.94,246,"20,000",2005,
202006,9,세종특별자치시 전동면 보덕리,단독,8m미만,257.94,381,"26,500",2005,20200709
202006,11,세종특별자치시 전의면 동교리,단독,8m미만,82.5,626,"40,000",1979,
202006,11,세종특별자치시 조치원읍 신안리,다가구,8m미만,615.38,591,"79,000",1995,
202006,11,세종특별자치시 조치원읍 신안리,다가구,8m미만,615.38,591,"79,000",1995,20200622
202006,12,세종특별자치시 조치원읍 명리,단독,12m미만,79.43,188,"17,200",1975,
202006,13,세종특별자치시 금남면 금천리,단독,8m미만,160.66,465,"34,000",2005,
202006,13,세종특별자치시 연서면 신대리,단독,8m미만,54,46.33,"3,500",2014,
202006,13,세종특별자치시 전의면 읍내리,단독,8m미만,200.05,957,"41,200",2015,
202006,13,세종특별자치시 조치원읍 남리,다가구,12m미만,381.62,231.4,"32,000",2002,
202006,17,세종특별자치시 조치원읍 교리,단독,12m미만,160.3,265.1,"32,000",1977,
202006,18,세종특별자치시 금남면 용포리,단독,8m미만,150.73,674,"156,578",2001,
202006,19,세종특별자치시 금남면 부용리,단독,8m미만,63.9,533,"35,000",2005,
202006,19,세종특별자치시 금남면 용포리,다가구,8m미만,650.39,420,"100,000",2014,
202006,19,세종특별자치시 전동면 송성리,단독,8m미만,51,436,"12,000",2013,
202006,20,세종특별자치시 금남면 용포리,단독,8m미만,36.36,370,"21,400",1954,
202006,20,세종특별자치시 조치원읍 서창리,다가구,12m미만,494.31,319,"72,000",2001,
202006,20,세종특별자치시 조치원읍 정리,단독,8m미만,49.47,63,"4,750",2015,
202006,24,세종특별자치시 금남면 대박리,단독,8m미만,176.81,375,"40,000",1990,
202006,24,세종특별자치시 연기면 연기리,단독,8m미만,68.76,232,"19,000",1992,
202006,25,세종특별자치시 연서면 청라리,단독,8m미만,112.86,331,"15,000",2003,
202006,25,세종특별자치시 전의면 동교리,단독,8m미만,69.6,346,"24,000",1994,
202006,26,세종특별자치시 금남면 도남리,단독,8m미만,69.9,694,"43,800",2012,20200901
202006,26,세종특별자치시 금남면 도남리,단독,8m미만,69.9,694,"43,800",2012,
202006,26,세종특별자치시 연서면 봉암리,다가구,8m미만,435,438,"66,000",2013,
202006,29,세종특별자치시 부강면 문곡리,단독,8m미만,139.81,970,"27,000",2019,
202006,29,세종특별자치시 연기면 연기리,단독,8m미만,32.4,170,"15,900",1999,
202006,29,세종특별자치시 조치원읍 남리,단독,8m미만,83.7,269.9,"24,150",1995,
202006,30,세종특별자치시 조치원읍 신흥리,단독,8m미만,72.97,235,"22,000",1979,
202007,1,세종특별자치시 부강면 산수리,단독,8m미만,90.61,419,"16,000",1960,
202007,3,세종특별자치시 금남면 남곡리,단독,8m미만,87.15,461,"54,000",1954,
202007,3,세종특별자치시 연서면 봉암리,단독,12m미만,61.82,311,"30,000",1930,
202007,4,세종특별자치시 장군면 송문리,단독,8m미만,83.34,1099,"22,500",2015,20201230
202007,5,세종특별자치시 전동면 심중리,단독,8m미만,61.16,347,"15,000",2000,
202007,6,세종특별자치시 부강면 행산리,단독,8m미만,189.25,660,"10,000",2000,
202007,6,세종특별자치시 장군면 송문리,단독,8m미만,49.59,781,"15,000",1982,
202007,8,세종특별자치시 조치원읍 신안리,단독,12m미만,250.65,660,"97,000",1996,
202007,9,세종특별자치시 조치원읍 신안리,다가구,8m미만,473.31,309,"57,000",1998,
202007,13,세종특별자치시 조치원읍 교리,단독,8m미만,83.32,144.6,"13,000",1982,
202007,14,세종특별자치시 아름동,단독,12m미만,149.28,305,"83,000",2020,
202007,14,세종특별자치시 장군면 송문리,단독,8m미만,83.34,1099,"22,500",2015,
202007,16,세종특별자치시 소정면 운당리,단독,8m미만,284,417,"20,000",1984,
202007,17,세종특별자치시 장군면 대교리,단독,8m미만,98.96,664,"39,300",2017,
202007,18,세종특별자치시 장군면 금암리,단독,8m미만,132.97,511,"29,400",1959,
202007,20,세종특별자치시 연서면 기룡리,단독,8m미만,84.46,631,"20,000",1940,
202007,22,세종특별자치시 장군면 송문리,단독,8m미만,156.05,795,"28,000",2015,
202007,23,세종특별자치시 부강면 부강리,단독,8m미만,109.37,700,"37,800",1961,20200810
202007,23,세종특별자치시 부강면 부강리,단독,8m미만,109.37,700,"37,800",1961,
202007,23,세종특별자치시 부강면 부강리,단독,8m미만,130.37,700,"37,900",1961,20200810
202007,23,세종특별자치시 전의면 동교리,단독,8m미만,73.49,400,"23,000",1980,
202007,23,세종특별자치시 조치원읍 죽림리,단독,12m미만,64.87,170,"24,000",1980,20200819
202007,24,세종특별자치시 고운동,단독,12m미만,185.01,256.5,"77,822",2020,
202007,27,세종특별자치시 금남면 원봉리,단독,8m미만,97.45,704,"31,450",2018,
202007,27,세종특별자치시 금남면 원봉리,단독,8m미만,97.45,704,"31,300",2018,20200913
202007,28,세종특별자치시 장군면 금암리,단독,8m미만,67.48,589,"67,523",2006,
202007,28,세종특별자치시 장군면 금암리,단독,8m미만,64.61,646,"74,058",2006,
202007,28,세종특별자치시 장군면 금암리,단독,8m미만,76.72,718,"84,225",2007,20201027
202007,28,세종특별자치시 장군면 금암리,단독,8m미만,63.27,761,"85,297",2007,20201027
202007,28,세종특별자치시 장군면 은용리,단독,8m미만,99.16,592,"56,000",1998,
202007,28,세종특별자치시 장군면 은용리,단독,8m미만,99.16,592,"52,000",1998,20200810
202007,28,세종특별자치시 전의면 읍내리,단독,8m미만,93.82,560,"20,500",1985,
202007,29,세종특별자치시 연서면 월하리,단독,8m미만,152.88,240,"50,000",1988,
202007,29,세종특별자치시 장군면 대교리,단독,8m미만,70.44,485,"29,000",1992,
202007,29,세종특별자치시 장군면 도계리,단독,8m미만,104.45,976,"75,000",1990,
202007,29,세종특별자치시 전의면 신방리,단독,8m미만,27,145,"4,300",2015,
202007,29,세종특별자치시 조치원읍 교리,단독,8m미만,77.36,255,"16,000",1952,
202007,30,세종특별자치시 연서면 쌍류리,단독,8m미만,93.24,402,"20,000",2003,
202007,30,세종특별자치시 전동면 송정리,단독,12m미만,59.4,660,"12,000",1999,
202007,31,세종특별자치시 금남면 달전리,단독,8m미만,72.3,551,"33,000",1925,20200915
202008,3,세종특별자치시 도담동,단독,12m미만,137.27,329,"90,000",2016,20201201
202008,3,세종특별자치시 전의면 신정리,단독,8m미만,126.28,456,"10,500",1935,
202008,4,세종특별자치시 조치원읍 상리,단독,25m미만,152.84,210,"55,000",1981,
202008,4,세종특별자치시 조치원읍 상리,단독,25m미만,152.94,210,"55,000",1981,20201210
202008,4,세종특별자치시 조치원읍 상리,단독,25m미만,152.94,210,"55,000",1981,20200915
202008,6,세종특별자치시 소정면 대곡리,단독,8m미만,88.5,476,"8,470",2002,
202008,7,세종특별자치시 조치원읍 침산리,단독,8m미만,50.6,76,"8,200",1975,
202008,9,세종특별자치시 연동면 내판리,단독,8m미만,59.5,445,"35,000",1978,20201006
202008,9,세종특별자치시 연동면 내판리,단독,8m미만,59.5,445,"35,000",1978,
202008,10,세종특별자치시 연서면 고복리,단독,8m미만,123.96,503,"41,810",2014,
202008,10,세종특별자치시 조치원읍 교리,단독,8m미만,124.14,2202.6,"21,000",1979,20201121
202008,12,세종특별자치시 부강면 금호리,단독,8m미만,68.64,581,"29,400",1999,
202008,12,세종특별자치시 연기면 연기리,단독,8m미만,82.64,340,"36,000",1999,
202008,12,세종특별자치시 조치원읍 남리,단독,8m미만,61.71,118,"5,000",1977,
202008,13,세종특별자치시 조치원읍 정리,단독,25m미만,343.16,192,"58,000",1989,
202008,14,세종특별자치시 연기면 눌왕리,단독,8m미만,82.65,532,"19,000",1990,
202008,14,세종특별자치시 연기면 보통리,다가구,12m미만,481.96,483,"78,200",2013,
202008,14,세종특별자치시 조치원읍 죽림리,단독,12m미만,88.08,159,"17,800",1976,
202008,15,세종특별자치시 연기면 연기리,단독,8m미만,62.7,307,"38,500",1962,
202008,15,세종특별자치시 조치원읍 남리,단독,8m미만,37.85,118,"10,000",1977,
202008,17,세종특별자치시 소정면 대곡리,단독,8m미만,52.6,237,"5,300",1985,
202008,19,세종특별자치시 조치원읍 죽림리,단독,12m미만,64.87,170,"24,000",1980,
202008,20,세종특별자치시 부강면 노호리,단독,8m미만,73.2,1185,"25,000",1979,20200917
202008,20,세종특별자치시 장군면 도계리,단독,8m미만,167.82,490,"53,000",2018,
202008,20,세종특별자치시 장군면 도계리,단독,8m미만,167.82,490,"53,000",2018,20201029
202008,21,세종특별자치시 전의면 신정리,단독,8m미만,99.87,583,"39,500",2002,
202008,21,세종특별자치시 전의면 신정리,단독,8m미만,99.87,928,"50,000",2002,20201013
202008,22,세종특별자치시 조치원읍 신안리,다가구,25m미만,359.4,398,"57,000",1996,
202008,22,세종특별자치시 조치원읍 신흥리,단독,8m미만,88.7,128,"11,000",1974,
202008,24,세종특별자치시 금남면 봉암리,단독,8m미만,54.51,253,"15,900",1910,20200926
202008,26,세종특별자치시 금남면 달전리,단독,8m미만,22.5,403,"27,500",2017,
202008,26,세종특별자치시 조치원읍 교리,단독,8m미만,84.7,170.6,"21,200",2002,
202008,26,세종특별자치시 조치원읍 신흥리,단독,12m미만,62.62,160,"18,000",1980,
202008,27,세종특별자치시 연서면 봉암리,단독,12m미만,57.36,96,"31,500",2000,
202009,4,세종특별자치시 조치원읍 교리,단독,12m미만,109.9,114,"9,800",1995,
202009,6,세종특별자치시 장군면 금암리,단독,8m미만,194.52,873,"76,200",2006,
202009,10,세종특별자치시 금남면 성강리,단독,8m미만,65.18,443,"14,930",1999,
202009,10,세종특별자치시 부강면 부강리,단독,12m미만,65.72,208,"18,700",1979,
202009,11,세종특별자치시 부강면 부강리,단독,12m미만,112.18,992,"158,554",1915,
202009,11,세종특별자치시 조치원읍 신흥리,단독,8m미만,144.76,205,"25,000",1979,
202009,12,세종특별자치시 금남면 대박리,단독,8m미만,157.05,395,"41,700",2015,
202009,12,세종특별자치시 장군면 대교리,단독,12m미만,147.77,290,"41,750",2017,
202009,14,세종특별자치시 전의면 서정리,단독,8m미만,120.33,403,"9,000",1960,
202009,15,세종특별자치시 금남면 원봉리,단독,12m미만,99.43,704,"45,000",2014,
202009,15,세종특별자치시 전의면 유천리,단독,8m미만,57.19,513,"7,000",1974,
202009,16,세종특별자치시 연서면 성제리,단독,8m미만,98.66,1289,"40,000",1989,
202009,19,세종특별자치시 조치원읍 신흥리,단독,12m미만,66.1,183,"30,000",2015,
202009,22,세종특별자치시 연서면 청라리,단독,8m미만,48.93,336.7,"8,200",1955,
202009,23,세종특별자치시 장군면 봉안리,단독,8m미만,105.8,465,"68,658",1995,
202009,23,세종특별자치시 조치원읍 신안리,다가구,8m미만,376.29,195,"29,000",1995,
202009,24,세종특별자치시 금남면 호탄리,단독,8m미만,102.98,863,"145,000",1996,
202009,24,세종특별자치시 연기면 보통리,다가구,8m미만,493.86,505,"90,000",,20201015
202009,24,세종특별자치시 연기면 보통리,다가구,8m미만,493.86,505,"89,000",1990,
202009,24,세종특별자치시 연기면 보통리,다가구,8m미만,493.86,532,"90,000",,20201015
202009,24,세종특별자치시 연기면 보통리,다가구,8m미만,493.86,532,"89,000",2014,
202009,24,세종특별자치시 연기면 보통리,다가구,8m미만,493.86,595.2,"90,000",,20201015
202009,24,세종특별자치시 연기면 보통리,다가구,8m미만,493.86,619.8,"90,000",,20201015
202009,24,세종특별자치시 전의면 동교리,단독,12m미만,221.91,261.2,"44,000",2012,
202009,25,세종특별자치시 조치원읍 평리,단독,8m미만,77.19,194.7,"17,209",1980,
202009,28,세종특별자치시 금남면 봉암리,단독,8m미만,54.51,253,"15,900",1910,
202009,29,세종특별자치시 소정면 대곡리,단독,8m미만,116.85,469,"12,000",2010,
202009,30,세종특별자치시 전의면 유천리,단독,8m미만,71.64,271,"10,500",1997,
202010,5,세종특별자치시 금남면 금천리,단독,8m미만,80,1253,"39,560",2010,
202010,5,세종특별자치시 부강면 행산리,단독,8m미만,43.05,1253,"19,700",2020,
202010,7,세종특별자치시 장군면 도계리,단독,-,235.71,950,"150,000",1990,20201020
202010,13,세종특별자치시 장군면 도계리,단독,8m미만,76,403,"29,700",1978,
202010,14,세종특별자치시 연기면 보통리,다가구,8m미만,481.96,488,"93,560",1990,
202010,14,세종특별자치시 연기면 보통리,다가구,8m미만,481.96,488,"89,000",1990,20201127
202010,15,세종특별자치시 연서면 고복리,단독,8m미만,138.96,860,"82,400",2017,
202010,15,세종특별자치시 조치원읍 교리,단독,12m미만,201.69,201.69,"28,000",1988,20201111
202010,15,세종특별자치시 조치원읍 교리,단독,12m미만,201.69,285.6,"32,700",1988,
202010,15,세종특별자치시 조치원읍 죽림리,단독,8m미만,98.73,167,"23,000",1979,
202010,16,세종특별자치시 연서면 월하리,단독,8m미만,212.91,496,"35,000",2009,
202010,16,세종특별자치시 전의면 읍내리,단독,12m미만,67.44,614,"56,383",1925,
202010,16,세종특별자치시 조치원읍 명리,단독,12m미만,79.43,188,"24,700",1975,
202010,20,세종특별자치시 연동면 송용리,단독,8m미만,82.71,228,"15,700",1990,
202010,20,세종특별자치시 장군면 대교리,단독,8m미만,80.56,401,"29,000",1980,
202010,20,세종특별자치시 조치원읍 상리,단독,8m미만,171.97,126,"31,476",1996,
202010,21,세종특별자치시 연동면 내판리,단독,8m미만,84.32,661,"51,000",1995,
202010,26,세종특별자치시 부강면 금호리,단독,8m미만,142.96,193.26,"24,377",2016,
202010,26,세종특별자치시 전동면 송곡리,단독,8m미만,108.1,623,"15,000",1950,
202010,26,세종특별자치시 조치원읍 신안리,다가구,12m미만,378.81,263,"49,000",1999,
202010,27,세종특별자치시 소정면 대곡리,단독,8m미만,83.43,351,"10,500",1981,
202010,29,세종특별자치시 연서면 봉암리,단독,8m미만,72.2,244,"20,000",1988,
202010,29,세종특별자치시 조치원읍 평리,단독,8m미만,141.3,159,"13,000",1985,
202010,30,세종특별자치시 연기면 보통리,단독,8m미만,66,238,"18,000",1990,
202011,1,세종특별자치시 연서면 신대리,단독,8m미만,72.09,373,"22,000",2013,
202011,2,세종특별자치시 금남면 두만리,단독,8m미만,114.37,397,"30,000",2004,
202011,2,세종특별자치시 금남면 용담리,단독,8m미만,54.78,203,"9,000",1963,
202011,2,세종특별자치시 금남면 용담리,단독,8m미만,69.91,387,"23,000",1963,
202011,2,세종특별자치시 연서면 기룡리,단독,8m미만,54.22,374,"10,000",1960,
202011,2,세종특별자치시 전의면 관정리,단독,25m미만,183.13,489,"30,000",2002,
202011,3,세종특별자치시 연서면 성제리,단독,8m미만,60.79,196,"13,800",1990,
202011,3,세종특별자치시 전동면 미곡리,단독,8m미만,246.25,740,"35,000",2004,
202011,3,세종특별자치시 조치원읍 신흥리,단독,12m미만,122.91,124,"23,000",1987,
202011,4,세종특별자치시 전동면 노장리,단독,8m미만,113.9,470,"11,855",2007,
202011,4,세종특별자치시 전동면 노장리,단독,8m미만,306.56,990,"28,491",2005,
202011,4,세종특별자치시 조치원읍 죽림리,단독,12m미만,123.96,118,"20,000",1986,
202011,5,세종특별자치시 금남면 대박리,단독,8m미만,157.05,362,"41,700",2015,
202011,5,세종특별자치시 금남면 대박리,단독,8m미만,157.05,362,"41,700",2015,20210128
202011,6,세종특별자치시 장군면 금암리,단독,8m미만,190.6,486,"44,000",2004,
202011,9,세종특별자치시 조치원읍 신안리,다가구,8m미만,533.76,368,"59,950",2000,20210109
202011,9,세종특별자치시 조치원읍 신안리,다가구,8m미만,733.17,464,"59,950",2000,
202011,10,세종특별자치시 조치원읍 교리,단독,25m미만,218.18,125.4,"50,000",1993,
202011,10,세종특별자치시 조치원읍 서창리,다가구,8m미만,487.67,310,"37,000",2002,
202011,11,세종특별자치시 부강면 문곡리,단독,8m미만,83.16,579,"22,000",1990,
202011,11,세종특별자치시 전의면 동교리,단독,8m미만,27.44,303,"31,000",1945,
202011,12,세종특별자치시 금남면 용포리,다가구,8m미만,417.65,300,"85,000",2014,
202011,13,세종특별자치시 아름동,단독,12m미만,199.49,346.5,"85,000",2020,
202011,13,세종특별자치시 연동면 응암리,단독,8m미만,135.5,660,"15,000",1990,
202011,14,세종특별자치시 전동면 송성리,단독,8m미만,56.86,261,"8,500",1901,
202011,15,세종특별자치시 연동면 내판리,단독,8m미만,72.62,466,"52,000",2017,
202011,16,세종특별자치시 금남면 성덕리,단독,8m미만,62.81,559,"22,800",1928,
202011,17,세종특별자치시 금남면 발산리,단독,12m미만,131.64,330,"56,000",2010,
202011,17,세종특별자치시 부강면 금호리,단독,12m미만,99.82,897,"86,200",2009,
202011,17,세종특별자치시 조치원읍 상리,단독,12m미만,97.86,210,"25,000",1996,
202011,17,세종특별자치시 조치원읍 신안리,단독,8m미만,139.18,166,"20,000",1981,
202011,17,세종특별자치시 조치원읍 원리,단독,12m미만,138.8,148.4,"28,000",1974,
202011,18,세종특별자치시 장군면 대교리,단독,8m미만,154.97,542,"33,500",2018,
202011,19,세종특별자치시 고운동,단독,12m미만,249.97,341,"124,000",2015,20210104
202011,19,세종특별자치시 연서면 쌍류리,단독,8m미만,116.64,285,"10,800",1997,
202011,20,세종특별자치시 금남면 원봉리,단독,8m미만,145.4,936,"80,000",2006,
202011,20,세종특별자치시 장군면 은용리,단독,8m미만,89.1,626,"25,000",1997,
202011,20,세종특별자치시 조치원읍 교리,단독,8m미만,124.14,202.6,"33,500",1979,
202011,25,세종특별자치시 장군면 송문리,단독,8m미만,96.7,665,"36,000",2011,
202011,25,세종특별자치시 조치원읍 명리,단독,12m미만,99.58,188,"18,800",1976,
202011,25,세종특별자치시 조치원읍 신흥리,단독,12m미만,53.46,146,"14,900",1974,
202011,26,세종특별자치시 조치원읍 명리,단독,8m미만,77.82,149,"18,000",1989,
202011,27,세종특별자치시 금남면 용포리,다가구,8m미만,272.08,169,"58,500",2013,
202011,28,세종특별자치시 금남면 영대리,단독,8m미만,113.02,797,"37,000",1962,
202011,28,세종특별자치시 연서면 월하리,단독,-,79.43,283,"22,000",2020,20210121
202011,28,세종특별자치시 연서면 월하리,단독,8m미만,79.43,283,"22,000",1980,
202011,28,세종특별자치시 전동면 석곡리,단독,8m미만,83.01,690,"17,500",1985,
202011,28,세종특별자치시 전의면 읍내리,단독,12m미만,90,482,"16,500",1999,
202011,30,세종특별자치시 연동면 문주리,단독,8m미만,72.5,333,"20,716",1998,
202011,30,세종특별자치시 전동면 송곡리,단독,8m미만,160.31,730,"19,140",1996,
202012,1,세종특별자치시 장군면 대교리,단독,12m미만,97.74,624,"90,000",1998,
202012,1,세종특별자치시 장군면 도계리,단독,8m미만,79.33,167,"10,000",1960,
202012,2,세종특별자치시 연동면 문주리,단독,8m미만,49.59,726,"70,276",1911,
202012,3,세종특별자치시 금남면 영대리,단독,8m미만,99.27,99.27,"6,500",1997,
202012,3,세종특별자치시 연기면 보통리,다가구,8m미만,481.96,483,"96,600",2014,
202012,3,세종특별자치시 연서면 월하리,단독,8m미만,187.25,490,"33,000",1995,
202012,3,세종특별자치시 조치원읍 서창리,단독,8m미만,32.34,243,"14,000",1937,
202012,4,세종특별자치시 연서면 봉암리,단독,8m미만,67.5,146,"12,500",1980,
202012,4,세종특별자치시 조치원읍 명리,단독,12m미만,67.45,188,"18,500",1978,
202012,4,세종특별자치시 조치원읍 상리,단독,8m미만,113.19,326,"24,822",1946,
202012,4,세종특별자치시 조치원읍 서창리,단독,25m미만,93,231,"8,060",1959,
202012,5,세종특별자치시 연서면 청라리,단독,8m미만,105.78,657.4,"22,000",1968,
202012,7,세종특별자치시 금남면 용포리,다가구,8m미만,429.99,461,"70,000",2012,
202012,7,세종특별자치시 조치원읍 신흥리,단독,12m미만,53.46,113,"12,000",1974,
202012,9,세종특별자치시 장군면 도계리,단독,8m미만,36.36,334,"50,500",1947,
202012,9,세종특별자치시 장군면 봉안리,단독,8m미만,177.84,573,"73,217",2017,
202012,10,세종특별자치시 장군면 송문리,단독,8m미만,199.78,466,"22,000",2005,20201216
202012,10,세종특별자치시 조치원읍 신안리,다가구,8m미만,189.12,150,"17,700",1999,
202012,11,세종특별자치시 금남면 영치리,단독,8m미만,196.4,330,"30,296",2005,
202012,12,세종특별자치시 장군면 도계리,다가구,8m미만,500.25,504,"72,850",2013,
202012,14,세종특별자치시 금남면 성덕리,단독,8m미만,140.13,554,"30,700",1985,
202012,14,세종특별자치시 연기면 수산리,단독,8m미만,104.98,493,"34,710",2018,20210209
202012,14,세종특별자치시 연기면 수산리,단독,8m미만,104.98,493,"34,664",2018,
202012,14,세종특별자치시 조치원읍 평리,단독,8m미만,55.32,132,"10,500",1975,
202012,18,세종특별자치시 연서면 기룡리,단독,8m미만,45.95,217,"4,000",1945,
202012,19,세종특별자치시 부강면 부강리,단독,8m미만,66.06,690,"24,750",1982,
202012,21,세종특별자치시 연서면 청라리,단독,12m미만,75.2,719,"44,500",1997,
202012,22,세종특별자치시 연기면 연기리,단독,8m미만,84.24,522,"53,000",1993,
202012,23,세종특별자치시 연동면 내판리,단독,8m미만,50.96,360,"9,000",2004,
202012,24,세종특별자치시 금남면 금천리,단독,8m미만,76.08,440,"20,000",1944,
202012,24,세종특별자치시 금남면 도남리,단독,8m미만,180.13,551,"67,100",2004,
202012,24,세종특별자치시 연서면 봉암리,단독,8m미만,117.79,332,"17,500",1983,
202012,28,세종특별자치시 금남면 대박리,단독,8m미만,121.63,521,"52,000",2015,
202012,28,세종특별자치시 전동면 노장리,단독,8m미만,191.34,660,"16,000",1998,
202012,29,세종특별자치시 장군면 도계리,단독,8m미만,235.71,950,"47,100",1990,
202012,29,세종특별자치시 전동면 미곡리,단독,8m미만,129.96,1482,"35,000",2014,
202012,30,세종특별자치시 조치원읍 원리,단독,8m미만,205.05,142.8,"30,000",1977,
202012,31,세종특별자치시 전의면 동교리,단독,8m미만,120.69,274,"10,000",1993,
