계약년월,계약일,시군구,본번,부번,건물명,전월세구분,전용면적(㎡),보증금(만원),월세(만원),층,건축년도
201701,18,세종특별자치시 금남면 도남리,95,0,금강의휴양림마을(프로방스빌),월세,52.182,"1,000",40,2,2015
201703,16,세종특별자치시 금남면 도남리,95,0,금강의휴양림마을(프로방스빌),월세,52.182,"1,000",40,4,2015
201706,20,세종특별자치시 금남면 도남리,95,0,금강의휴양림마을(프로방스빌),월세,54.342,"2,000",25,1,2015
201706,20,세종특별자치시 금남면 도남리,95,0,금강의휴양림마을(프로방스빌),월세,54.342,"1,000",35,2,2015
201709,7,세종특별자치시 금남면 도남리,95,0,금강의휴양림마을(프로방스빌),월세,54.342,"2,000",30,4,2015
201709,22,세종특별자치시 금남면 도남리,95,0,금강의휴양림마을(프로방스빌),월세,54.342,500,45,4,2015
201709,27,세종특별자치시 금남면 용포리,148,4,금융주택(148-4),전세,57.24,"4,000",0,3,1992
201702,13,세종특별자치시 도담동,674,0,까사누보,월세,27.6012,500,40,6,2015
201702,16,세종특별자치시 도담동,674,0,까사누보,월세,22.686,500,38,6,2015
201702,25,세종특별자치시 도담동,674,0,까사누보,월세,22.686,"2,000",35,6,2015
201703,10,세종특별자치시 도담동,674,0,까사누보,월세,27.6012,500,40,4,2015
201704,2,세종특별자치시 도담동,674,0,까사누보,월세,22.686,500,38,6,2015
201705,19,세종특별자치시 도담동,674,0,까사누보,월세,22.686,500,40,5,2015
201706,4,세종특별자치시 도담동,674,0,까사누보,월세,21.422,500,38,5,2015
201706,29,세종특별자치시 도담동,674,0,까사누보,월세,22.7964,500,37,3,2015
201707,4,세종특별자치시 도담동,674,0,까사누보,월세,22.686,500,35,5,2015
201707,4,세종특별자치시 도담동,674,0,까사누보,월세,21.422,500,38,5,2015
201707,10,세종특별자치시 도담동,674,0,까사누보,월세,22.686,500,38,5,2015
201707,26,세종특별자치시 도담동,674,0,까사누보,전세,22.686,"8,500",0,6,2015
201708,28,세종특별자치시 도담동,674,0,까사누보,월세,33.418,500,45,3,2015
201708,31,세종특별자치시 도담동,674,0,까사누보,월세,21.422,500,35,6,2015
201709,2,세종특별자치시 도담동,674,0,까사누보,월세,22.686,"1,000",33,5,2015
201709,30,세종특별자치시 도담동,674,0,까사누보,월세,22.686,500,36,5,2015
201711,18,세종특별자치시 도담동,674,0,까사누보,월세,21.422,500,30,3,2015
201712,3,세종특별자치시 도담동,674,0,까사누보,월세,22.7964,400,50,3,2015
201712,18,세종특별자치시 도담동,674,0,까사누보,월세,21.422,300,35,4,2015
201712,20,세종특별자치시 도담동,674,0,까사누보,월세,22.686,"1,000",35,3,2015
201701,18,세종특별자치시 부강면 부강리,990,9,상당3동,전세,50.73,"2,500",0,2,1990
201711,30,세종특별자치시 부강면 부강리,990,5,상당7동,월세,37.33,"1,000",20,-1,1990
201703,21,세종특별자치시 부강면 부강리,401,180,주연빌라,전세,44.93,"3,000",0,1,1991
201702,22,세종특별자치시 연서면 월하리,618,1,삼풍,전세,54.09,"3,500",0,1,1991
201707,17,세종특별자치시 전의면 동교리,197,20,재동빌라,전세,69.96,"3,000",0,4,1993
201706,22,세종특별자치시 조치원읍 교리,7,3,교동거성빌라,전세,46.89,"4,500",0,2,1991
201701,7,세종특별자치시 조치원읍 남리,349,0,꿈동산,월세,17.982,"1,000",24,4,2013
201701,21,세종특별자치시 조치원읍 남리,349,0,꿈동산,전세,13.628,"3,500",0,4,2013
201703,4,세종특별자치시 조치원읍 남리,60,2,세종 팰리스 1동,전세,21.4,"3,000",0,4,2012
201705,10,세종특별자치시 조치원읍 남리,60,2,세종 팰리스 1동,전세,15.51,"3,000",0,4,2012
201705,18,세종특별자치시 조치원읍 남리,60,2,세종 팰리스 1동,전세,14.53,"3,000",0,4,2012
201706,16,세종특별자치시 조치원읍 남리,60,2,세종 팰리스 1동,전세,37.4,"3,000",0,2,2012
201709,30,세종특별자치시 조치원읍 남리,60,2,세종 팰리스 1동,전세,14.53,"3,000",0,2,2012
201701,17,세종특별자치시 조치원읍 남리,60,8,세종 팰리스 2동,전세,14.54,"3,000",0,3,2012
201701,21,세종특별자치시 조치원읍 남리,60,8,세종 팰리스 2동,전세,14.67,"3,000",0,3,2012
201702,16,세종특별자치시 조치원읍 남리,60,8,세종 팰리스 2동,전세,17.31,"3,300",0,3,2012
201703,29,세종특별자치시 조치원읍 남리,60,8,세종 팰리스 2동,전세,14.54,"3,300",0,3,2012
201705,13,세종특별자치시 조치원읍 남리,60,8,세종 팰리스 2동,전세,23.16,"3,300",0,4,2012
201708,16,세종특별자치시 조치원읍 남리,60,8,세종 팰리스 2동,월세,14.67,"2,000",10,2,2012
201703,22,세종특별자치시 조치원읍 남리,62,6,세종 팰리스 3동,전세,14.86,"3,000",0,3,2012
201709,8,세종특별자치시 조치원읍 명리,79,1,장안하이빌,월세,18.6527,300,30,4,2012
201701,11,세종특별자치시 조치원읍 봉산리,190,13,마이움 101동,전세,15.04,"3,500",0,1,2014
201702,10,세종특별자치시 조치원읍 봉산리,190,13,마이움 101동,월세,14.81,200,35,1,2014
201701,17,세종특별자치시 조치원읍 봉산리,190,11,마이움 102동,월세,15.84,"1,000",15,3,2014
201701,18,세종특별자치시 조치원읍 봉산리,190,11,마이움 102동,전세,20.16,"3,500",0,1,2014
201701,21,세종특별자치시 조치원읍 봉산리,190,11,마이움 102동,전세,20.16,"3,500",0,4,2014
201702,11,세종특별자치시 조치원읍 봉산리,190,11,마이움 102동,전세,15.84,"3,500",0,1,2014
201702,14,세종특별자치시 조치원읍 봉산리,190,11,마이움 102동,전세,15.84,"3,500",0,1,2014
201702,21,세종특별자치시 조치원읍 봉산리,190,11,마이움 102동,전세,20.16,"3,000",0,3,2014
201707,23,세종특별자치시 조치원읍 상리,124,2,다원Ⅱ,전세,19.52,"4,000",0,3,2014
201708,23,세종특별자치시 조치원읍 상리,124,2,다원Ⅱ,월세,18.94,200,28,5,2014
201707,4,세종특별자치시 조치원읍 상리,121,4,제이드팰리스,월세,32.21,"2,000",30,5,2015
201709,25,세종특별자치시 조치원읍 상리,121,4,제이드팰리스,월세,29.99,"1,500",40,5,2015
201709,26,세종특별자치시 조치원읍 상리,121,4,제이드팰리스,전세,25.41,"3,000",0,7,2015
201712,16,세종특별자치시 조치원읍 서창리,297,8,강원빌,월세,23.7569,100,30,5,2013
201705,27,세종특별자치시 조치원읍 서창리,182,0,서창연립,월세,50.32,"1,000",22,3,1986
201705,31,세종특별자치시 조치원읍 서창리,140,28,장미연립,전세,48.69,"4,000",0,3,1991
201701,19,세종특별자치시 조치원읍 서창리,295,6,홈인 레지던스,전세,20.22,"3,700",0,2,2013
201702,14,세종특별자치시 조치원읍 서창리,295,6,홈인 레지던스,전세,20.19,"3,500",0,5,2013
201712,22,세종특별자치시 조치원읍 서창리,295,6,홈인 레지던스,전세,17.66,"3,800",0,2,2013
201701,7,세종특별자치시 조치원읍 신안리,387,7,비스하우스,전세,26.53,"5,000",0,3,2013
201704,20,세종특별자치시 조치원읍 신흥리,24,3,신흥연립,전세,70.42,"3,000",0,2,1982
201710,26,세종특별자치시 조치원읍 신흥리,24,3,신흥연립,전세,70.42,"4,200",0,3,1982
201702,21,세종특별자치시 조치원읍 신흥리,106,0,주공연립,전세,55.35,"6,500",0,1,1984
201705,6,세종특별자치시 조치원읍 신흥리,106,0,주공연립,월세,57.51,"3,000",20,3,1984
201707,30,세종특별자치시 조치원읍 신흥리,106,0,주공연립,월세,55.35,500,30,1,1984
201709,9,세종특별자치시 조치원읍 신흥리,106,0,주공연립,전세,67.9,"3,000",0,1,1984
201711,8,세종특별자치시 조치원읍 신흥리,106,0,주공연립,월세,67.9,"1,000",30,1,1984
201705,23,세종특별자치시 조치원읍 정리,44,8,(44-8),전세,77.4,"3,000",0,1,1990
201701,23,세종특별자치시 조치원읍 정리,112,0,세진시티빌,월세,15.881,"1,400",14,4,2015
201701,26,세종특별자치시 조치원읍 정리,112,0,세진시티빌,전세,21.5014,"4,500",0,3,2015
201702,22,세종특별자치시 조치원읍 정리,112,0,세진시티빌,전세,22.589,"4,000",0,5,2015
201702,22,세종특별자치시 조치원읍 정리,112,0,세진시티빌,전세,22.589,"4,000",0,4,2015
201702,23,세종특별자치시 조치원읍 정리,112,0,세진시티빌,월세,17.3137,"1,500",15,5,2015
201709,28,세종특별자치시 조치원읍 정리,112,0,세진시티빌,전세,16.661,"2,700",0,2,2015
201712,23,세종특별자치시 조치원읍 정리,112,0,세진시티빌,월세,22.589,100,30,4,2015
201712,26,세종특별자치시 조치원읍 정리,112,0,세진시티빌,월세,16.661,"1,200",10,2,2015
201708,16,세종특별자치시 조치원읍 죽림리,4,9,동진빌라(나),전세,48.41,"6,500",0,3,1990
201712,1,세종특별자치시 조치원읍 죽림리,10,3,현대,월세,61.76,500,30,2,1985
201712,18,세종특별자치시 조치원읍 죽림리,10,3,현대,월세,61.76,500,27,3,1985
201711,25,세종특별자치시 조치원읍 침산리,275,1,Juniper Hille,전세,18.81,"4,000",0,2,2013
201709,17,세종특별자치시 조치원읍 침산리,276,6,그린파인,월세,14.25,30,27,3,2013
201805,29,세종특별자치시 금남면 도남리,95,0,금강의휴양림마을(프로방스빌),월세,52.182,"1,000",45,4,2015
201811,22,세종특별자치시 금남면 도남리,97,0,금강휴양림마을(프로방스빌),월세,55.634,"1,000",40,1,2015
201806,22,세종특별자치시 금남면 용포리,107,0,금융주택(107),전세,59.2,"4,500",0,3,1991
201811,14,세종특별자치시 금남면 용포리,107,0,금융주택(107),월세,59.2,300,25,4,1991
201803,5,세종특별자치시 금남면 용포리,82,0,세룡빌라,월세,59.49,500,40,4,1994
201802,3,세종특별자치시 도담동,674,0,까사누보,월세,22.686,"3,000",15,5,2015
201802,5,세종특별자치시 도담동,674,0,까사누보,월세,21.422,500,35,6,2015
201802,6,세종특별자치시 도담동,674,0,까사누보,월세,21.422,500,35,4,2015
201802,6,세종특별자치시 도담동,674,0,까사누보,월세,21.422,500,35,4,2015
201802,8,세종특별자치시 도담동,674,0,까사누보,월세,21.422,300,35,6,2015
201803,3,세종특별자치시 도담동,674,0,까사누보,월세,22.686,500,39,5,2015
201803,7,세종특별자치시 도담동,674,0,까사누보,월세,21.422,500,33,3,2015
201803,9,세종특별자치시 도담동,674,0,까사누보,월세,27.6012,500,35,3,2015
201803,19,세종특별자치시 도담동,674,0,까사누보,월세,22.686,300,35,6,2015
201804,16,세종특별자치시 도담동,674,0,까사누보,월세,22.686,500,38,5,2015
201804,21,세종특별자치시 도담동,674,0,까사누보,월세,21.422,500,35,4,2015
201804,21,세종특별자치시 도담동,674,0,까사누보,월세,22.7964,500,36,4,2015
201805,23,세종특별자치시 도담동,674,0,까사누보,월세,22.686,500,36,4,2015
201806,7,세종특별자치시 도담동,674,0,까사누보,월세,22.686,500,36,4,2015
201807,5,세종특별자치시 도담동,674,0,까사누보,월세,22.686,300,35,6,2015
201807,13,세종특별자치시 도담동,674,0,까사누보,월세,22.686,500,38,3,2015
201808,4,세종특별자치시 도담동,674,0,까사누보,월세,33.418,300,38,3,2015
201808,27,세종특별자치시 도담동,674,0,까사누보,월세,22.7964,500,35,6,2015
201809,8,세종특별자치시 도담동,674,0,까사누보,월세,21.422,100,45,3,2015
201812,28,세종특별자치시 도담동,674,0,까사누보,월세,22.686,"2,000",30,6,2015
201809,20,세종특별자치시 부강면 부강리,526,0,(526-0),월세,64.82,"1,000",50,3,2012
201807,9,세종특별자치시 소담동,572,0,아이콤스타시티타워,월세,22.167,"3,000",25,8,2018
201805,14,세종특별자치시 연기면 연기리,3,15,(3-15),월세,79.39,300,40,3,2015
201812,2,세종특별자치시 장군면 도계리,6,5,삼손빌라,전세,83.89,"4,000",0,1,1999
201808,8,세종특별자치시 전의면 동교리,200,5,아카시아빌라,전세,76.5,"5,000",0,1,1997
201802,5,세종특별자치시 조치원읍 교리,15,8,(15-8),월세,18.8434,200,15,3,2012
201806,14,세종특별자치시 조치원읍 교리,3,0,제일,월세,51.21,"1,000",35,3,1988
201801,6,세종특별자치시 조치원읍 남리,37,4,동그라미,월세,12.828,200,28,4,2013
201802,10,세종특별자치시 조치원읍 남리,60,2,세종 팰리스 1동,월세,14.07,"2,000",10,2,2012
201803,22,세종특별자치시 조치원읍 남리,60,2,세종 팰리스 1동,전세,14.53,"3,000",0,2,2012
201804,10,세종특별자치시 조치원읍 남리,60,2,세종 팰리스 1동,월세,15.51,"1,500",13,4,2012
201809,2,세종특별자치시 조치원읍 남리,60,2,세종 팰리스 1동,월세,14.07,"2,900",3,4,2012
201811,26,세종특별자치시 조치원읍 남리,60,2,세종 팰리스 1동,월세,15.51,"3,000",3,4,2012
201811,26,세종특별자치시 조치원읍 남리,60,2,세종 팰리스 1동,전세,15.51,"3,000",0,4,2012
201801,6,세종특별자치시 조치원읍 남리,60,8,세종 팰리스 2동,전세,13.75,"3,000",0,3,2012
201802,5,세종특별자치시 조치원읍 남리,60,8,세종 팰리스 2동,월세,14.54,"3,000",3,3,2012
201803,3,세종특별자치시 조치원읍 남리,60,8,세종 팰리스 2동,전세,14.67,"3,200",0,2,2012
201810,13,세종특별자치시 조치원읍 남리,60,8,세종 팰리스 2동,월세,16.28,"2,500",5,4,2012
201801,27,세종특별자치시 조치원읍 남리,62,6,세종 팰리스 3동,월세,14.54,200,30,3,2012
201803,25,세종특별자치시 조치원읍 남리,62,6,세종 팰리스 3동,월세,21.56,"3,000",3,4,2012
201811,21,세종특별자치시 조치원읍 명리,23,3,QueenPalace,월세,51.37,"6,000",20,5,2013
201807,29,세종특별자치시 조치원읍 상리,124,2,다원Ⅱ,전세,19.52,"4,000",0,3,2014
201808,25,세종특별자치시 조치원읍 상리,124,2,다원Ⅱ,월세,19.52,"1,000",26,5,2014
201803,1,세종특별자치시 조치원읍 상리,121,4,제이드팰리스,전세,22.04,"3,000",0,7,2015
201803,26,세종특별자치시 조치원읍 상리,121,4,제이드팰리스,전세,22.96,"3,000",0,7,2015
201808,9,세종특별자치시 조치원읍 상리,121,4,제이드팰리스,전세,27.33,"4,000",0,4,2015
201808,10,세종특별자치시 조치원읍 상리,121,4,제이드팰리스,월세,21.72,"3,000",5,7,2015
201812,31,세종특별자치시 조치원읍 상리,121,4,제이드팰리스,전세,29.99,"5,000",0,5,2015
201807,25,세종특별자치시 조치원읍 서창리,293,9,모던 아트빌,월세,20.14,100,33,3,2013
201808,31,세종특별자치시 조치원읍 서창리,295,6,홈인 레지던스,전세,20.22,"4,000",0,2,2013
201805,18,세종특별자치시 조치원읍 신흥리,17,1,"우성빌라(다,라동)",전세,55.05,"3,000",0,4,1991
201805,23,세종특별자치시 조치원읍 신흥리,78,14,이 룸,전세,52.43,"7,000",0,5,2014
201802,13,세종특별자치시 조치원읍 신흥리,121,7,제일오피스텔,월세,31.66,100,30,4,2014
201801,22,세종특별자치시 조치원읍 신흥리,106,0,주공연립,월세,67.9,500,35,2,1984
201803,14,세종특별자치시 조치원읍 신흥리,106,0,주공연립,전세,55.35,"6,500",0,2,1984
201803,28,세종특별자치시 조치원읍 신흥리,106,0,주공연립,월세,67.9,500,40,1,1984
201807,9,세종특별자치시 조치원읍 신흥리,106,0,주공연립,전세,67.9,"6,000",0,2,1984
201809,3,세종특별자치시 조치원읍 신흥리,106,0,주공연립,월세,55.35,300,30,3,1984
201809,5,세종특별자치시 조치원읍 신흥리,106,0,주공연립,전세,67.9,"6,000",0,1,1984
201810,11,세종특별자치시 조치원읍 신흥리,106,0,주공연립,전세,55.35,"4,500",0,3,1984
201810,21,세종특별자치시 조치원읍 신흥리,106,0,주공연립,월세,55.35,500,28,2,1984
201811,17,세종특별자치시 조치원읍 신흥리,106,0,주공연립,월세,57.51,500,32,3,1984
201805,12,세종특별자치시 조치원읍 정리,112,0,세진시티빌,월세,20.0687,"2,000",15,5,2015
201806,16,세종특별자치시 조치원읍 정리,112,0,세진시티빌,월세,17.3137,"1,500",15,5,2015
201807,9,세종특별자치시 조치원읍 정리,112,0,세진시티빌,월세,18.8283,"2,000",17,3,2015
201807,11,세종특별자치시 조치원읍 정리,112,0,세진시티빌,월세,24.2841,"2,000",20,2,2015
201807,20,세종특별자치시 조치원읍 정리,112,0,세진시티빌,전세,16.661,"2,800",0,2,2015
201808,5,세종특별자치시 조치원읍 정리,112,0,세진시티빌,전세,15.725,"2,600",0,4,2015
201808,7,세종특별자치시 조치원읍 정리,112,0,세진시티빌,전세,22.589,"4,000",0,3,2015
201808,9,세종특별자치시 조치원읍 정리,112,0,세진시티빌,월세,16.661,200,26,2,2015
201808,18,세종특별자치시 조치원읍 정리,112,0,세진시티빌,전세,15.881,"2,700",0,5,2015
201812,23,세종특별자치시 조치원읍 정리,112,0,세진시티빌,월세,22.589,"2,500",8,4,2015
201805,19,세종특별자치시 조치원읍 죽림리,4,11,동진빌라(가),전세,48.41,"5,000",0,3,1990
201801,4,세종특별자치시 조치원읍 침산리,275,1,Juniper Hille,전세,20.85,"4,000",0,2,2013
201801,4,세종특별자치시 조치원읍 침산리,275,1,Juniper Hille,전세,22.2,"4,000",0,5,2013
201803,8,세종특별자치시 조치원읍 침산리,275,1,Juniper Hille,전세,18.81,"4,000",0,2,2013
201812,15,세종특별자치시 조치원읍 침산리,148,0,거성주택AB,전세,39.48,"4,500",0,1,1989
201803,5,세종특별자치시 조치원읍 침산리,251,4,더웰타운,월세,13.6912,100,25,3,2012
201804,8,세종특별자치시 조치원읍 침산리,167,6,용성빌라,전세,64.23,"1,300",0,3,1991
201804,2,세종특별자치시 조치원읍 침산리,283,4,해솔마을A동,전세,20.92,"3,700",0,2,2013
201811,8,세종특별자치시 조치원읍 침산리,283,4,해솔마을A동,전세,42.1,"6,000",0,4,2013
201806,30,세종특별자치시 조치원읍 침산리,263,1,화이트맨션,전세,66.94,"5,000",0,3,2003
201911,15,세종특별자치시 금남면 용포리,107,0,금융주택(107),전세,59.2,"2,500",0,4,1991
201901,7,세종특별자치시 도담동,674,0,까사누보,월세,27.6012,500,35,3,2015
201901,11,세종특별자치시 도담동,674,0,까사누보,월세,22.686,500,38,3,2015
201901,16,세종특별자치시 도담동,674,0,까사누보,월세,21.422,300,34,5,2015
201901,20,세종특별자치시 도담동,674,0,까사누보,월세,22.686,400,40,4,2015
201901,21,세종특별자치시 도담동,674,0,까사누보,월세,21.422,500,35,4,2015
201902,9,세종특별자치시 도담동,674,0,까사누보,월세,21.422,500,35,4,2015
201902,10,세종특별자치시 도담동,674,0,까사누보,월세,27.6012,500,35,4,2015
201903,3,세종특별자치시 도담동,674,0,까사누보,월세,21.422,300,39,6,2015
201904,18,세종특별자치시 도담동,674,0,까사누보,월세,21.422,500,37,4,2015
201905,7,세종특별자치시 도담동,674,0,까사누보,월세,21.422,500,35,4,2015
201905,10,세종특별자치시 도담동,674,0,까사누보,월세,21.422,300,36,5,2015
201905,10,세종특별자치시 도담동,674,0,까사누보,월세,21.422,300,34,5,2015
201906,28,세종특별자치시 도담동,674,0,까사누보,월세,27.6012,500,35,3,2015
201912,27,세종특별자치시 도담동,674,0,까사누보,월세,22.7964,500,40,5,2015
201905,15,세종특별자치시 반곡동,4121,1004,더스테이빌딩,월세,35.7788,"3,000",40,6,2018
201902,20,세종특별자치시 반곡동,4121,2002,씨즈파크뷰,월세,21.9063,"3,000",25,5,2019
201903,1,세종특별자치시 반곡동,4121,2002,씨즈파크뷰,전세,22.0568,"9,000",0,6,2019
201903,1,세종특별자치시 반곡동,4121,2002,씨즈파크뷰,월세,23.7301,"3,000",30,5,2019
201906,26,세종특별자치시 반곡동,4121,2002,씨즈파크뷰,전세,21.9063,"8,000",0,5,2019
201909,2,세종특별자치시 반곡동,4121,2002,씨즈파크뷰,전세,21.9063,"8,500",0,6,2019
201910,18,세종특별자치시 반곡동,4121,2002,씨즈파크뷰,전세,21.9063,"8,925",0,3,2019
201912,8,세종특별자치시 보람동,743,0,스타힐타워Ⅰ,전세,21.6349,"8,500",0,5,2016
201912,29,세종특별자치시 보람동,743,0,스타힐타워Ⅰ,월세,21.6349,300,43,6,2016
201901,26,세종특별자치시 보람동,744,0,스타힐타워Ⅱ,월세,16.9849,300,35,7,2016
201902,15,세종특별자치시 보람동,744,0,스타힐타워Ⅱ,월세,27.4429,300,41,6,2016
201902,14,세종특별자치시 부강면 부강리,526,0,(526-0),전세,64.82,"8,000",0,3,2012
201907,22,세종특별자치시 부강면 부강리,127,1,THE숲아파텔,월세,34.09,500,45,7,2019
201903,24,세종특별자치시 부강면 부강리,988,15,안흥1동,전세,54.28,"3,000",0,4,1991
201909,23,세종특별자치시 연기면 보통리,340,8,강람4동강람5동,전세,48.6,"3,000",0,1,1991
201906,20,세종특별자치시 연기면 보통리,340,11,강람6동강람7동,전세,58.77,"2,500",0,3,1993
201901,10,세종특별자치시 연서면 월하리,637,36,성은주택,전세,59.4,"5,000",0,1,1984
201901,10,세종특별자치시 연서면 월하리,637,36,성은주택,전세,59.4,"5,000",0,1,1984
201910,18,세종특별자치시 전의면 관정리,262,4,홍성맨션1차,전세,53.965,"3,000",0,4,2002
201908,13,세종특별자치시 전의면 관정리,262,6,홍성맨션3차,월세,53.965,50,20,4,2002
201901,18,세종특별자치시 조치원읍 교리,15,8,(15-8),월세,20.9849,200,15,3,2012
201908,23,세종특별자치시 조치원읍 교리,15,8,(15-8),월세,20.9849,300,15,4,2012
201905,3,세종특별자치시 조치원읍 교리,3,0,제일,월세,51.21,500,30,2,1988
201912,20,세종특별자치시 조치원읍 남리,11,7,선일빌라1,전세,49,"5,000",0,2,1991
201908,5,세종특별자치시 조치원읍 남리,473,0,세움퍼스트빌,월세,31.79,500,40,3,2013
201907,28,세종특별자치시 조치원읍 남리,60,2,세종 팰리스 1동,월세,14.53,"2,700",3,4,2012
201902,11,세종특별자치시 조치원읍 남리,60,8,세종 팰리스 2동,전세,14.67,"3,000",0,3,2012
201906,10,세종특별자치시 조치원읍 남리,60,8,세종 팰리스 2동,전세,14.54,"3,000",0,2,2012
201911,18,세종특별자치시 조치원읍 남리,62,6,세종 팰리스 3동,전세,20.28,"2,800",0,4,2012
201903,5,세종특별자치시 조치원읍 남리,354,0,세종2차굿애플,월세,21.12,100,26,4,2014
201904,25,세종특별자치시 조치원읍 명리,23,3,QueenPalace,월세,51.37,"7,000",13,2,2013
201912,26,세종특별자치시 조치원읍 명리,23,3,QueenPalace,전세,51.37,"10,000",0,3,2013
201908,19,세종특별자치시 조치원읍 명리,79,1,장안하이빌,전세,18.6527,"3,500",0,5,2012
201902,8,세종특별자치시 조치원읍 봉산리,190,13,마이움 101동,전세,15.04,"2,000",0,3,2014
201902,15,세종특별자치시 조치원읍 봉산리,190,13,마이움 101동,전세,14.81,"2,000",0,3,2014
201908,28,세종특별자치시 조치원읍 봉산리,190,13,마이움 101동,전세,15.04,"3,500",0,1,2014
201908,30,세종특별자치시 조치원읍 봉산리,190,13,마이움 101동,전세,14.81,"3,500",0,1,2014
201902,7,세종특별자치시 조치원읍 봉산리,190,11,마이움 102동,전세,20.16,"2,000",0,3,2014
201902,17,세종특별자치시 조치원읍 봉산리,190,11,마이움 102동,전세,20.16,"2,500",0,4,2014
201907,22,세종특별자치시 조치원읍 봉산리,190,7,마이움 103동,전세,50.42,"5,000",0,2,2014
201903,12,세종특별자치시 조치원읍 상리,121,4,제이드팰리스,전세,26.88,"3,000",0,6,2015
201911,16,세종특별자치시 조치원읍 상리,121,4,제이드팰리스,월세,32.21,"1,000",45,6,2015
201901,22,세종특별자치시 조치원읍 서창리,293,9,모던 아트빌,전세,20.14,"3,500",0,3,2013
201908,7,세종특별자치시 조치원읍 서창리,295,6,홈인 레지던스,전세,17.78,"3,500",0,3,2013
201912,26,세종특별자치시 조치원읍 서창리,295,6,홈인 레지던스,전세,17.66,"3,800",0,2,2013
201902,14,세종특별자치시 조치원읍 신안리,387,7,비스하우스,월세,17.51,20,32,5,2013
201909,26,세종특별자치시 조치원읍 신흥리,121,10,신흥빌라,전세,48.3,"3,200",0,1,1989
201902,14,세종특별자치시 조치원읍 신흥리,78,14,이 룸,전세,51.17,"7,000",0,2,2014
201909,17,세종특별자치시 조치원읍 신흥리,78,14,이 룸,월세,41.44,"2,000",34,4,2014
201912,16,세종특별자치시 조치원읍 신흥리,78,14,이 룸,전세,41.44,"7,000",0,5,2014
201902,1,세종특별자치시 조치원읍 신흥리,121,7,제일오피스텔,전세,28.09,"3,000",0,4,2014
201906,22,세종특별자치시 조치원읍 신흥리,121,7,제일오피스텔,전세,28.09,"3,500",0,4,2014
201902,11,세종특별자치시 조치원읍 신흥리,106,0,주공연립,전세,55.35,"6,000",0,1,1984
201904,30,세종특별자치시 조치원읍 신흥리,106,0,주공연립,전세,67.9,"7,000",0,1,1984
201906,3,세종특별자치시 조치원읍 신흥리,106,0,주공연립,전세,67.9,"6,000",0,2,1984
201908,6,세종특별자치시 조치원읍 신흥리,106,0,주공연립,전세,55.35,"1,500",0,1,1984
201910,23,세종특별자치시 조치원읍 신흥리,106,0,주공연립,전세,57.51,"6,000",0,3,1984
201911,19,세종특별자치시 조치원읍 신흥리,106,0,주공연립,월세,67.9,"1,000",30,2,1984
201908,18,세종특별자치시 조치원읍 원리,132,4,고려3동,전세,80.687,"3,500",0,1,1984
201909,23,세종특별자치시 조치원읍 원리,132,4,고려3동,전세,63.175,"2,200",0,3,1984
201901,31,세종특별자치시 조치원읍 정리,112,0,세진시티빌,전세,16.661,"2,800",0,2,2015
201902,7,세종특별자치시 조치원읍 정리,112,0,세진시티빌,전세,16.85,"3,300",0,5,2015
201903,26,세종특별자치시 조치원읍 정리,112,0,세진시티빌,전세,22.589,"4,200",0,5,2015
201906,6,세종특별자치시 조치원읍 정리,112,0,세진시티빌,전세,20.0687,"3,500",0,3,2015
201906,15,세종특별자치시 조치원읍 정리,112,0,세진시티빌,전세,20.0687,"1,500",0,4,2015
201908,7,세종특별자치시 조치원읍 정리,112,0,세진시티빌,월세,15.881,"1,500",12,3,2015
201908,24,세종특별자치시 조치원읍 정리,112,0,세진시티빌,전세,16.661,"2,800",0,2,2015
201909,5,세종특별자치시 조치원읍 정리,112,0,세진시티빌,월세,18.8283,500,34,3,2015
201910,12,세종특별자치시 조치원읍 정리,112,0,세진시티빌,월세,23.9406,"1,500",31,4,2015
201911,16,세종특별자치시 조치원읍 정리,112,0,세진시티빌,전세,18.8283,"3,500",0,3,2015
201912,6,세종특별자치시 조치원읍 정리,112,0,세진시티빌,월세,20.2003,"1,000",30,3,2015
201902,7,세종특별자치시 조치원읍 죽림리,208,2,죽림,전세,58.55,"2,000",0,4,1982
201902,12,세종특별자치시 조치원읍 침산리,275,1,Juniper Hille,월세,20.85,100,30,5,2013
201906,24,세종특별자치시 조치원읍 침산리,275,1,Juniper Hille,전세,20.85,"4,000",0,3,2013
201910,15,세종특별자치시 조치원읍 침산리,275,1,Juniper Hille,전세,22.2,"4,000",0,4,2013
201912,9,세종특별자치시 조치원읍 침산리,275,1,Juniper Hille,전세,18.81,"4,000",0,3,2013
201905,6,세종특별자치시 조치원읍 침산리,148,0,거성주택AB,월세,39.48,300,30,1,1989
201901,6,세종특별자치시 조치원읍 침산리,283,4,해솔마을A동,월세,18.3,200,27,2,2013
201908,26,세종특별자치시 조치원읍 침산리,283,4,해솔마을A동,전세,20.92,"4,000",0,2,2013
202012,27,세종특별자치시 금남면 도남리,95,0,금강의휴양림마을(프로방스빌),월세,52.182,"3,000",40,2,2015
202008,6,세종특별자치시 금남면 도남리,97,0,금강휴양림마을(프로방스빌),월세,54.169,500,30,1,2015
202009,20,세종특별자치시 금남면 용포리,53,2,학산빌라,전세,65.4,"4,000",0,3,1995
202002,14,세종특별자치시 도담동,674,0,까사누보,월세,21.422,500,37,4,2015
202002,14,세종특별자치시 도담동,674,0,까사누보,월세,21.422,500,39,4,2015
202002,15,세종특별자치시 도담동,674,0,까사누보,월세,21.422,500,37,6,2015
202002,22,세종특별자치시 도담동,674,0,까사누보,월세,21.422,300,40,6,2015
202004,1,세종특별자치시 도담동,674,0,까사누보,월세,22.686,500,40,3,2015
202005,6,세종특별자치시 도담동,674,0,까사누보,월세,21.422,500,36,4,2015
202006,27,세종특별자치시 도담동,674,0,까사누보,월세,22.7964,500,43,3,2015
202007,6,세종특별자치시 도담동,674,0,까사누보,월세,22.7964,500,37,4,2015
202008,4,세종특별자치시 도담동,674,0,까사누보,월세,22.686,400,45,4,2015
202012,2,세종특별자치시 도담동,674,0,까사누보,전세,22.686,"10,000",0,6,2015
202012,14,세종특별자치시 도담동,674,0,까사누보,전세,22.7964,"11,000",0,5,2015
202005,16,세종특별자치시 반곡동,4121,1002,세종펠리스,전세,22.7198,"11,000",0,4,2020
202005,21,세종특별자치시 반곡동,4121,1002,세종펠리스,전세,25.2389,"11,500",0,5,2020
202005,21,세종특별자치시 반곡동,4121,1002,세종펠리스,전세,22.2721,"11,000",0,5,2020
202001,12,세종특별자치시 반곡동,4121,2002,씨즈파크뷰,전세,21.9063,"8,925",0,3,2019
202002,23,세종특별자치시 반곡동,4121,2002,씨즈파크뷰,월세,21.9063,"2,000",32,4,2019
202003,22,세종특별자치시 반곡동,4121,2002,씨즈파크뷰,월세,25.4351,500,45,6,2019
202001,4,세종특별자치시 보람동,743,0,스타힐타워Ⅰ,월세,21.6349,300,27,7,2016
202001,5,세종특별자치시 보람동,743,0,스타힐타워Ⅰ,월세,26.5949,500,45,5,2016
202002,14,세종특별자치시 보람동,743,0,스타힐타워Ⅰ,월세,21.6349,500,40,5,2016
202002,15,세종특별자치시 보람동,743,0,스타힐타워Ⅰ,월세,21.6349,300,40,6,2016
202002,17,세종특별자치시 보람동,743,0,스타힐타워Ⅰ,월세,26.5708,500,43,6,2016
202002,29,세종특별자치시 보람동,743,0,스타힐타워Ⅰ,월세,21.6349,300,42,8,2016
202003,6,세종특별자치시 보람동,743,0,스타힐타워Ⅰ,월세,16.9849,300,37,7,2016
202003,13,세종특별자치시 보람동,743,0,스타힐타워Ⅰ,월세,21.6349,300,42,5,2016
202003,13,세종특별자치시 보람동,743,0,스타힐타워Ⅰ,월세,21.6349,"1,000",37,6,2016
202003,18,세종특별자치시 보람동,743,0,스타힐타워Ⅰ,전세,21.6349,"8,600",0,6,2016
202003,18,세종특별자치시 보람동,743,0,스타힐타워Ⅰ,전세,21.6349,"8,600",0,6,2016
202004,4,세종특별자치시 보람동,743,0,스타힐타워Ⅰ,월세,21.6349,300,45,8,2016
202004,18,세종특별자치시 보람동,743,0,스타힐타워Ⅰ,월세,26.5949,310,42,5,2016
202004,28,세종특별자치시 보람동,743,0,스타힐타워Ⅰ,월세,16.9849,300,38,7,2016
202005,18,세종특별자치시 보람동,743,0,스타힐타워Ⅰ,월세,21.6349,300,40,8,2016
202005,21,세종특별자치시 보람동,743,0,스타힐타워Ⅰ,월세,21.6349,300,42,8,2016
202006,15,세종특별자치시 보람동,743,0,스타힐타워Ⅰ,월세,16.9849,300,40,7,2016
202007,10,세종특별자치시 보람동,743,0,스타힐타워Ⅰ,월세,21.6349,300,42,8,2016
202008,1,세종특별자치시 보람동,743,0,스타힐타워Ⅰ,월세,22.0599,500,44,8,2016
202008,24,세종특별자치시 보람동,743,0,스타힐타워Ⅰ,월세,35.7371,500,50,6,2016
202008,29,세종특별자치시 보람동,743,0,스타힐타워Ⅰ,월세,26.5949,500,48,6,2016
202010,12,세종특별자치시 보람동,743,0,스타힐타워Ⅰ,월세,26.5949,310,42,5,2016
202010,31,세종특별자치시 보람동,743,0,스타힐타워Ⅰ,월세,21.6349,300,45,5,2016
202011,3,세종특별자치시 보람동,743,0,스타힐타워Ⅰ,월세,21.6349,300,45,6,2016
202011,4,세종특별자치시 보람동,743,0,스타힐타워Ⅰ,월세,21.6349,"2,000",40,7,2016
202011,10,세종특별자치시 보람동,743,0,스타힐타워Ⅰ,전세,21.6349,"8,500",0,6,2016
202011,12,세종특별자치시 보람동,743,0,스타힐타워Ⅰ,월세,21.6349,300,45,8,2016
202012,8,세종특별자치시 보람동,743,0,스타힐타워Ⅰ,월세,26.5949,300,50,6,2016
202012,11,세종특별자치시 보람동,743,0,스타힐타워Ⅰ,월세,22.0599,500,44,8,2016
202012,12,세종특별자치시 보람동,743,0,스타힐타워Ⅰ,전세,21.6349,"8,500",0,8,2016
202012,29,세종특별자치시 보람동,743,0,스타힐타워Ⅰ,월세,21.6349,300,50,8,2016
202012,31,세종특별자치시 보람동,743,0,스타힐타워Ⅰ,월세,21.6349,"2,000",37,8,2016
202001,17,세종특별자치시 보람동,744,0,스타힐타워Ⅱ,월세,21.6349,300,42,5,2016
202001,30,세종특별자치시 보람동,744,0,스타힐타워Ⅱ,월세,25.2685,300,45,8,2016
202002,13,세종특별자치시 보람동,744,0,스타힐타워Ⅱ,월세,21.6349,300,45,6,2016
202002,14,세종특별자치시 보람동,744,0,스타힐타워Ⅱ,월세,16.9849,300,37,7,2016
202002,15,세종특별자치시 보람동,744,0,스타힐타워Ⅱ,월세,26.5949,300,47,5,2016
202003,1,세종특별자치시 보람동,744,0,스타힐타워Ⅱ,월세,21.6349,300,42,7,2016
202004,1,세종특별자치시 보람동,744,0,스타힐타워Ⅱ,월세,26.5949,500,41,6,2016
202004,6,세종특별자치시 보람동,744,0,스타힐타워Ⅱ,월세,26.5949,300,45,5,2016
202004,28,세종특별자치시 보람동,744,0,스타힐타워Ⅱ,월세,26.6283,300,45,5,2016
202005,12,세종특별자치시 보람동,744,0,스타힐타워Ⅱ,월세,16.6229,400,31,8,2016
202005,18,세종특별자치시 보람동,744,0,스타힐타워Ⅱ,전세,21.6349,"8,000",0,8,2016
202005,23,세종특별자치시 보람동,744,0,스타힐타워Ⅱ,월세,27.4429,300,45,5,2016
202005,29,세종특별자치시 보람동,744,0,스타힐타워Ⅱ,월세,21.6349,300,43,7,2016
202006,29,세종특별자치시 보람동,744,0,스타힐타워Ⅱ,월세,27.4429,500,47,6,2016
202006,30,세종특별자치시 보람동,744,0,스타힐타워Ⅱ,월세,21.6349,500,42,6,2016
202007,18,세종특별자치시 보람동,744,0,스타힐타워Ⅱ,월세,16.9849,300,40,7,2016
202007,18,세종특별자치시 보람동,744,0,스타힐타워Ⅱ,월세,16.9849,300,38,7,2016
202007,18,세종특별자치시 보람동,744,0,스타힐타워Ⅱ,월세,21.6349,500,40,8,2016
202007,31,세종특별자치시 보람동,744,0,스타힐타워Ⅱ,월세,26.5949,"2,000",31,6,2016
202008,15,세종특별자치시 보람동,744,0,스타힐타워Ⅱ,전세,16.9849,"7,300",0,7,2016
202008,16,세종특별자치시 보람동,744,0,스타힐타워Ⅱ,전세,17.5229,"6,300",0,7,2016
202008,24,세종특별자치시 보람동,744,0,스타힐타워Ⅱ,전세,26.5949,"8,820",0,6,2016
202009,10,세종특별자치시 보람동,744,0,스타힐타워Ⅱ,월세,21.6349,"1,000",36,8,2016
202009,12,세종특별자치시 보람동,744,0,스타힐타워Ⅱ,월세,16.9849,300,40,7,2016
202009,26,세종특별자치시 보람동,744,0,스타힐타워Ⅱ,월세,21.6349,300,45,7,2016
202009,28,세종특별자치시 보람동,744,0,스타힐타워Ⅱ,월세,27.4429,300,50,5,2016
202009,29,세종특별자치시 보람동,744,0,스타힐타워Ⅱ,월세,21.6349,300,42,8,2016
202010,17,세종특별자치시 보람동,744,0,스타힐타워Ⅱ,월세,21.6349,300,45,8,2016
202010,17,세종특별자치시 보람동,744,0,스타힐타워Ⅱ,월세,21.6349,"1,000",42,6,2016
202010,19,세종특별자치시 보람동,744,0,스타힐타워Ⅱ,월세,21.6349,300,45,6,2016
202011,14,세종특별자치시 보람동,744,0,스타힐타워Ⅱ,월세,21.6349,"2,000",27,7,2016
202011,21,세종특별자치시 보람동,744,0,스타힐타워Ⅱ,월세,16.9849,300,38,7,2016
202011,24,세종특별자치시 보람동,744,0,스타힐타워Ⅱ,월세,21.6349,300,45,5,2016
202012,3,세종특별자치시 보람동,744,0,스타힐타워Ⅱ,전세,21.6349,"10,000",0,8,2016
202012,15,세종특별자치시 보람동,744,0,스타힐타워Ⅱ,전세,26.5949,"9,000",0,5,2016
202008,10,세종특별자치시 부강면 부강리,526,0,(526-0),전세,64.82,"8,500",0,2,2012
202004,18,세종특별자치시 부강면 부강리,127,1,THE숲아파텔,월세,36.66,"2,000",30,6,2019
202012,18,세종특별자치시 부강면 부강리,457,14,TrueLight-A,전세,25.3493,"10,000",0,3,2020
202001,5,세종특별자치시 부강면 부강리,973,13,블루빌,전세,23.4947,"6,000",0,4,2019
202008,12,세종특별자치시 부강면 부강리,962,5,주연B동,전세,63.47,"4,000",0,4,1991
202002,7,세종특별자치시 연기면 연기리,443,16,보성풀하우스 101동,월세,83.2,"1,000",50,2,2015
202010,21,세종특별자치시 연기면 연기리,443,16,보성풀하우스 101동,월세,83.11,"1,500",45,2,2015
202011,30,세종특별자치시 연기면 연기리,443,16,보성풀하우스 101동,전세,83.11,"14,000",0,4,2015
202005,23,세종특별자치시 전의면 관정리,259,3,"정원빌리지(101,102동)",월세,56.46,50,25,2,2010
202009,3,세종특별자치시 전의면 관정리,259,3,"정원빌리지(101,102동)",전세,56.46,"4,000",0,3,2010
202005,22,세종특별자치시 전의면 동교리,165,0,삼현B,전세,70.2,"2,000",0,1,1991
202003,5,세종특별자치시 조치원읍 교리,3,0,제일,월세,51.21,500,35,3,1988
202010,19,세종특별자치시 조치원읍 남리,69,14,남동연립A,월세,54.24,500,30,2,1997
202005,16,세종특별자치시 조치원읍 남리,37,4,동그라미,월세,12.828,200,28,3,2013
202004,13,세종특별자치시 조치원읍 남리,62,6,세종 팰리스 3동,전세,20.01,"2,500",0,3,2012
202009,30,세종특별자치시 조치원읍 남리,62,6,세종 팰리스 3동,전세,14.41,"3,000",0,2,2012
202008,25,세종특별자치시 조치원읍 남리,354,0,세종2차굿애플,월세,21.12,100,25,4,2014
202012,14,세종특별자치시 조치원읍 남리,354,0,세종2차굿애플,월세,21.12,33,33,4,2014
202002,2,세종특별자치시 조치원읍 봉산리,190,13,마이움 101동,전세,14.81,"3,500",0,1,2014
202009,22,세종특별자치시 조치원읍 봉산리,190,13,마이움 101동,전세,15.04,"2,000",0,3,2014
202010,7,세종특별자치시 조치원읍 봉산리,190,13,마이움 101동,전세,14.81,"3,500",0,1,2014
202008,23,세종특별자치시 조치원읍 봉산리,190,11,마이움 102동,전세,15.84,"2,000",0,4,2014
202001,13,세종특별자치시 조치원읍 봉산리,190,7,마이움 103동,월세,50.42,500,40,1,2014
202007,27,세종특별자치시 조치원읍 봉산리,190,7,마이움 103동,전세,50.42,"5,000",0,2,2014
202011,6,세종특별자치시 조치원읍 상리,124,2,다원Ⅱ,전세,19.52,"4,000",0,3,2014
202001,6,세종특별자치시 조치원읍 상리,121,4,제이드팰리스,월세,26.88,"3,000",5,6,2015
202001,7,세종특별자치시 조치원읍 상리,121,4,제이드팰리스,전세,25.41,"3,000",0,7,2015
202003,12,세종특별자치시 조치원읍 상리,121,4,제이드팰리스,전세,32.21,"5,000",0,4,2015
202007,23,세종특별자치시 조치원읍 상리,121,4,제이드팰리스,전세,21.72,"3,000",0,7,2015
202009,17,세종특별자치시 조치원읍 상리,121,4,제이드팰리스,전세,25.41,"3,000",0,7,2015
202012,30,세종특별자치시 조치원읍 서창리,154,11,강람빌라1동,월세,54,"14,000",43,1,1996
202012,30,세종특별자치시 조치원읍 서창리,154,11,강람빌라1동,전세,54,"20,000",0,1,1996
202011,30,세종특별자치시 조치원읍 서창리,295,6,홈인 레지던스,전세,18.58,"4,000",0,3,2013
202002,5,세종특별자치시 조치원읍 신안리,387,7,비스하우스,전세,26.53,"5,500",0,4,2013
202004,11,세종특별자치시 조치원읍 신안리,387,7,비스하우스,전세,17.51,"4,500",0,5,2013
202011,7,세종특별자치시 조치원읍 신흥리,24,3,신흥연립,월세,70.42,300,30,2,1982
202002,28,세종특별자치시 조치원읍 신흥리,17,1,"우성빌라(다,라동)",전세,55.05,"3,000",0,4,1991
202005,4,세종특별자치시 조치원읍 신흥리,17,1,"우성빌라(다,라동)",전세,55.05,"3,000",0,4,1991
202003,12,세종특별자치시 조치원읍 신흥리,78,14,이 룸,전세,52.43,"8,500",0,5,2014
202005,21,세종특별자치시 조치원읍 신흥리,78,14,이 룸,전세,45.81,"7,500",0,3,2014
202002,15,세종특별자치시 조치원읍 신흥리,121,7,제일오피스텔,전세,41.25,"5,500",0,6,2014
202002,2,세종특별자치시 조치원읍 신흥리,106,0,주공연립,전세,55.35,"5,000",0,2,1984
202005,13,세종특별자치시 조치원읍 신흥리,106,0,주공연립,전세,67.9,"6,500",0,2,1984
202005,13,세종특별자치시 조치원읍 신흥리,106,0,주공연립,전세,67.9,"6,500",0,2,1984
202008,26,세종특별자치시 조치원읍 신흥리,106,0,주공연립,전세,55.35,"5,000",0,3,1984
202009,24,세종특별자치시 조치원읍 신흥리,106,0,주공연립,전세,55.35,"6,000",0,3,1984
202010,16,세종특별자치시 조치원읍 신흥리,106,0,주공연립,전세,55.35,"4,725",0,3,1984
202010,20,세종특별자치시 조치원읍 신흥리,106,0,주공연립,전세,57.51,"8,000",0,3,1984
202001,12,세종특별자치시 조치원읍 정리,112,0,세진시티빌,전세,27.2216,"6,000",0,3,2015
202002,6,세종특별자치시 조치원읍 정리,112,0,세진시티빌,전세,22.0257,"4,500",0,4,2015
202003,9,세종특별자치시 조치원읍 정리,112,0,세진시티빌,전세,21.2244,"4,000",0,2,2015
202003,9,세종특별자치시 조치원읍 정리,112,0,세진시티빌,전세,21.2244,"4,000",0,2,2015
202004,6,세종특별자치시 조치원읍 정리,112,0,세진시티빌,전세,20.717,"3,700",0,2,2015
202005,9,세종특별자치시 조치원읍 정리,112,0,세진시티빌,전세,30.085,"6,500",0,3,2015
202007,10,세종특별자치시 조치원읍 정리,112,0,세진시티빌,전세,16.661,"3,000",0,3,2015
202007,18,세종특별자치시 조치원읍 정리,112,0,세진시티빌,전세,16.85,"3,300",0,5,2015
202007,25,세종특별자치시 조치원읍 정리,112,0,세진시티빌,전세,17.3137,"3,300",0,5,2015
202008,1,세종특별자치시 조치원읍 정리,112,0,세진시티빌,월세,20.717,500,30,3,2015
202008,13,세종특별자치시 조치원읍 정리,112,0,세진시티빌,전세,22.589,"4,000",0,3,2015
202008,17,세종특별자치시 조치원읍 정리,112,0,세진시티빌,전세,22.589,"4,500",0,5,2015
202009,15,세종특별자치시 조치원읍 정리,112,0,세진시티빌,전세,33.9845,"7,000",0,5,2015
202011,26,세종특별자치시 조치원읍 정리,112,0,세진시티빌,월세,20.2003,"1,500",30,3,2015
202004,11,세종특별자치시 조치원읍 침산리,275,1,Juniper Hille,월세,17.38,30,33,5,2013
202012,26,세종특별자치시 조치원읍 침산리,148,0,거성주택AB,전세,40.95,"5,000",0,2,1989
202003,17,세종특별자치시 조치원읍 침산리,147,4,고려(2),전세,76.32,"5,500",0,2,1986
202004,21,세종특별자치시 조치원읍 침산리,283,4,해솔마을A동,전세,20.92,"4,000",0,2,2013
