,상권업종대분류코드,상권업종대분류명,상권업종중분류코드,상권업종중분류명,상권업종소분류코드,상권업종소분류명,표준산업분류코드,표준산업분류명,행정동코드,행정동명,도로명주소,lon,lat
29,Q,음식,Q12,커피점/카페,Q12A01,커피전문점/카페/다방,I56220,비알콜 음료점업,3611034000,금남면,"세종특별자치시 금남면 용포중앙1길 11-1, (용포리)",127.2827149,36.46566164
113,Q,음식,Q12,커피점/카페,Q12A01,커피전문점/카페/다방,I56220,비알콜 음료점업,3611025000,조치원읍,"세종특별자치시 조치원읍 새내2길 21-2, (남리)",127.30035659999999,36.59692952
149,Q,음식,Q12,커피점/카페,Q12A01,커피전문점/카페/다방,I56220,비알콜 음료점업,3611034000,금남면,"세종특별자치시 금남면 안금로 533-6, (감성리)",127.2879463,36.44019722
170,Q,음식,Q12,커피점/카페,Q12A01,커피전문점/카페/다방,I56220,비알콜 음료점업,3611034000,금남면,"세종특별자치시 금남면 용포로 85-2, (용포리)",127.2813358,36.46638334
179,Q,음식,Q12,커피점/카페,Q12A01,커피전문점/카페/다방,I56220,비알콜 음료점업,3611025000,조치원읍,"세종특별자치시 조치원읍 장안로 18-9, (정리)",127.3008992,36.59996076
249,Q,음식,Q12,커피점/카페,Q12A01,커피전문점/카페/다방,I56220,비알콜 음료점업,3611025000,조치원읍,"세종특별자치시 조치원읍 장안로 32, (정리)",127.3013666,36.59895415
270,Q,음식,Q12,커피점/카페,Q12A01,커피전문점/카페/다방,I56220,비알콜 음료점업,3611025000,조치원읍,"세종특별자치시 조치원읍 조치원8길 27, (정리)",127.30086170000001,36.60040213
281,Q,음식,Q12,커피점/카페,Q12A01,커피전문점/카페/다방,I56220,비알콜 음료점업,3611025000,조치원읍,"세종특별자치시 조치원읍 새내7길 6, (정리)",127.2981999,36.5993501
453,Q,음식,Q12,커피점/카페,Q12A01,커피전문점/카페/다방,I56220,비알콜 음료점업,3611031000,연기면,"세종특별자치시 연기면 당산로 118, (연기리)",127.2767966,36.54417625
454,Q,음식,Q12,커피점/카페,Q12A01,커피전문점/카페/다방,I56220,비알콜 음료점업,3611035000,장군면,"세종특별자치시 장군면 장척로 411, (도계리)",127.20574429999999,36.49787047
457,Q,음식,Q12,커피점/카페,Q12A01,커피전문점/카페/다방,I56220,비알콜 음료점업,3611035000,장군면,"세종특별자치시 장군면 장척로 563, (봉안리)",127.2203507,36.49948085
464,Q,음식,Q12,커피점/카페,Q12A01,커피전문점/카페/다방,I56220,비알콜 음료점업,3611038000,전동면,"세종특별자치시 전동면 신송로 217, (송성리)",127.210081,36.67278686
469,Q,음식,Q12,커피점/카페,Q12A01,커피전문점/카페/다방,I56220,비알콜 음료점업,3611025000,조치원읍,"세종특별자치시 조치원읍 조치원9길 26, (평리)",127.3026902,36.60338682
473,Q,음식,Q12,커피점/카페,Q12A01,커피전문점/카페/다방,I56220,비알콜 음료점업,3611025000,조치원읍,"세종특별자치시 조치원읍 도원2로 39, (신흥리)",127.28701709999999,36.59270491
477,Q,음식,Q12,커피점/카페,Q12A01,커피전문점/카페/다방,I56220,비알콜 음료점업,3611051500,새롬동,"세종특별자치시 한누리대로 193, (나성동)",127.2605003,36.48207253
500,Q,음식,Q12,커피점/카페,Q12A01,커피전문점/카페/다방,I56220,비알콜 음료점업,3611036000,연서면,"세종특별자치시 연서면 대첩로 148-5, (월하리)",127.27974909999999,36.59550002
503,Q,음식,Q12,커피점/카페,Q12A01,커피전문점/카페/다방,I56220,비알콜 음료점업,3611051500,새롬동,"세종특별자치시 한누리대로 165, (나성동)",127.2620271,36.47993707
547,Q,음식,Q12,커피점/카페,Q12A01,커피전문점/카페/다방,I56220,비알콜 음료점업,3611035000,장군면,"세종특별자치시 장군면 금송로 210, (금암리)",127.22165859999998,36.4379089
568,Q,음식,Q12,커피점/카페,Q12A01,커피전문점/카페/다방,I56220,비알콜 음료점업,3611025000,조치원읍,"세종특별자치시 조치원읍 으뜸길 215, (원리)",127.29632920000002,36.60350264
577,Q,음식,Q12,커피점/카페,Q12A01,커피전문점/카페/다방,I56220,비알콜 음료점업,3611051000,한솔동,"세종특별자치시 금송로 687, (가람동)",127.2509879,36.47089212
595,Q,음식,Q12,커피점/카페,Q12A01,커피전문점/카페/다방,I56220,비알콜 음료점업,3611036000,연서면,"세종특별자치시 연서면 세종로 2085, (월하리)",127.29046699999999,36.57354778
636,Q,음식,Q12,커피점/카페,Q12A01,커피전문점/카페/다방,I56220,비알콜 음료점업,3611034000,금남면,"세종특별자치시 금남면 성덕영곡길 168-5, (영곡리)",127.2637624,36.453388700000005
641,Q,음식,Q12,커피점/카페,Q12A01,커피전문점/카페/다방,I56220,비알콜 음료점업,3611035000,장군면,"세종특별자치시 장군면 장척로 399, (도계리)",127.2049935,36.49706338
828,Q,음식,Q12,커피점/카페,Q12A01,커피전문점/카페/다방,I56220,비알콜 음료점업,3611037000,전의면,"세종특별자치시 전의면 장터길 14, (읍내리)",127.2052777,36.67860363
931,Q,음식,Q12,커피점/카페,Q12A01,커피전문점/카페/다방,I56220,비알콜 음료점업,3611034000,금남면,"세종특별자치시 금남면 금남구즉로 1, (용포리)",127.28189809999999,36.46832436
996,Q,음식,Q12,커피점/카페,Q12A01,커피전문점/카페/다방,I56220,비알콜 음료점업,3611039000,소정면,"세종특별자치시 소정면 소정구길 169, (소정리)",127.15651159999999,36.719245
1010,Q,음식,Q12,커피점/카페,Q12A01,커피전문점/카페/다방,I56220,비알콜 음료점업,3611025000,조치원읍,"세종특별자치시 조치원읍 조치원8길 71, (남리)",127.3011585,36.59847529
1066,Q,음식,Q12,커피점/카페,Q12A01,커피전문점/카페/다방,I56220,비알콜 음료점업,3611025000,조치원읍,"세종특별자치시 조치원읍 허만석로 35, (번암리)",127.29532169999999,36.58523822
1095,Q,음식,Q12,커피점/카페,Q12A01,커피전문점/카페/다방,I56220,비알콜 음료점업,3611025000,조치원읍,"세종특별자치시 조치원읍 내창1길 37, (서창리)",127.28960009999999,36.60841034
1101,Q,음식,Q12,커피점/카페,Q12A01,커피전문점/카페/다방,I56220,비알콜 음료점업,3611034000,금남면,"세종특별자치시 금남면 원봉2길 29-15, (원봉리)",127.24458349999999,36.44323821
1110,Q,음식,Q12,커피점/카페,Q12A01,커피전문점/카페/다방,I56220,비알콜 음료점업,3611025000,조치원읍,"세종특별자치시 조치원읍 새내로 76, (정리)",127.2987311,36.59870435
1149,Q,음식,Q12,커피점/카페,Q12A01,커피전문점/카페/다방,I56220,비알콜 음료점업,3611035000,장군면,"세종특별자치시 장군면 장척로 402, (도계리)",127.20539609999999,36.49699397
1241,Q,음식,Q12,커피점/카페,Q12A01,커피전문점/카페/다방,I56220,비알콜 음료점업,3611025000,조치원읍,"세종특별자치시 조치원읍 산막2길 52, (신흥리)",127.2935981,36.59411393
1260,Q,음식,Q12,커피점/카페,Q12A01,커피전문점/카페/다방,I56220,비알콜 음료점업,3611037000,전의면,"세종특별자치시 전의면 운주산로 1190, (읍내리)",127.20487800000001,36.679394
1289,Q,음식,Q12,커피점/카페,Q12A01,커피전문점/카페/다방,I56220,비알콜 음료점업,3611034000,금남면,"세종특별자치시 금남면 안금로 533-8, (감성리)",127.2877571,36.44015103
1316,Q,음식,Q12,커피점/카페,Q12A01,커피전문점/카페/다방,I56220,비알콜 음료점업,3611037000,전의면,"세종특별자치시 전의면 읍내길 3, (읍내리)",127.20442690000002,36.67973344
1323,Q,음식,Q12,커피점/카페,Q12A01,커피전문점/카페/다방,I56220,비알콜 음료점업,3611025000,조치원읍,"세종특별자치시 조치원읍 문화1길 25, (침산리)",127.2890467,36.60171108
1353,Q,음식,Q12,커피점/카페,Q12A01,커피전문점/카페/다방,I56220,비알콜 음료점업,3611025000,조치원읍,"세종특별자치시 조치원읍 새내로 155, (교리)",127.29704709999999,36.6056878
1399,Q,음식,Q12,커피점/카페,Q12A01,커피전문점/카페/다방,I56220,비알콜 음료점업,3611025000,조치원읍,"세종특별자치시 조치원읍 새내9길 3, (정리)",127.29809170000001,36.60019659
1423,Q,음식,Q12,커피점/카페,Q12A01,커피전문점/카페/다방,I56220,비알콜 음료점업,3611036000,연서면,"세종특별자치시 연서면 당산로 366, (봉암리)",127.2836053,36.56401699
1426,Q,음식,Q12,커피점/카페,Q12A01,커피전문점/카페/다방,I56220,비알콜 음료점업,3611039000,소정면,"세종특별자치시 소정면 소정구길 158, (소정리)",127.15648020000002,36.71802819
1430,Q,음식,Q12,커피점/카페,Q12A01,커피전문점/카페/다방,I56220,비알콜 음료점업,3611034000,금남면,"세종특별자치시 금남면 대평시장1길 18, (용포리)",127.2822002,36.4670194
1444,Q,음식,Q12,커피점/카페,Q12A01,커피전문점/카페/다방,I56220,비알콜 음료점업,3611037000,전의면,"세종특별자치시 전의면 장터길 2-1, (읍내리)",127.2050268,36.67906156
1495,Q,음식,Q12,커피점/카페,Q12A01,커피전문점/카페/다방,I56220,비알콜 음료점업,3611025000,조치원읍,"세종특별자치시 조치원읍 새내12길 40, (원리)",127.3000508,36.60231694
1505,Q,음식,Q12,커피점/카페,Q12A01,커피전문점/카페/다방,I56220,비알콜 음료점업,3611036000,연서면,"세종특별자치시 연서면 당산로 356-3, (봉암리)",127.2834559,36.56325908
1517,Q,음식,Q12,커피점/카페,Q12A01,커피전문점/카페/다방,I56220,비알콜 음료점업,3611025000,조치원읍,"세종특별자치시 조치원읍 으뜸길 140, (남리)",127.2975659,36.59777826
1543,Q,음식,Q12,커피점/카페,Q12A01,커피전문점/카페/다방,I56220,비알콜 음료점업,3611037000,전의면,"세종특별자치시 전의면 운주산로 1185, (읍내리)",127.2053055,36.67916255
1606,Q,음식,Q12,커피점/카페,Q12A01,커피전문점/카페/다방,I56220,비알콜 음료점업,3611034000,금남면,"세종특별자치시 금남면 용포로 91-1, (용포리)",127.2814649,36.46690682
1747,Q,음식,Q12,커피점/카페,Q12A01,커피전문점/카페/다방,I56220,비알콜 음료점업,3611034000,금남면,"세종특별자치시 금남면 용포로 105, (용포리)",127.2816672,36.46795346
1754,Q,음식,Q12,커피점/카페,Q12A01,커피전문점/카페/다방,I56220,비알콜 음료점업,3611025000,조치원읍,"세종특별자치시 조치원읍 섭골골목길 19-4, (신안리)",127.28674309999998,36.61639597
1786,Q,음식,Q12,커피점/카페,Q12A01,커피전문점/카페/다방,I56220,비알콜 음료점업,3611025000,조치원읍,"세종특별자치시 조치원읍 토골고개길 13-1, (신안리)",127.290139,36.62277874
1830,Q,음식,Q12,커피점/카페,Q12A01,커피전문점/카페/다방,I56220,비알콜 음료점업,3611034000,금남면,"세종특별자치시 금남면 용포로 100, (용포리)",127.28195079999999,36.46745048
1841,Q,음식,Q12,커피점/카페,Q12A01,커피전문점/카페/다방,I56220,비알콜 음료점업,3611034000,금남면,"세종특별자치시 금남면 용포로 95-1, (용포리)",127.28156229999999,36.46723185
1859,Q,음식,Q12,커피점/카페,Q12A01,커피전문점/카페/다방,I56220,비알콜 음료점업,3611038000,전동면,"세종특별자치시 전동면 운주산로 358, (노장리)",127.2665676,36.65381748
1866,Q,음식,Q12,커피점/카페,Q12A01,커피전문점/카페/다방,I56220,비알콜 음료점업,3611037000,전의면,"세종특별자치시 전의면 운주산로 1183, (읍내리)",127.20555279999999,36.67904704
1873,Q,음식,Q12,커피점/카페,Q12A01,커피전문점/카페/다방,I56220,비알콜 음료점업,3611034000,금남면,"세종특별자치시 금남면 용포로 68, (용포리)",127.2811727,36.46471509
1889,Q,음식,Q12,커피점/카페,Q12A01,커피전문점/카페/다방,I56220,비알콜 음료점업,3611025000,조치원읍,"세종특별자치시 조치원읍 조치원로 8, (원리)",127.2977038,36.60105947
1893,Q,음식,Q12,커피점/카페,Q12A01,커피전문점/카페/다방,I56220,비알콜 음료점업,3611025000,조치원읍,"세종특별자치시 조치원읍 조치원8길 34-6, (정리)",127.30046159999999,36.60014744
1941,Q,음식,Q12,커피점/카페,Q12A01,커피전문점/카페/다방,I56220,비알콜 음료점업,3611033000,부강면,"세종특별자치시 부강면 부강1길 27, (부강리)",127.36763859999999,36.53125536
1947,Q,음식,Q12,커피점/카페,Q12A01,커피전문점/카페/다방,I56220,비알콜 음료점업,3611025000,조치원읍,"세종특별자치시 조치원읍 으뜸길 227-1, (원리)",127.29637920000002,36.60169151
1981,Q,음식,Q12,커피점/카페,Q12A01,커피전문점/카페/다방,I56220,비알콜 음료점업,3611039000,소정면,"세종특별자치시 소정면 차령고개로 1081, (운당리)",127.1560494,36.69088152
1986,Q,음식,Q12,커피점/카페,Q12A01,커피전문점/카페/다방,I56220,비알콜 음료점업,3611034000,금남면,"세종특별자치시 금남면 용포로 74, (용포리)",127.2812918,36.46510333
1987,Q,음식,Q12,커피점/카페,Q12A01,커피전문점/카페/다방,I56220,비알콜 음료점업,3611025000,조치원읍,"세종특별자치시 조치원읍 죽림로 55, (죽림리)",127.2977267,36.59237196
2063,Q,음식,Q12,커피점/카페,Q12A01,커피전문점/카페/다방,I56220,비알콜 음료점업,3611025000,조치원읍,"세종특별자치시 조치원읍 새내로 111, (원리)",127.2977645,36.60176277
2067,Q,음식,Q12,커피점/카페,Q12A01,커피전문점/카페/다방,I56220,비알콜 음료점업,3611025000,조치원읍,"세종특별자치시 조치원읍 섭골길 83, (신안리)",127.286018,36.61744603
2081,Q,음식,Q12,커피점/카페,Q12A01,커피전문점/카페/다방,I56220,비알콜 음료점업,3611025000,조치원읍,"세종특별자치시 조치원읍 으뜸길 208, (원리)",127.297058,36.60079431
2113,Q,음식,Q12,커피점/카페,Q12A01,커피전문점/카페/다방,I56220,비알콜 음료점업,3611035000,장군면,"세종특별자치시 장군면 대학길 300, (금암리)",127.20974340000001,36.462407
2132,Q,음식,Q12,커피점/카페,Q12A01,커피전문점/카페/다방,I56220,비알콜 음료점업,3611025000,조치원읍,"세종특별자치시 조치원읍 문화길 9, (침산리)",127.2897415,36.60030033
2154,Q,음식,Q12,커피점/카페,Q12A01,커피전문점/카페/다방,I56220,비알콜 음료점업,3611031000,연기면,"세종특별자치시 연기면 당산로 214, (보통리)",127.2784186,36.55232403
2156,Q,음식,Q12,커피점/카페,Q12A01,커피전문점/카페/다방,I56220,비알콜 음료점업,3611036000,연서면,"세종특별자치시 연서면 세종로 2083, (월하리)",127.29026019999999,36.57294273
2158,Q,음식,Q12,커피점/카페,Q12A01,커피전문점/카페/다방,I56220,비알콜 음료점업,3611025000,조치원읍,"세종특별자치시 조치원읍 문화로 27-1, (교리)",127.30062690000001,36.60413175
2166,Q,음식,Q12,커피점/카페,Q12A01,커피전문점/카페/다방,I56220,비알콜 음료점업,3611037000,전의면,"세종특별자치시 전의면 만세길 16-2, (읍내리)",127.2040159,36.67836089
2214,Q,음식,Q12,커피점/카페,Q12A01,커피전문점/카페/다방,I56220,비알콜 음료점업,3611056000,보람동,"세종특별자치시 한누리대로 2130, (보람동)",127.2890437,36.48005603
2235,Q,음식,Q12,커피점/카페,Q12A01,커피전문점/카페/다방,I56220,비알콜 음료점업,3611025000,조치원읍,세종특별자치시 세종특별자치시 조치원읍 충현로 80,127.29646650000001,36.5957711
2346,Q,음식,Q12,커피점/카페,Q12A01,커피전문점/카페/다방,I56220,비알콜 음료점업,3611037000,전의면,"세종특별자치시 전의면 읍내길 23, (읍내리)",127.20392939999999,36.68132522
2574,Q,음식,Q12,커피점/카페,Q12A01,커피전문점/카페/다방,I56220,비알콜 음료점업,3611025000,조치원읍,"세종특별자치시 조치원읍 행복11길 6, (침산리)",127.2927153,36.6038958
2611,Q,음식,Q12,커피점/카페,Q12A01,커피전문점/카페/다방,I56220,비알콜 음료점업,3611025000,조치원읍,"세종특별자치시 조치원읍 새내로 85, (정리)",127.2982544,36.59950362
2619,Q,음식,Q12,커피점/카페,Q12A01,커피전문점/카페/다방,I56220,비알콜 음료점업,3611025000,조치원읍,"세종특별자치시 조치원읍 으뜸길 227-2, (원리)",127.2962894,36.60173604
2652,Q,음식,Q12,커피점/카페,Q12A01,커피전문점/카페/다방,I56220,비알콜 음료점업,3611056000,보람동,"세종특별자치시 시청대로 163, (보람동)",127.2888024,36.48082063
2653,Q,음식,Q12,커피점/카페,Q12A01,커피전문점/카페/다방,I56220,비알콜 음료점업,3611025000,조치원읍,"세종특별자치시 조치원읍 으뜸길 233, (원리)",127.2965334,36.60193575
2674,Q,음식,Q12,커피점/카페,Q12A01,커피전문점/카페/다방,I56220,비알콜 음료점업,3611025000,조치원읍,"세종특별자치시 조치원읍 모과나무길 38, (서창리)",127.2843135,36.60833365
2694,Q,음식,Q12,커피점/카페,Q12A01,커피전문점/카페/다방,I56220,비알콜 음료점업,3611025000,조치원읍,"세종특별자치시 조치원읍 문화3길 3, (침산리)",127.2891881,36.59970223
2708,Q,음식,Q12,커피점/카페,Q12A01,커피전문점/카페/다방,I56220,비알콜 음료점업,3611054000,종촌동,"세종특별자치시 달빛로 80, (종촌동, 가재마을중흥S클래스12단지)",127.25308329999999,36.50486326
2726,Q,음식,Q12,커피점/카페,Q12A01,커피전문점/카페/다방,I56220,비알콜 음료점업,3611035000,장군면,"세종특별자치시 장군면 당암길 42, (봉안리)",127.23310430000001,36.49773404
2728,Q,음식,Q12,커피점/카페,Q12A01,커피전문점/카페/다방,I56220,비알콜 음료점업,3611033000,부강면,"세종특별자치시 부강면 부강신대길 34, (부강리)",127.36083359999999,36.53176883
2729,Q,음식,Q12,커피점/카페,Q12A01,커피전문점/카페/다방,I56220,비알콜 음료점업,3611025000,조치원읍,"세종특별자치시 조치원읍 섭골길 31, (서창리)",127.2897398,36.613890500000004
2764,Q,음식,Q12,커피점/카페,Q12A01,커피전문점/카페/다방,I56220,비알콜 음료점업,3611051500,새롬동,"세종특별자치시 한누리대로 205, (나성동)",127.2599232,36.48290709
2819,Q,음식,Q12,커피점/카페,Q12A01,커피전문점/카페/다방,I56220,비알콜 음료점업,3611035000,장군면,"세종특별자치시 장군면 대학길 300, (금암리)",127.20974340000001,36.462407
2873,Q,음식,Q12,커피점/카페,Q12A01,커피전문점/카페/다방,I56220,비알콜 음료점업,3611052000,도담동,"세종특별자치시 절재로 154, (어진동)",127.2588522,36.50746771
2911,Q,음식,Q12,커피점/카페,Q12A01,커피전문점/카페/다방,I56220,비알콜 음료점업,3611025000,조치원읍,"세종특별자치시 조치원읍 문화로 2-1, (상리)",127.30123909999999,36.60193639
2994,Q,음식,Q12,커피점/카페,Q12A01,커피전문점/카페/다방,I56220,비알콜 음료점업,3611025000,조치원읍,"세종특별자치시 조치원읍 장안길 97-7, (남리)",127.3010318,36.59641078
3132,Q,음식,Q12,커피점/카페,Q12A01,커피전문점/카페/다방,I56220,비알콜 음료점업,3611025000,조치원읍,"세종특별자치시 조치원읍 조치원4길 6, (원리)",127.29864209999998,36.60112808
3218,Q,음식,Q12,커피점/카페,Q12A01,커피전문점/카페/다방,I56220,비알콜 음료점업,3611035000,장군면,"세종특별자치시 장군면 장척로 397-4, (도계리)",127.2048375,36.49704432
3228,Q,음식,Q12,커피점/카페,Q12A01,커피전문점/카페/다방,I56220,비알콜 음료점업,3611033000,부강면,"세종특별자치시 부강면 부촌길 42-1, (부강리)",127.36687820000002,36.53001665
3234,Q,음식,Q12,커피점/카페,Q12A01,커피전문점/카페/다방,I56220,비알콜 음료점업,3611032000,연동면,"세종특별자치시 연동면 청연로 602-1, (내판리)",127.32517150000001,36.55806816
3336,Q,음식,Q12,커피점/카페,Q12A01,커피전문점/카페/다방,I56220,비알콜 음료점업,3611039000,소정면,"세종특별자치시 소정면 소정구길 162, (소정리)",127.15665420000002,36.71848902
3367,Q,음식,Q12,커피점/카페,Q12A01,커피전문점/카페/다방,I56220,비알콜 음료점업,3611034000,금남면,"세종특별자치시 금남면 용포로 82, (용포리)",127.28151899999999,36.46587975
3394,Q,음식,Q12,커피점/카페,Q12A01,커피전문점/카페/다방,I56220,비알콜 음료점업,3611025000,조치원읍,"세종특별자치시 조치원읍 충현로 101, (신흥리)",127.2952662,36.59748531
3559,Q,음식,Q12,커피점/카페,Q12A01,커피전문점/카페/다방,I56220,비알콜 음료점업,3611035000,장군면,"세종특별자치시 장군면 월현윗길 30-1, (봉안리)",127.2234243,36.50133037
3645,Q,음식,Q12,커피점/카페,Q12A01,커피전문점/카페/다방,I56220,비알콜 음료점업,3611037000,전의면,"세종특별자치시 전의면 운주산로 1174, (동교리)",127.20639750000001,36.6796024
3672,Q,음식,Q12,커피점/카페,Q12A01,커피전문점/카페/다방,I56220,비알콜 음료점업,3611025000,조치원읍,"세종특별자치시 조치원읍 충현로 159, (침산리, 욱일2차)",127.29417720000001,36.60292216
3726,Q,음식,Q12,커피점/카페,Q12A01,커피전문점/카페/다방,I56220,비알콜 음료점업,3611025000,조치원읍,"세종특별자치시 조치원읍 문화로 8, (상리)",127.3012922,36.60224311
3739,Q,음식,Q12,커피점/카페,Q12A01,커피전문점/카페/다방,I56220,비알콜 음료점업,3611025000,조치원읍,"세종특별자치시 조치원읍 장안길 27, (정리)",127.3004358,36.59930016
3742,Q,음식,Q12,커피점/카페,Q12A01,커피전문점/카페/다방,I56220,비알콜 음료점업,3611025000,조치원읍,"세종특별자치시 조치원읍 행복12길 3, (침산리)",127.2929405,36.60370789
3778,Q,음식,Q12,커피점/카페,Q12A01,커피전문점/카페/다방,I56220,비알콜 음료점업,3611035000,장군면,"세종특별자치시 장군면 대학길 242, (금암리)",127.21205970000001,36.45952939
3785,Q,음식,Q12,커피점/카페,Q12A01,커피전문점/카페/다방,I56220,비알콜 음료점업,3611035000,장군면,"세종특별자치시 장군면 장척로 400, (도계리)",127.20523,36.49686669
3813,Q,음식,Q12,커피점/카페,Q12A01,커피전문점/카페/다방,I56220,비알콜 음료점업,3611034000,금남면,"세종특별자치시 금남면 금남구즉로 1, (용포리)",127.28189809999999,36.46832436
3824,Q,음식,Q12,커피점/카페,Q12A01,커피전문점/카페/다방,I56220,비알콜 음료점업,3611025000,조치원읍,세종특별자치시 세종특별자치시 조치원읍 충현로 80,127.29646650000001,36.5957711
3836,Q,음식,Q12,커피점/카페,Q12A01,커피전문점/카페/다방,I56220,비알콜 음료점업,3611025000,조치원읍,"세종특별자치시 조치원읍 새내9길 21, (정리)",127.29715390000001,36.60007391
3929,Q,음식,Q12,커피점/카페,Q12A01,커피전문점/카페/다방,I56220,비알콜 음료점업,3611056000,보람동,"세종특별자치시 시청대로 167, (보람동)",127.28983559999999,36.48132246
4022,Q,음식,Q12,커피점/카페,Q12A01,커피전문점/카페/다방,I56220,비알콜 음료점업,3611025000,조치원읍,"세종특별자치시 조치원읍 으뜸길 227, (원리)",127.29655790000001,36.60170158
4051,Q,음식,Q12,커피점/카페,Q12A01,커피전문점/카페/다방,I56220,비알콜 음료점업,3611025000,조치원읍,"세종특별자치시 조치원읍 새내2길 32, (남리)",127.30064990000001,36.59662483
4125,Q,음식,Q12,커피점/카페,Q12A01,커피전문점/카페/다방,I56220,비알콜 음료점업,3611025000,조치원읍,"세종특별자치시 조치원읍 으뜸길 208-1, (원리)",127.2972807,36.60088574
4246,Q,음식,Q12,커피점/카페,Q12A01,커피전문점/카페/다방,I56220,비알콜 음료점업,3611037000,전의면,"세종특별자치시 전의면 운주산로 1217, (읍내리)",127.2016101,36.67948028
4260,Q,음식,Q12,커피점/카페,Q12A01,커피전문점/카페/다방,I56220,비알콜 음료점업,3611033000,부강면,"세종특별자치시 부강면 부강로 53, (부강리)",127.36506499999999,36.53052071
4278,Q,음식,Q12,커피점/카페,Q12A01,커피전문점/카페/다방,I56220,비알콜 음료점업,3611025000,조치원읍,"세종특별자치시 조치원읍 새내11길 16, (교리)",127.2971232,36.60222761
4316,Q,음식,Q12,커피점/카페,Q12A01,커피전문점/카페/다방,I56220,비알콜 음료점업,3611025000,조치원읍,"세종특별자치시 조치원읍 행복11길 3, (침산리)",127.29241499999999,36.6037318
4362,Q,음식,Q12,커피점/카페,Q12A01,커피전문점/카페/다방,I56220,비알콜 음료점업,3611051500,새롬동,"세종특별자치시 한누리대로 193, (나성동)",127.2605003,36.48207253
4392,Q,음식,Q12,커피점/카페,Q12A01,커피전문점/카페/다방,I56220,비알콜 음료점업,3611035000,장군면,"세종특별자치시 장군면 대교길 14, (대교리)",127.21162360000001,36.50148729
4419,Q,음식,Q12,커피점/카페,Q12A01,커피전문점/카페/다방,I56220,비알콜 음료점업,3611051000,한솔동,"세종특별자치시 노을3로 19, 201동  (한솔동, 첫마을퍼스트프라임2단지)",127.2600121,36.4817721
4441,Q,음식,Q12,커피점/카페,Q12A01,커피전문점/카페/다방,I56220,비알콜 음료점업,3611039000,소정면,"세종특별자치시 소정면 세종로 4726, (대곡리)",127.16799540000001,36.73078884
4547,Q,음식,Q12,커피점/카페,Q12A01,커피전문점/카페/다방,I56220,비알콜 음료점업,3611051000,한솔동,"세종특별자치시 노을3로 92, (한솔동)",127.2549407,36.4799381
4558,Q,음식,Q12,커피점/카페,Q12A01,커피전문점/카페/다방,I56220,비알콜 음료점업,3611051000,한솔동,"세종특별자치시 나리1로 16, 301동  (한솔동, 첫마을퍼스트프라임3단지)",127.2590393,36.47727798
4596,Q,음식,Q12,커피점/카페,Q12A01,커피전문점/카페/다방,I56220,비알콜 음료점업,3611025000,조치원읍,"세종특별자치시 조치원읍 원마루길 31-5, (서창리)",127.28969,36.60957343
4669,Q,음식,Q12,커피점/카페,Q12A01,커피전문점/카페/다방,I56220,비알콜 음료점업,3611036000,연서면,"세종특별자치시 연서면 세종로 2083, (월하리)",127.29026019999999,36.57294273
4697,Q,음식,Q12,커피점/카페,Q12A01,커피전문점/카페/다방,I56220,비알콜 음료점업,3611051000,한솔동,"세종특별자치시 노을3로 25, (한솔동)",127.25932900000001,36.48084862
4857,Q,음식,Q12,커피점/카페,Q12A01,커피전문점/카페/다방,I56220,비알콜 음료점업,3611039000,소정면,"세종특별자치시 소정면 차령고개로 1081, (운당리)",127.1560494,36.69088152
4862,Q,음식,Q12,커피점/카페,Q12A01,커피전문점/카페/다방,I56220,비알콜 음료점업,3611025000,조치원읍,"세종특별자치시 조치원읍 섭골길 31, (서창리)",127.2897398,36.613890500000004
4903,Q,음식,Q12,커피점/카페,Q12A01,커피전문점/카페/다방,I56220,비알콜 음료점업,3611025000,조치원읍,"세종특별자치시 조치원읍 세종로 2511, (서창리)",127.29100079999999,36.61169005
4907,Q,음식,Q12,커피점/카페,Q12A01,커피전문점/카페/다방,I56220,비알콜 음료점업,3611033000,부강면,"세종특별자치시 부강면 부강로 53, (부강리)",127.36506499999999,36.53052071
4977,Q,음식,Q12,커피점/카페,Q12A01,커피전문점/카페/다방,I56220,비알콜 음료점업,3611051500,새롬동,"세종특별자치시 한누리대로 169, (나성동)",127.26181229999999,36.48023315
4999,Q,음식,Q12,커피점/카페,Q12A01,커피전문점/카페/다방,I56220,비알콜 음료점업,3611051000,한솔동,"세종특별자치시 금송로 687, (가람동)",127.2509879,36.47089212
5035,Q,음식,Q12,커피점/카페,Q12A01,커피전문점/카페/다방,I56220,비알콜 음료점업,3611025000,조치원읍,"세종특별자치시 조치원읍 새내11길 16, (교리)",127.2971232,36.60222761
5079,Q,음식,Q12,커피점/카페,Q12A01,커피전문점/카페/다방,I56220,비알콜 음료점업,3611055500,소담동,"세종특별자치시 시청대로 370, (반곡동)",127.3045486,36.4958377
5081,Q,음식,Q12,커피점/카페,Q12A01,커피전문점/카페/다방,I56220,비알콜 음료점업,3611051500,새롬동,"세종특별자치시 한누리대로 253, (나성동)",127.2572523,36.48679279
5084,Q,음식,Q12,커피점/카페,Q12A01,커피전문점/카페/다방,I56220,비알콜 음료점업,3611025000,조치원읍,"세종특별자치시 조치원읍 섭골길 96, (신안리)",127.28596340000001,36.61851814
5088,Q,음식,Q12,커피점/카페,Q12A01,커피전문점/카페/다방,I56220,비알콜 음료점업,3611025000,조치원읍,"세종특별자치시 조치원읍 장안로 10-8, (원리)",127.3009246,36.60086211
5135,Q,음식,Q12,커피점/카페,Q12A01,커피전문점/카페/다방,I56220,비알콜 음료점업,3611056000,보람동,"세종특별자치시 시청대로 167, (보람동)",127.28983559999999,36.48132246
5137,Q,음식,Q12,커피점/카페,Q12A01,커피전문점/카페/다방,I56220,비알콜 음료점업,3611025000,조치원읍,"세종특별자치시 조치원읍 조치원5길 29, (교리)",127.29899640000002,36.60273431
5144,Q,음식,Q12,커피점/카페,Q12A01,커피전문점/카페/다방,I56220,비알콜 음료점업,3611037000,전의면,"세종특별자치시 전의면 운주산로 1205, (읍내리)",127.20303159999999,36.67941771
5145,Q,음식,Q12,커피점/카페,Q12A01,커피전문점/카페/다방,I56220,비알콜 음료점업,3611035000,장군면,"세종특별자치시 장군면 장척로 401, (도계리)",127.2052047,36.49715491
5160,Q,음식,Q12,커피점/카페,Q12A01,커피전문점/카페/다방,I56220,비알콜 음료점업,3611051000,한솔동,"세종특별자치시 노을3로 90, (한솔동)",127.25516670000002,36.47964211
5171,Q,음식,Q12,커피점/카페,Q12A01,커피전문점/카페/다방,I56220,비알콜 음료점업,3611039000,소정면,"세종특별자치시 소정면 소정구길 188, (소정리)",127.1574467,36.72074759
5205,Q,음식,Q12,커피점/카페,Q12A01,커피전문점/카페/다방,I56220,비알콜 음료점업,3611037000,전의면,"세종특별자치시 전의면 운주산로 1206-1, (읍내리)",127.20293909999998,36.67971448
5214,Q,음식,Q12,커피점/카페,Q12A01,커피전문점/카페/다방,I56220,비알콜 음료점업,3611052000,도담동,"세종특별자치시 절재로 154, (어진동)",127.2588522,36.50746771
5232,Q,음식,Q12,커피점/카페,Q12A01,커피전문점/카페/다방,I56220,비알콜 음료점업,3611025000,조치원읍,"세종특별자치시 조치원읍 섭골길 35-4, (서창리)",127.2892034,36.61386927
5237,Q,음식,Q12,커피점/카페,Q12A01,커피전문점/카페/다방,I56220,비알콜 음료점업,3611025000,조치원읍,"세종특별자치시 조치원읍 충현로 93, (신흥리)",127.295451,36.59682852
5241,Q,음식,Q12,커피점/카페,Q12A01,커피전문점/카페/다방,I56220,비알콜 음료점업,3611039000,소정면,"세종특별자치시 소정면 소정구길 166, (소정리)",127.15690749999999,36.71886931
5277,Q,음식,Q12,커피점/카페,Q12A01,커피전문점/카페/다방,I56220,비알콜 음료점업,3611032000,연동면,"세종특별자치시 연동면 청연로 602-1, (내판리)",127.32517150000001,36.55806816
5283,Q,음식,Q12,커피점/카페,Q12A01,커피전문점/카페/다방,I56220,비알콜 음료점업,3611035000,장군면,"세종특별자치시 장군면 장척로 411, (도계리)",127.20574429999999,36.49787047
5286,Q,음식,Q12,커피점/카페,Q12A01,커피전문점/카페/다방,I56220,비알콜 음료점업,3611039000,소정면,"세종특별자치시 소정면 소정구길 162, (소정리)",127.15665420000002,36.71848902
5294,Q,음식,Q12,커피점/카페,Q12A01,커피전문점/카페/다방,I56220,비알콜 음료점업,3611034000,금남면,"세종특별자치시 금남면 성덕영곡길 164-1, (영곡리)",127.2642273,36.45377909
5299,Q,음식,Q12,커피점/카페,Q12A01,커피전문점/카페/다방,I56220,비알콜 음료점업,3611025000,조치원읍,"세종특별자치시 조치원읍 새내13길 14, (교리)",127.29702520000001,36.603173299999995
5355,Q,음식,Q12,커피점/카페,Q12A01,커피전문점/카페/다방,I56220,비알콜 음료점업,3611035000,장군면,"세종특별자치시 장군면 월현윗길 50, (봉안리)",127.22320549999999,36.50311336
5414,Q,음식,Q12,커피점/카페,Q12A01,커피전문점/카페/다방,I56220,비알콜 음료점업,3611051500,새롬동,"세종특별자치시 한누리대로 194, (나성동)",127.26145840000001,36.48224069
5463,Q,음식,Q12,커피점/카페,Q12A01,커피전문점/카페/다방,I56220,비알콜 음료점업,3611025000,조치원읍,"세종특별자치시 조치원읍 문화로 21, (교리)",127.30064340000001,36.60353705
5476,Q,음식,Q12,커피점/카페,Q12A01,커피전문점/카페/다방,I56220,비알콜 음료점업,3611025000,조치원읍,"세종특별자치시 조치원읍 장안로 74, (남리)",127.3018812,36.59517209
5494,Q,음식,Q12,커피점/카페,Q12A01,커피전문점/카페/다방,I56220,비알콜 음료점업,3611034000,금남면,"세종특별자치시 금남면 성덕영곡길 29, (발산리)",127.2763545,36.4597112
5512,Q,음식,Q12,커피점/카페,Q12A01,커피전문점/카페/다방,I56220,비알콜 음료점업,3611025000,조치원읍,"세종특별자치시 조치원읍 조치원7길 6, (원리)",127.30061509999999,36.60172546
5527,Q,음식,Q12,커피점/카페,Q12A01,커피전문점/카페/다방,I56220,비알콜 음료점업,3611025000,조치원읍,"세종특별자치시 조치원읍 문화2길 32, (침산리)",127.28847749999998,36.60040995
5530,Q,음식,Q12,커피점/카페,Q12A01,커피전문점/카페/다방,I56220,비알콜 음료점업,3611036000,연서면,"세종특별자치시 연서면 도신고복로 903, (고복리)",127.2467175,36.61331989999999
5534,Q,음식,Q12,커피점/카페,Q12A01,커피전문점/카페/다방,I56220,비알콜 음료점업,3611051500,새롬동,"세종특별자치시 한누리대로 194, (나성동)",127.26145840000001,36.48224069
5536,Q,음식,Q12,커피점/카페,Q12A01,커피전문점/카페/다방,I56220,비알콜 음료점업,3611051500,새롬동,"세종특별자치시 한누리대로 193, (나성동)",127.2605003,36.48207253
5538,Q,음식,Q12,커피점/카페,Q12A01,커피전문점/카페/다방,I56220,비알콜 음료점업,3611025000,조치원읍,"세종특별자치시 조치원읍 내창3길 6-2, (서창리)",127.28948059999999,36.60680548
5560,Q,음식,Q12,커피점/카페,Q12A01,커피전문점/카페/다방,I56220,비알콜 음료점업,3611051000,한솔동,"세종특별자치시 노을1로 16, 202동  (한솔동, 첫마을퍼스트프라임2단지)",127.26062350000001,36.48084763
5563,Q,음식,Q12,커피점/카페,Q12A01,커피전문점/카페/다방,I56220,비알콜 음료점업,3611025000,조치원읍,"세종특별자치시 조치원읍 모과나무길 38, (서창리)",127.2843135,36.60833365
5565,Q,음식,Q12,커피점/카페,Q12A01,커피전문점/카페/다방,I56220,비알콜 음료점업,3611034000,금남면,"세종특별자치시 금남면 용포로 77-4, (용포리)",127.28060459999999,36.46582017
5566,Q,음식,Q12,커피점/카페,Q12A01,커피전문점/카페/다방,I56220,비알콜 음료점업,3611025000,조치원읍,"세종특별자치시 조치원읍 새내로 131, (교리)",127.2974689,36.60354541
5577,Q,음식,Q12,커피점/카페,Q12A01,커피전문점/카페/다방,I56220,비알콜 음료점업,3611034000,금남면,"세종특별자치시 금남면 발산2길 22, (발산리)",127.28550700000001,36.45684636
5589,Q,음식,Q12,커피점/카페,Q12A01,커피전문점/카페/다방,I56220,비알콜 음료점업,3611051500,새롬동,"세종특별자치시 한누리대로 165, (나성동)",127.2620271,36.47993707
5644,Q,음식,Q12,커피점/카페,Q12A01,커피전문점/카페/다방,I56220,비알콜 음료점업,3611033000,부강면,"세종특별자치시 부강면 시장길 29, (부강리)",127.36794540000001,36.52922924
5670,Q,음식,Q12,커피점/카페,Q12A01,커피전문점/카페/다방,I56220,비알콜 음료점업,3611053000,아름동,"세종특별자치시 보듬3로 100, (아름동)",127.24862759999998,36.51194589
5680,Q,음식,Q12,커피점/카페,Q12A01,커피전문점/카페/다방,I56220,비알콜 음료점업,3611055000,고운동,"세종특별자치시 고운서길 13, (고운동)",127.23454650000001,36.50544871
5681,Q,음식,Q12,커피점/카페,Q12A01,커피전문점/카페/다방,I56220,비알콜 음료점업,3611054000,종촌동,"세종특별자치시 도움1로 108, (종촌동)",127.24763440000001,36.50267511
5683,Q,음식,Q12,커피점/카페,Q12A01,커피전문점/카페/다방,I56220,비알콜 음료점업,3611052000,도담동,"세종특별자치시 도움8로 91, (어진동)",127.27155359999999,36.5041934
5685,Q,음식,Q12,커피점/카페,Q12A01,커피전문점/카페/다방,I56220,비알콜 음료점업,3611052000,도담동,"세종특별자치시 보듬3로 8-20, (도담동)",127.2586084,36.51429742
5690,Q,음식,Q12,커피점/카페,Q12A01,커피전문점/카페/다방,I56220,비알콜 음료점업,3611035000,장군면,"세종특별자치시 장군면 금암길 110-20, (금암리)",127.22129199999999,36.43776231
5713,Q,음식,Q12,커피점/카페,Q12A01,커피전문점/카페/다방,I56220,비알콜 음료점업,3611055000,고운동,"세종특별자치시 고운서길 7, (고운동)",127.23474879999999,36.50530582
5722,Q,음식,Q12,커피점/카페,Q12A01,커피전문점/카페/다방,I56220,비알콜 음료점업,3611025000,조치원읍,"세종특별자치시 조치원읍 새내로 92, (정리)",127.29847179999999,36.60018081
5783,Q,음식,Q12,커피점/카페,Q12A01,커피전문점/카페/다방,I56220,비알콜 음료점업,3611053000,아름동,"세종특별자치시 보듬3로 92, (아름동)",127.24947649999999,36.51190617
5816,Q,음식,Q12,커피점/카페,Q12A01,커피전문점/카페/다방,I56220,비알콜 음료점업,3611053000,아름동,"세종특별자치시 보듬3로 95, (아름동)",127.24891219999999,36.51137991
5871,Q,음식,Q12,커피점/카페,Q12A01,커피전문점/카페/다방,I56220,비알콜 음료점업,3611052000,도담동,"세종특별자치시 도움8로 91, (어진동)",127.27155359999999,36.5041934
5887,Q,음식,Q12,커피점/카페,Q12A01,커피전문점/카페/다방,I56220,비알콜 음료점업,3611033000,부강면,"세종특별자치시 부강면 부강5길 18, (부강리)",127.36888940000001,36.52849524
5895,Q,음식,Q12,커피점/카페,Q12A01,커피전문점/카페/다방,I56220,비알콜 음료점업,3611053000,아름동,"세종특별자치시 세종로 1234-8, (아름동)",127.24223529999999,36.51259939
5903,Q,음식,Q12,커피점/카페,Q12A01,커피전문점/카페/다방,I56220,비알콜 음료점업,3611034000,금남면,"세종특별자치시 금남면 금남구즉로 152, (호탄리)",127.29525190000001,36.47474859
5913,Q,음식,Q12,커피점/카페,Q12A01,커피전문점/카페/다방,I56220,비알콜 음료점업,3611052000,도담동,"세종특별자치시 보듬3로 8-20, (도담동)",127.2586084,36.51429742
5915,Q,음식,Q12,커피점/카페,Q12A01,커피전문점/카페/다방,I56220,비알콜 음료점업,3611055000,고운동,"세종특별자치시 고운서길 14, (고운동)",127.23490090000001,36.50573036
5950,Q,음식,Q12,커피점/카페,Q12A01,커피전문점/카페/다방,I56220,비알콜 음료점업,3611053000,아름동,"세종특별자치시 세종로 1234-8, (아름동)",127.24223529999999,36.51259939
5958,Q,음식,Q12,커피점/카페,Q12A01,커피전문점/카페/다방,I56220,비알콜 음료점업,3611037000,전의면,"세종특별자치시 전의면 장터길 33, (읍내리)",127.20587959999999,36.67773349
5979,Q,음식,Q12,커피점/카페,Q12A01,커피전문점/카페/다방,I56220,비알콜 음료점업,3611052000,도담동,"세종특별자치시 갈매로 364, (어진동)",127.26392859999999,36.49599957
5990,Q,음식,Q12,커피점/카페,Q12A01,커피전문점/카페/다방,I56220,비알콜 음료점업,3611053000,아름동,"세종특별자치시 보듬3로 92, (아름동)",127.24947649999999,36.51190617
5994,Q,음식,Q12,커피점/카페,Q12A01,커피전문점/카페/다방,I56220,비알콜 음료점업,3611056000,보람동,"세종특별자치시 시청대로 163, (보람동)",127.2890909,36.48099358
5996,Q,음식,Q12,커피점/카페,Q12A01,커피전문점/카페/다방,I56220,비알콜 음료점업,3611051500,새롬동,"세종특별자치시 나성로 133-15, (나성동)",127.25768559999999,36.49050851
5999,Q,음식,Q12,커피점/카페,Q12A01,커피전문점/카페/다방,I56220,비알콜 음료점업,3611053000,아름동,"세종특별자치시 보듬3로 100, (아름동)",127.24862759999998,36.51194589
6014,Q,음식,Q12,커피점/카페,Q12A01,커피전문점/카페/다방,I56220,비알콜 음료점업,3611055000,고운동,"세종특별자치시 마음안1로 167, (고운동, 가락마을골드클래스17단지)",127.23745520000001,36.51847189
6031,Q,음식,Q12,커피점/카페,Q12A01,커피전문점/카페/다방,I56220,비알콜 음료점업,3611053000,아름동,"세종특별자치시 아름서1길 23, (아름동)",127.2436024,36.510931799999994
6035,Q,음식,Q12,커피점/카페,Q12A01,커피전문점/카페/다방,I56220,비알콜 음료점업,3611037000,전의면,"세종특별자치시 전의면 운주산로 1204, (읍내리)",127.2034438,36.67959169
6044,Q,음식,Q12,커피점/카페,Q12A01,커피전문점/카페/다방,I56220,비알콜 음료점업,3611035000,장군면,"세종특별자치시 장군면 장기로 650-7, (은용리)",127.2107628,36.48951344
6052,Q,음식,Q12,커피점/카페,Q12A01,커피전문점/카페/다방,I56220,비알콜 음료점업,3611025000,조치원읍,"세종특별자치시 조치원읍 섭골길 83, (신안리)",127.286018,36.61744603
6055,Q,음식,Q12,커피점/카페,Q12A01,커피전문점/카페/다방,I56220,비알콜 음료점업,3611054000,종촌동,"세종특별자치시 도움3로 105-10, (종촌동)",127.24938440000001,36.50410104
6075,Q,음식,Q12,커피점/카페,Q12A01,커피전문점/카페/다방,I56220,비알콜 음료점업,3611055000,고운동,"세종특별자치시 마음로 181, (고운동, 가락마을이지더원10단지)",127.228068,36.51481567
6088,Q,음식,Q12,커피점/카페,Q12A01,커피전문점/카페/다방,I56220,비알콜 음료점업,3611055000,고운동,"세종특별자치시 마음로 272-9, (고운동)",127.23606409999998,36.519138899999994
6095,Q,음식,Q12,커피점/카페,Q12A01,커피전문점/카페/다방,I56220,비알콜 음료점업,3611052000,도담동,"세종특별자치시 도움8로 81, (어진동)",127.27060259999999,36.50442191
6102,Q,음식,Q12,커피점/카페,Q12A01,커피전문점/카페/다방,I56220,비알콜 음료점업,3611052000,도담동,"세종특별자치시 절재로 172, (어진동)",127.26014099999999,36.50811557
6114,Q,음식,Q12,커피점/카페,Q12A01,커피전문점/카페/다방,I56220,비알콜 음료점업,3611052000,도담동,"세종특별자치시 가름로 232, (어진동)",127.26491440000001,36.49561813
6128,Q,음식,Q12,커피점/카페,Q12A01,커피전문점/카페/다방,I56220,비알콜 음료점업,3611054000,종촌동,"세종특별자치시 도움1로 108, (종촌동)",127.24763440000001,36.50267511
6157,Q,음식,Q12,커피점/카페,Q12A01,커피전문점/카페/다방,I56220,비알콜 음료점업,3611025000,조치원읍,"세종특별자치시 조치원읍 조치원8길 18, (원리)",127.3004334,36.60079615
6175,Q,음식,Q12,커피점/카페,Q12A01,커피전문점/카페/다방,I56220,비알콜 음료점업,3611053000,아름동,"세종특별자치시 달빛로 216, (아름동)",127.2524098,36.51801681
6192,Q,음식,Q12,커피점/카페,Q12A01,커피전문점/카페/다방,I56220,비알콜 음료점업,3611052000,도담동,"세종특별자치시 한누리대로 499, (어진동)",127.2611239,36.50806759
6193,Q,음식,Q12,커피점/카페,Q12A01,커피전문점/카페/다방,I56220,비알콜 음료점업,3611054000,종촌동,"세종특별자치시 도움1로 108, (종촌동)",127.24763440000001,36.50267511
6198,Q,음식,Q12,커피점/카페,Q12A01,커피전문점/카페/다방,I56220,비알콜 음료점업,3611054000,종촌동,"세종특별자치시 도움1로 108, (종촌동)",127.24763440000001,36.50267511
6227,Q,음식,Q12,커피점/카페,Q12A01,커피전문점/카페/다방,I56220,비알콜 음료점업,3611053000,아름동,"세종특별자치시 아름서길 27, (아름동)",127.24271809999999,36.51461217
6238,Q,음식,Q12,커피점/카페,Q12A01,커피전문점/카페/다방,I56220,비알콜 음료점업,3611053000,아름동,"세종특별자치시 세종로 1234-12, (아름동)",127.242682,36.5125842
6242,Q,음식,Q12,커피점/카페,Q12A01,커피전문점/카페/다방,I56220,비알콜 음료점업,3611054000,종촌동,"세종특별자치시 도움1로 108, (종촌동)",127.24763440000001,36.50267511
6243,Q,음식,Q12,커피점/카페,Q12A01,커피전문점/카페/다방,I56220,비알콜 음료점업,3611052000,도담동,"세종특별자치시 도움8로 11-11, (어진동)",127.26287169999999,36.50740249
6245,Q,음식,Q12,커피점/카페,Q12A01,커피전문점/카페/다방,I56220,비알콜 음료점업,3611054000,종촌동,"세종특별자치시 도움1로 108, (종촌동)",127.24763440000001,36.50267511
6248,Q,음식,Q12,커피점/카페,Q12A01,커피전문점/카페/다방,I56220,비알콜 음료점업,3611055000,고운동,"세종특별자치시 마음로 272-11, (고운동)",127.2361785,36.51886026
6281,Q,음식,Q12,커피점/카페,Q12A01,커피전문점/카페/다방,I56220,비알콜 음료점업,3611054000,종촌동,"세종특별자치시 도움1로 108, (종촌동)",127.24763440000001,36.50267511
6290,Q,음식,Q12,커피점/카페,Q12A01,커피전문점/카페/다방,I56220,비알콜 음료점업,3611052000,도담동,"세종특별자치시 보람로 77, (도담동)",127.2620348,36.5155984
6303,Q,음식,Q12,커피점/카페,Q12A01,커피전문점/카페/다방,I56220,비알콜 음료점업,3611052000,도담동,"세종특별자치시 절재로 194, (어진동)",127.2624501,36.5083011
6313,Q,음식,Q12,커피점/카페,Q12A01,커피전문점/카페/다방,I56220,비알콜 음료점업,3611054000,종촌동,"세종특별자치시 도움1로 108, (종촌동)",127.24763440000001,36.50267511
6322,Q,음식,Q12,커피점/카페,Q12A01,커피전문점/카페/다방,I56220,비알콜 음료점업,3611054000,종촌동,"세종특별자치시 도움1로 108, (종촌동)",127.24763440000001,36.50267511
6323,Q,음식,Q12,커피점/카페,Q12A01,커피전문점/카페/다방,I56220,비알콜 음료점업,3611054000,종촌동,"세종특별자치시 도움1로 106, (종촌동)",127.2481243,36.50281338
6331,Q,음식,Q12,커피점/카페,Q12A01,커피전문점/카페/다방,I56220,비알콜 음료점업,3611054000,종촌동,"세종특별자치시 도움1로 106, (종촌동)",127.2481243,36.50281338
6333,Q,음식,Q12,커피점/카페,Q12A01,커피전문점/카페/다방,I56220,비알콜 음료점업,3611052000,도담동,"세종특별자치시 한누리대로 499, (어진동)",127.2611239,36.50806759
6337,Q,음식,Q12,커피점/카페,Q12A01,커피전문점/카페/다방,I56220,비알콜 음료점업,3611055000,고운동,"세종특별자치시 마음로 272-9, (고운동)",127.23606409999998,36.519138899999994
6341,Q,음식,Q12,커피점/카페,Q12A01,커피전문점/카페/다방,I56220,비알콜 음료점업,3611054000,종촌동,"세종특별자치시 도움1로 108, (종촌동)",127.24763440000001,36.50267511
6368,Q,음식,Q12,커피점/카페,Q12A01,커피전문점/카페/다방,I56220,비알콜 음료점업,3611052000,도담동,"세종특별자치시 보듬3로 8-21, (도담동)",127.25794040000001,36.51410401
6385,Q,음식,Q12,커피점/카페,Q12A01,커피전문점/카페/다방,I56220,비알콜 음료점업,3611025000,조치원읍,"세종특별자치시 조치원읍 새내로 92, (정리)",127.29847179999999,36.60018081
6425,Q,음식,Q12,커피점/카페,Q12A01,커피전문점/카페/다방,I56220,비알콜 음료점업,3611052000,도담동,"세종특별자치시 가름로 253, (어진동)",127.26726699999999,36.49471335
6466,Q,음식,Q12,커피점/카페,Q12A01,커피전문점/카페/다방,I56220,비알콜 음료점업,3611051500,새롬동,"세종특별자치시 새롬중앙로 47, (새롬동)",127.2507852,36.48500399
6471,Q,음식,Q12,커피점/카페,Q12A01,커피전문점/카페/다방,I56220,비알콜 음료점업,3611053000,아름동,"세종특별자치시 아름서1길 13-12, (아름동)",127.2431935,36.51165018
6475,Q,음식,Q12,커피점/카페,Q12A01,커피전문점/카페/다방,I56220,비알콜 음료점업,3611025000,조치원읍,"세종특별자치시 조치원읍 새내8길 20, (정리)",127.29954209999998,36.59924985
6477,Q,음식,Q12,커피점/카페,Q12A01,커피전문점/카페/다방,I56220,비알콜 음료점업,3611039000,소정면,"세종특별자치시 소정면 대사동길 156-84, (대곡리)",127.1669601,36.71158645
6494,Q,음식,Q12,커피점/카페,Q12A01,커피전문점/카페/다방,I56220,비알콜 음료점업,3611054000,종촌동,"세종특별자치시 도움3로 105-7, (종촌동)",127.2496483,36.50451726
6517,Q,음식,Q12,커피점/카페,Q12A01,커피전문점/카페/다방,I56220,비알콜 음료점업,3611056000,보람동,"세종특별자치시 한누리대로 2129, (보람동)",127.28976029999998,36.47857327
6521,Q,음식,Q12,커피점/카페,Q12A01,커피전문점/카페/다방,I56220,비알콜 음료점업,3611051500,새롬동,"세종특별자치시 나성로 125-4, (나성동)",127.2588936,36.49023664
6526,Q,음식,Q12,커피점/카페,Q12A01,커피전문점/카페/다방,I56220,비알콜 음료점업,3611034000,금남면,"세종특별자치시 금남면 금남구즉로 473, (황용리)",127.3282581,36.48017506
6535,Q,음식,Q12,커피점/카페,Q12A01,커피전문점/카페/다방,I56220,비알콜 음료점업,3611052000,도담동,"세종특별자치시 갈매로 363, (어진동)",127.26283149999999,36.49633527
6536,Q,음식,Q12,커피점/카페,Q12A01,커피전문점/카페/다방,I56220,비알콜 음료점업,3611052000,도담동,"세종특별자치시 갈매로 353, (어진동)",127.26262659999998,36.49557697
6557,Q,음식,Q12,커피점/카페,Q12A01,커피전문점/카페/다방,I56220,비알콜 음료점업,3611025000,조치원읍,"세종특별자치시 조치원읍 행복11길 12, (침산리)",127.29263190000002,36.60446307
6558,Q,음식,Q12,커피점/카페,Q12A01,커피전문점/카페/다방,I56220,비알콜 음료점업,3611025000,조치원읍,"세종특별자치시 조치원읍 허만석로 77, (죽림리)",127.29824509999999,36.58819341
6561,Q,음식,Q12,커피점/카페,Q12A01,커피전문점/카페/다방,I56220,비알콜 음료점업,3611052000,도담동,"세종특별자치시 갈매로 353, (어진동)",127.26262659999998,36.49557697
6576,Q,음식,Q12,커피점/카페,Q12A01,커피전문점/카페/다방,I56220,비알콜 음료점업,3611052000,도담동,"세종특별자치시 보듬4로 86, (도담동)",127.26857530000001,36.51462932
6593,Q,음식,Q12,커피점/카페,Q12A01,커피전문점/카페/다방,I56220,비알콜 음료점업,3611051500,새롬동,"세종특별자치시 새롬중앙로 47, (새롬동)",127.2507852,36.48500399
6602,Q,음식,Q12,커피점/카페,Q12A01,커피전문점/카페/다방,I56220,비알콜 음료점업,3611052000,도담동,"세종특별자치시 보듬4로 9, (도담동, 도램마을반도유보라11단지)",127.2600879,36.51369378
6613,Q,음식,Q12,커피점/카페,Q12A01,커피전문점/카페/다방,I56220,비알콜 음료점업,3611051500,새롬동,"세종특별자치시 나성로 133-15, (나성동)",127.25768559999999,36.49050851
6617,Q,음식,Q12,커피점/카페,Q12A01,커피전문점/카페/다방,I56220,비알콜 음료점업,3611051500,새롬동,"세종특별자치시 새롬중앙로 64, (새롬동)",127.25100379999999,36.48663657
6630,Q,음식,Q12,커피점/카페,Q12A01,커피전문점/카페/다방,I56220,비알콜 음료점업,3611052000,도담동,"세종특별자치시 갈매로 351, (어진동)",127.26218600000001,36.49496142
6636,Q,음식,Q12,커피점/카페,Q12A01,커피전문점/카페/다방,I56220,비알콜 음료점업,3611056000,보람동,"세종특별자치시 한누리대로 2149, (보람동)",127.28783670000001,36.47780478
6668,Q,음식,Q12,커피점/카페,Q12A01,커피전문점/카페/다방,I56220,비알콜 음료점업,3611053000,아름동,"세종특별자치시 세종로 1234-8, (아름동)",127.24223529999999,36.51259939
6672,Q,음식,Q12,커피점/카페,Q12A01,커피전문점/카페/다방,I56220,비알콜 음료점업,3611056000,보람동,"세종특별자치시 호려울로 45, (보람동)",127.2900202,36.47822334
6676,Q,음식,Q12,커피점/카페,Q12A01,커피전문점/카페/다방,I56220,비알콜 음료점업,3611033000,부강면,"세종특별자치시 부강면 부강금호로 341, (금호리)",127.35497269999999,36.50194287
6694,Q,음식,Q12,커피점/카페,Q12A01,커피전문점/카페/다방,I56220,비알콜 음료점업,3611051500,새롬동,"세종특별자치시 나성로 125-10, (나성동)",127.2582689,36.49019671
6705,Q,음식,Q12,커피점/카페,Q12A01,커피전문점/카페/다방,I56220,비알콜 음료점업,3611052000,도담동,"세종특별자치시 갈매로 363, (어진동)",127.26283149999999,36.49633527
6749,Q,음식,Q12,커피점/카페,Q12A01,커피전문점/카페/다방,I56220,비알콜 음료점업,3611052000,도담동,"세종특별자치시 도움8로 81, (어진동)",127.27060259999999,36.50442191
6752,Q,음식,Q12,커피점/카페,Q12A01,커피전문점/카페/다방,I56220,비알콜 음료점업,3611052000,도담동,"세종특별자치시 한누리대로 422, (어진동)",127.2616561,36.50139285
6764,Q,음식,Q12,커피점/카페,Q12A01,커피전문점/카페/다방,I56220,비알콜 음료점업,3611054000,종촌동,"세종특별자치시 도움1로 108, (종촌동)",127.24763440000001,36.50267511
6774,Q,음식,Q12,커피점/카페,Q12A01,커피전문점/카페/다방,I56220,비알콜 음료점업,3611052000,도담동,"세종특별자치시 도움8로 81, (어진동)",127.27060259999999,36.50442191
6779,Q,음식,Q12,커피점/카페,Q12A01,커피전문점/카페/다방,I56220,비알콜 음료점업,3611056000,보람동,"세종특별자치시 한누리대로 2135, (보람동)",127.2892712,36.47836308
6790,Q,음식,Q12,커피점/카페,Q12A01,커피전문점/카페/다방,I56220,비알콜 음료점업,3611032000,연동면,"세종특별자치시 연동면 청연로 384, (응암리)",127.3358081,36.54219437
6791,Q,음식,Q12,커피점/카페,Q12A01,커피전문점/카페/다방,I56220,비알콜 음료점업,3611036000,연서면,"세종특별자치시 연서면 도신고복로 903, (고복리)",127.2467175,36.61331989999999
6803,Q,음식,Q12,커피점/카페,Q12A01,커피전문점/카페/다방,I56220,비알콜 음료점업,3611052000,도담동,"세종특별자치시 절재로 194, (어진동)",127.2624501,36.5083011
6830,Q,음식,Q12,커피점/카페,Q12A01,커피전문점/카페/다방,I56220,비알콜 음료점업,3611054000,종촌동,"세종특별자치시 도움1로 106, (종촌동)",127.2481243,36.50281338
6831,Q,음식,Q12,커피점/카페,Q12A01,커피전문점/카페/다방,I56220,비알콜 음료점업,3611033000,부강면,"세종특별자치시 부강면 부촌길 24, (부강리)",127.3678828,36.52868817
6832,Q,음식,Q12,커피점/카페,Q12A01,커피전문점/카페/다방,I56220,비알콜 음료점업,3611052000,도담동,"세종특별자치시 갈매로 364, (어진동)",127.26392859999999,36.49599957
6862,Q,음식,Q12,커피점/카페,Q12A01,커피전문점/카페/다방,I56220,비알콜 음료점업,3611032000,연동면,"세종특별자치시 연동면 송암로 197, (노송리)",127.33831629999999,36.56109781
6864,Q,음식,Q12,커피점/카페,Q12A01,커피전문점/카페/다방,I56220,비알콜 음료점업,3611052000,도담동,"세종특별자치시 절재로 194, (어진동)",127.2624501,36.5083011
6865,Q,음식,Q12,커피점/카페,Q12A01,커피전문점/카페/다방,I56220,비알콜 음료점업,3611054000,종촌동,"세종특별자치시 도움1로 108, (종촌동)",127.24763440000001,36.50267511
6886,Q,음식,Q12,커피점/카페,Q12A01,커피전문점/카페/다방,I56220,비알콜 음료점업,3611025000,조치원읍,"세종특별자치시 조치원읍 큰말2길 1, (신흥리)",127.2889936,36.59532121
6889,Q,음식,Q12,커피점/카페,Q12A01,커피전문점/카페/다방,I56220,비알콜 음료점업,3611054000,종촌동,"세종특별자치시 도움3로 159, (종촌동, 가재마을중흥S클래스3단지)",127.2437487,36.50393027
6894,Q,음식,Q12,커피점/카페,Q12A01,커피전문점/카페/다방,I56220,비알콜 음료점업,3611051500,새롬동,"세종특별자치시 한누리대로 194, (나성동)",127.2613679,36.48237531
6896,Q,음식,Q12,커피점/카페,Q12A01,커피전문점/카페/다방,I56220,비알콜 음료점업,3611055500,소담동,"세종특별자치시 한누리대로 2012, (소담동)",127.29991809999999,36.48572593
6913,Q,음식,Q12,커피점/카페,Q12A01,커피전문점/카페/다방,I56220,비알콜 음료점업,3611054000,종촌동,"세종특별자치시 도움1로 108, (종촌동)",127.24763440000001,36.50267511
6926,Q,음식,Q12,커피점/카페,Q12A01,커피전문점/카페/다방,I56220,비알콜 음료점업,3611053000,아름동,"세종특별자치시 보듬3로 104-17, (아름동)",127.24954,36.51226705
6929,Q,음식,Q12,커피점/카페,Q12A01,커피전문점/카페/다방,I56220,비알콜 음료점업,3611053000,아름동,"세종특별자치시 보듬7로 94, (아름동)",127.2488805,36.51928338
6933,Q,음식,Q12,커피점/카페,Q12A01,커피전문점/카페/다방,I56220,비알콜 음료점업,3611055500,소담동,"세종특별자치시 소담1로 12, (소담동)",127.30147579999999,36.48501408
6938,Q,음식,Q12,커피점/카페,Q12A01,커피전문점/카페/다방,I56220,비알콜 음료점업,3611056000,보람동,"세종특별자치시 호려울로 29, (보람동)",127.2902351,36.47790919
6940,Q,음식,Q12,커피점/카페,Q12A01,커피전문점/카페/다방,I56220,비알콜 음료점업,3611037000,전의면,"세종특별자치시 전의면 산단길 22-4, (관정리)",127.2120479,36.70041231
6944,Q,음식,Q12,커피점/카페,Q12A01,커피전문점/카페/다방,I56220,비알콜 음료점업,3611052000,도담동,"세종특별자치시 갈매로 353, (어진동)",127.26262659999998,36.49557697
6967,Q,음식,Q12,커피점/카페,Q12A01,커피전문점/카페/다방,I56220,비알콜 음료점업,3611056000,보람동,"세종특별자치시 한누리대로 2154, (보람동)",127.2863723,36.47808442
6986,Q,음식,Q12,커피점/카페,Q12A01,커피전문점/카페/다방,I56220,비알콜 음료점업,3611053000,아름동,"세종특별자치시 보듬3로 92, (아름동)",127.24947649999999,36.51190617
7003,Q,음식,Q12,커피점/카페,Q12A01,커피전문점/카페/다방,I56220,비알콜 음료점업,3611055000,고운동,"세종특별자치시 마음로 94, (고운동)",127.2325494,36.50646327
7005,Q,음식,Q12,커피점/카페,Q12A01,커피전문점/카페/다방,I56220,비알콜 음료점업,3611056000,보람동,"세종특별자치시 한누리대로 2129, (보람동)",127.28976029999998,36.47857327
7015,Q,음식,Q12,커피점/카페,Q12A01,커피전문점/카페/다방,I56220,비알콜 음료점업,3611054000,종촌동,"세종특별자치시 도움3로 125, (종촌동)",127.2468676,36.50462591
7043,Q,음식,Q12,커피점/카페,Q12A01,커피전문점/카페/다방,I56220,비알콜 음료점업,3611055500,소담동,"세종특별자치시 소담1로 12, (소담동)",127.30147579999999,36.48501408
7088,Q,음식,Q12,커피점/카페,Q12A01,커피전문점/카페/다방,I56220,비알콜 음료점업,3611052000,도담동,"세종특별자치시 가름로 232, (어진동)",127.26491440000001,36.49561813
7091,Q,음식,Q12,커피점/카페,Q12A01,커피전문점/카페/다방,I56220,비알콜 음료점업,3611051500,새롬동,"세종특별자치시 한누리대로 253, (나성동)",127.2572523,36.48679279
7096,Q,음식,Q12,커피점/카페,Q12A01,커피전문점/카페/다방,I56220,비알콜 음료점업,3611025000,조치원읍,"세종특별자치시 조치원읍 섭골길 101, (신안리)",127.2854449,36.61897464
7109,Q,음식,Q12,커피점/카페,Q12A01,커피전문점/카페/다방,I56220,비알콜 음료점업,3611051500,새롬동,"세종특별자치시 나성로 125-10, (나성동)",127.2582689,36.49019671
7110,Q,음식,Q12,커피점/카페,Q12A01,커피전문점/카페/다방,I56220,비알콜 음료점업,3611054000,종촌동,"세종특별자치시 달빛로 59, (종촌동)",127.2497626,36.5042386
7114,Q,음식,Q12,커피점/카페,Q12A01,커피전문점/카페/다방,I56220,비알콜 음료점업,3611054000,종촌동,"세종특별자치시 도움3로 105-5, (종촌동)",127.24953459999999,36.50473284
7115,Q,음식,Q12,커피점/카페,Q12A01,커피전문점/카페/다방,I56220,비알콜 음료점업,3611052000,도담동,"세종특별자치시 도움8로 11-11, (어진동)",127.26287169999999,36.50740249
7121,Q,음식,Q12,커피점/카페,Q12A01,커피전문점/카페/다방,I56220,비알콜 음료점업,3611055000,고운동,"세종특별자치시 마음로 181, (고운동, 가락마을이지더원10단지)",127.228068,36.51481567
7155,Q,음식,Q12,커피점/카페,Q12A01,커피전문점/카페/다방,I56220,비알콜 음료점업,3611025000,조치원읍,"세종특별자치시 조치원읍 새내12길 40, (원리)",127.3000508,36.60231694
7193,Q,음식,Q12,커피점/카페,Q12A01,커피전문점/카페/다방,I56220,비알콜 음료점업,3611055000,고운동,"세종특별자치시 마음로 272-9, (고운동)",127.23606409999998,36.519138899999994
7230,Q,음식,Q12,커피점/카페,Q12A01,커피전문점/카페/다방,I56220,비알콜 음료점업,3611051000,한솔동,"세종특별자치시 노을3로 92, (한솔동)",127.2549407,36.4799381
7241,Q,음식,Q12,커피점/카페,Q12A01,커피전문점/카페/다방,I56220,비알콜 음료점업,3611051000,한솔동,"세종특별자치시 나리1로 16, 301동  (한솔동, 첫마을퍼스트프라임3단지)",127.2614199,36.47924839
7245,Q,음식,Q12,커피점/카페,Q12A01,커피전문점/카페/다방,I56220,비알콜 음료점업,3611052000,도담동,"세종특별자치시 도움8로 11-11, (어진동)",127.26287169999999,36.50740249
7255,Q,음식,Q12,커피점/카페,Q12A01,커피전문점/카페/다방,I56220,비알콜 음료점업,3611055000,고운동,"세종특별자치시 마음안로 221, (고운동, 가락마을에듀포레21단지)",127.2398446,36.51846011
7364,Q,음식,Q12,커피점/카페,Q12A01,커피전문점/카페/다방,I56220,비알콜 음료점업,3611025000,조치원읍,"세종특별자치시 조치원읍 충현로 93, (신흥리)",127.29547290000001,36.59687371
7383,Q,음식,Q12,커피점/카페,Q12A01,커피전문점/카페/다방,I56220,비알콜 음료점업,3611051500,새롬동,"세종특별자치시 새롬중앙로 51, (새롬동)",127.25036920000001,36.48531679999999
7392,Q,음식,Q12,커피점/카페,Q12A01,커피전문점/카페/다방,I56220,비알콜 음료점업,3611052000,도담동,"세종특별자치시 보듬4로 9, (도담동, 도램마을반도유보라11단지)",127.26064070000001,36.51309339
7434,Q,음식,Q12,커피점/카페,Q12A01,커피전문점/카페/다방,I56220,비알콜 음료점업,3611025000,조치원읍,"세종특별자치시 조치원읍 군청로 100, (죽림리)",127.29365859999999,36.5936006
7460,Q,음식,Q12,커피점/카페,Q12A01,커피전문점/카페/다방,I56220,비알콜 음료점업,3611056000,보람동,"세종특별자치시 호려울로 45, (보람동)",127.2900202,36.47822334
7465,Q,음식,Q12,커피점/카페,Q12A01,커피전문점/카페/다방,I56220,비알콜 음료점업,3611056000,보람동,"세종특별자치시 호려울로 45, (보람동)",127.2900202,36.47822334
7533,Q,음식,Q12,커피점/카페,Q12A01,커피전문점/카페/다방,I56220,비알콜 음료점업,3611051500,새롬동,"세종특별자치시 새롬중앙로 64, (새롬동)",127.25100379999999,36.48663657
7552,Q,음식,Q12,커피점/카페,Q12A01,커피전문점/카페/다방,I56220,비알콜 음료점업,3611036000,연서면,"세종특별자치시 연서면 봉암길 41, (봉암리)",127.28402949999999,36.55920707
7553,Q,음식,Q12,커피점/카페,Q12A01,커피전문점/카페/다방,I56220,비알콜 음료점업,3611053000,아름동,"세종특별자치시 보듬3로 91, (아름동)",127.2495712,36.51134801
7560,Q,음식,Q12,커피점/카페,Q12A01,커피전문점/카페/다방,I56220,비알콜 음료점업,3611054000,종촌동,"세종특별자치시 도움1로 108, (종촌동)",127.24763440000001,36.50267511
7563,Q,음식,Q12,커피점/카페,Q12A01,커피전문점/카페/다방,I56220,비알콜 음료점업,3611055500,소담동,"세종특별자치시 소담1로 12, (소담동)",127.30147579999999,36.48501408
7580,Q,음식,Q12,커피점/카페,Q12A01,커피전문점/카페/다방,I56220,비알콜 음료점업,3611055500,소담동,"세종특별자치시 소담로 40, (소담동)",127.3067555,36.48367501
7581,Q,음식,Q12,커피점/카페,Q12A01,커피전문점/카페/다방,I56220,비알콜 음료점업,3611036000,연서면,"세종특별자치시 연서면 도신고복로 1207, (성제리)",127.2614031,36.59257598
7612,Q,음식,Q12,커피점/카페,Q12A01,커피전문점/카페/다방,I56220,비알콜 음료점업,3611054000,종촌동,"세종특별자치시 도움1로 108, (종촌동)",127.24763440000001,36.50267511
7615,Q,음식,Q12,커피점/카페,Q12A01,커피전문점/카페/다방,I56220,비알콜 음료점업,3611051500,새롬동,"세종특별자치시 나성로 125-16, (나성동)",127.2577565,36.49009439
7633,Q,음식,Q12,커피점/카페,Q12A01,커피전문점/카페/다방,I56220,비알콜 음료점업,3611056000,보람동,"세종특별자치시 호려울로 19, (보람동)",127.28927809999999,36.47760609
7652,Q,음식,Q12,커피점/카페,Q12A01,커피전문점/카페/다방,I56220,비알콜 음료점업,3611055000,고운동,"세종특별자치시 마음로 74, (고운동)",127.2340793,36.50527448
7678,Q,음식,Q12,커피점/카페,Q12A01,커피전문점/카페/다방,I56220,비알콜 음료점업,3611052000,도담동,"세종특별자치시 한누리대로 350, (어진동)",127.2572369,36.49541737
7684,Q,음식,Q12,커피점/카페,Q12A01,커피전문점/카페/다방,I56220,비알콜 음료점업,3611052000,도담동,"세종특별자치시 가름로 170-14, (어진동)",127.25852820000001,36.49695748
7704,Q,음식,Q12,커피점/카페,Q12A01,커피전문점/카페/다방,I56220,비알콜 음료점업,3611036000,연서면,"세종특별자치시 연서면 대첩로 274, (성제리)",127.2676174,36.59134363
7762,Q,음식,Q12,커피점/카페,Q12A01,커피전문점/카페/다방,I56220,비알콜 음료점업,3611052000,도담동,"세종특별자치시 보듬8로 35, (도담동)",127.2627673,36.51841473
7770,Q,음식,Q12,커피점/카페,Q12A01,커피전문점/카페/다방,I56220,비알콜 음료점업,3611034000,금남면,"세종특별자치시 금남면 영치안골길 68-9, (영치리)",127.29931140000001,36.45765819
7786,Q,음식,Q12,커피점/카페,Q12A01,커피전문점/카페/다방,I56220,비알콜 음료점업,3611052000,도담동,"세종특별자치시 절재로 172, (어진동)",127.26014099999999,36.50811557
7843,Q,음식,Q12,커피점/카페,Q12A01,커피전문점/카페/다방,I56220,비알콜 음료점업,3611051500,새롬동,"세종특별자치시 나성북1로 22, (나성동)",127.25877390000001,36.49108305
7848,Q,음식,Q12,커피점/카페,Q12A01,커피전문점/카페/다방,I56220,비알콜 음료점업,3611054000,종촌동,"세종특별자치시 달빛로 43, (종촌동)",127.2500229,36.50271718
7867,Q,음식,Q12,커피점/카페,Q12A01,커피전문점/카페/다방,I56220,비알콜 음료점업,3611051000,한솔동,"세종특별자치시 노을3로 84, (한솔동)",127.25531480000001,36.47932761
7873,Q,음식,Q12,커피점/카페,Q12A01,커피전문점/카페/다방,I56220,비알콜 음료점업,3611051500,새롬동,"세종특별자치시 새롬중앙로 33, (새롬동)",127.251742,36.48415383
7906,Q,음식,Q12,커피점/카페,Q12A01,커피전문점/카페/다방,I56220,비알콜 음료점업,3611025000,조치원읍,"세종특별자치시 조치원읍 터미널안길 60, (상리)",127.3031875,36.60153325
7913,Q,음식,Q12,커피점/카페,Q12A01,커피전문점/카페/다방,I56220,비알콜 음료점업,3611053000,아름동,"세종특별자치시 보듬3로 143, (아름동)",127.24362920000002,36.5116169
7920,Q,음식,Q12,커피점/카페,Q12A01,커피전문점/카페/다방,I56220,비알콜 음료점업,3611051500,새롬동,"세종특별자치시 새롬북로 14, (새롬동, 새뜸마을캐슬앤파밀리에3단지)",127.24592050000001,36.48602777
7924,Q,음식,Q12,커피점/카페,Q12A01,커피전문점/카페/다방,I56220,비알콜 음료점업,3611051500,새롬동,"세종특별자치시 다정중앙로 58, (다정동)",127.24931979999998,36.49576436
7956,Q,음식,Q12,커피점/카페,Q12A01,커피전문점/카페/다방,I56220,비알콜 음료점업,3611051500,새롬동,"세종특별자치시 나성로 41, (나성동)",127.2628886,36.48324087
7958,Q,음식,Q12,커피점/카페,Q12A01,커피전문점/카페/다방,I56220,비알콜 음료점업,3611051500,새롬동,"세종특별자치시 나성로 125-4, (나성동)",127.2588936,36.49023664
7984,Q,음식,Q12,커피점/카페,Q12A01,커피전문점/카페/다방,I56220,비알콜 음료점업,3611052000,도담동,"세종특별자치시 보듬4로 9, (도담동, 도램마을반도유보라11단지)",127.26064070000001,36.51309339
8030,Q,음식,Q12,커피점/카페,Q12A01,커피전문점/카페/다방,I56220,비알콜 음료점업,3611052000,도담동,"세종특별자치시 한누리대로 422, (어진동)",127.2616561,36.50139285
8047,Q,음식,Q12,커피점/카페,Q12A01,커피전문점/카페/다방,I56220,비알콜 음료점업,3611036000,연서면,"세종특별자치시 연서면 쌍류예술촌길 22, (쌍류리)",127.2060371,36.60245769
8050,Q,음식,Q12,커피점/카페,Q12A01,커피전문점/카페/다방,I56220,비알콜 음료점업,3611051000,한솔동,"세종특별자치시 누리로 28, (한솔동, 첫마을힐스테이트6단지)",127.25466609999998,36.47481744
8093,Q,음식,Q12,커피점/카페,Q12A01,커피전문점/카페/다방,I56220,비알콜 음료점업,3611034000,금남면,"세종특별자치시 금남면 금병로 993, (부용리)",127.34894709999999,36.49899017
8104,Q,음식,Q12,커피점/카페,Q12A01,커피전문점/카페/다방,I56220,비알콜 음료점업,3611051000,한솔동,"세종특별자치시 노을3로 84, (한솔동)",127.25531480000001,36.47932761
8112,Q,음식,Q12,커피점/카페,Q12A01,커피전문점/카페/다방,I56220,비알콜 음료점업,3611052000,도담동,"세종특별자치시 한누리대로 456, (어진동)",127.2615067,36.50419472
8141,Q,음식,Q12,커피점/카페,Q12A01,커피전문점/카페/다방,I56220,비알콜 음료점업,3611036000,연서면,"세종특별자치시 연서면 오봉로 25, (월하리)",127.27619569999999,36.59662303
8144,Q,음식,Q12,커피점/카페,Q12A01,커피전문점/카페/다방,I56220,비알콜 음료점업,3611025000,조치원읍,"세종특별자치시 조치원읍 새내13길 14, (교리)",127.29702520000001,36.603173299999995
8149,Q,음식,Q12,커피점/카페,Q12A01,커피전문점/카페/다방,I56220,비알콜 음료점업,3611052000,도담동,"세종특별자치시 보듬4로 9, (도담동, 도램마을반도유보라11단지)",127.26064070000001,36.51309339
8150,Q,음식,Q12,커피점/카페,Q12A01,커피전문점/카페/다방,I56220,비알콜 음료점업,3611053000,아름동,"세종특별자치시 아름서길 3, (아름동)",127.24337779999999,36.51221912
8155,Q,음식,Q12,커피점/카페,Q12A01,커피전문점/카페/다방,I56220,비알콜 음료점업,3611055500,소담동,"세종특별자치시 국책연구원1로 15, (소담동, 새샘마을중흥에스클래스리버뷰9단지)",127.29974779999999,36.4910061
8160,Q,음식,Q12,커피점/카페,Q12A01,커피전문점/카페/다방,I56220,비알콜 음료점업,3611054000,종촌동,"세종특별자치시 도움1로 108, (종촌동)",127.24763440000001,36.50267511
8164,Q,음식,Q12,커피점/카페,Q12A01,커피전문점/카페/다방,I56220,비알콜 음료점업,3611055500,소담동,"세종특별자치시 한누리대로 2009, (소담동)",127.30048459999999,36.48478297
8173,Q,음식,Q12,커피점/카페,Q12A01,커피전문점/카페/다방,I56220,비알콜 음료점업,3611051500,새롬동,"세종특별자치시 정부2청사로 10, (나성동)",127.26184359999999,36.48281084
8184,Q,음식,Q12,커피점/카페,Q12A01,커피전문점/카페/다방,I56220,비알콜 음료점업,3611025000,조치원읍,"세종특별자치시 조치원읍 충현로 59, (죽림리)",127.29758670000001,36.59425466
8190,Q,음식,Q12,커피점/카페,Q12A01,커피전문점/카페/다방,I56220,비알콜 음료점업,3611053000,아름동,"세종특별자치시 보듬7로 94, (아름동)",127.2488805,36.51928338
8227,Q,음식,Q12,커피점/카페,Q12A01,커피전문점/카페/다방,I56220,비알콜 음료점업,3611025000,조치원읍,"세종특별자치시 조치원읍 으뜸길 260, (교리)",127.29664509999999,36.60318007
8242,Q,음식,Q12,커피점/카페,Q12A01,커피전문점/카페/다방,I56220,비알콜 음료점업,3611053000,아름동,"세종특별자치시 달빛1로 158, (아름동, 범지기마을호반에코시티7단지)",127.24642779999999,36.51314865
8245,Q,음식,Q12,커피점/카페,Q12A01,커피전문점/카페/다방,I56220,비알콜 음료점업,3611051500,새롬동,"세종특별자치시 정부2청사로 10, (나성동)",127.26184359999999,36.48281084
8330,Q,음식,Q12,커피점/카페,Q12A01,커피전문점/카페/다방,I56220,비알콜 음료점업,3611052000,도담동,"세종특별자치시 보듬3로 8-20, (도담동)",127.2586084,36.51429742
8353,Q,음식,Q12,커피점/카페,Q12A01,커피전문점/카페/다방,I56220,비알콜 음료점업,3611056000,보람동,"세종특별자치시 남세종로 441, (보람동, 호려울마을5단지)",127.29094609999999,36.47703022
8382,Q,음식,Q12,커피점/카페,Q12A01,커피전문점/카페/다방,I56220,비알콜 음료점업,3611025000,조치원읍,"세종특별자치시 조치원읍 새내로 122, (교리)",127.2981568,36.60287356
8399,Q,음식,Q12,커피점/카페,Q12A01,커피전문점/카페/다방,I56220,비알콜 음료점업,3611056000,보람동,"세종특별자치시 한누리대로 2150, (보람동)",127.2873281,36.4785047
8415,Q,음식,Q12,커피점/카페,Q12A01,커피전문점/카페/다방,I56220,비알콜 음료점업,3611056000,보람동,"세종특별자치시 시청대로 219, (보람동)",127.29380719999999,36.48393254
8434,Q,음식,Q12,커피점/카페,Q12A01,커피전문점/카페/다방,I56220,비알콜 음료점업,3611051500,새롬동,"세종특별자치시 새롬중앙로 33, (새롬동)",127.251742,36.48415383
8441,Q,음식,Q12,커피점/카페,Q12A01,커피전문점/카페/다방,I56220,비알콜 음료점업,3611053000,아름동,"세종특별자치시 보듬3로 95, (아름동)",127.24891219999999,36.51137991
8452,Q,음식,Q12,커피점/카페,Q12A01,커피전문점/카페/다방,I56220,비알콜 음료점업,3611025000,조치원읍,"세종특별자치시 조치원읍 새내13길 14, (교리)",127.29702520000001,36.603173299999995
8459,Q,음식,Q12,커피점/카페,Q12A01,커피전문점/카페/다방,I56220,비알콜 음료점업,3611037000,전의면,"세종특별자치시 전의면 운주산로 1220, (읍내리)",127.2015398,36.67978622
8486,Q,음식,Q12,커피점/카페,Q12A01,커피전문점/카페/다방,I56220,비알콜 음료점업,3611037000,전의면,"세종특별자치시 전의면 만세길 12, (읍내리)",127.20375779999999,36.67844027
8490,Q,음식,Q12,커피점/카페,Q12A01,커피전문점/카페/다방,I56220,비알콜 음료점업,3611053000,아름동,"세종특별자치시 세종로 1232, (아름동)",127.24188899999999,36.51261521
8504,Q,음식,Q12,커피점/카페,Q12A01,커피전문점/카페/다방,I56220,비알콜 음료점업,3611053000,아름동,"세종특별자치시 보듬3로 73, (아름동, 범지기마을영무예다음11단지)",127.2516834,36.51112696
8510,Q,음식,Q12,커피점/카페,Q12A01,커피전문점/카페/다방,I56220,비알콜 음료점업,3611055000,고운동,"세종특별자치시 마음로 322, (고운동, 가락마을에듀힐스22단지)",127.24158190000001,36.51892177
8522,Q,음식,Q12,커피점/카페,Q12A01,커피전문점/카페/다방,I56220,비알콜 음료점업,3611052000,도담동,"세종특별자치시 절재로 194, (어진동)",127.2624501,36.5083011
8546,Q,음식,Q12,커피점/카페,Q12A01,커피전문점/카페/다방,I56220,비알콜 음료점업,3611053000,아름동,"세종특별자치시 보듬3로 95, (아름동)",127.24891219999999,36.51137991
8551,Q,음식,Q12,커피점/카페,Q12A01,커피전문점/카페/다방,I56220,비알콜 음료점업,3611051500,새롬동,"세종특별자치시 한누리대로 211, (나성동)",127.25947099999999,36.4835081
8594,Q,음식,Q12,커피점/카페,Q12A01,커피전문점/카페/다방,I56220,비알콜 음료점업,3611051500,새롬동,"세종특별자치시 새롬중앙로 33, (새롬동)",127.25184340000001,36.48404632
8614,Q,음식,Q12,커피점/카페,Q12A01,커피전문점/카페/다방,I56220,비알콜 음료점업,3611051500,새롬동,"세종특별자치시 새롬중앙로 33, (새롬동)",127.25184340000001,36.48404632
8707,Q,음식,Q12,커피점/카페,Q12A01,커피전문점/카페/다방,I56220,비알콜 음료점업,3611051500,새롬동,"세종특별자치시 한누리대로 287, (나성동)",127.2561634,36.48978707
8736,Q,음식,Q12,커피점/카페,Q12A01,커피전문점/카페/다방,I56220,비알콜 음료점업,3611057000,대평동,"세종특별자치시 대평로 71, (대평동)",127.2772216,36.47327089
8763,Q,음식,Q12,커피점/카페,Q12A01,커피전문점/카페/다방,I56220,비알콜 음료점업,3611057000,대평동,"세종특별자치시 대평로 71, (대평동)",127.2772216,36.47327089
8764,Q,음식,Q12,커피점/카페,Q12A01,커피전문점/카페/다방,I56220,비알콜 음료점업,3611052000,도담동,"세종특별자치시 도움5로 19, (어진동)",127.2592021,36.50472116
8765,Q,음식,Q12,커피점/카페,Q12A01,커피전문점/카페/다방,I56220,비알콜 음료점업,3611052000,도담동,"세종특별자치시 한누리대로 422, (어진동)",127.2616561,36.50139285
8781,Q,음식,Q12,커피점/카페,Q12A01,커피전문점/카페/다방,I56220,비알콜 음료점업,3611052000,도담동,"세종특별자치시 한누리대로 422, (어진동)",127.2616561,36.50139285
8797,Q,음식,Q12,커피점/카페,Q12A01,커피전문점/카페/다방,I56220,비알콜 음료점업,3611057000,대평동,"세종특별자치시 대평로 71, (대평동)",127.2772216,36.47327089
8812,Q,음식,Q12,커피점/카페,Q12A01,커피전문점/카페/다방,I56220,비알콜 음료점업,3611052000,도담동,"세종특별자치시 절재로 194, (어진동)",127.2624501,36.5083011
8813,Q,음식,Q12,커피점/카페,Q12A01,커피전문점/카페/다방,I56220,비알콜 음료점업,3611052000,도담동,"세종특별자치시 절재로 194, (어진동)",127.2624501,36.5083011
8860,Q,음식,Q12,커피점/카페,Q12A01,커피전문점/카페/다방,I56220,비알콜 음료점업,3611052000,도담동,"세종특별자치시 다솜3로 66, (어진동)",127.2699529,36.50109243
8872,Q,음식,Q12,커피점/카페,Q12A01,커피전문점/카페/다방,I56220,비알콜 음료점업,3611025000,조치원읍,"세종특별자치시 조치원읍 섭골길 101, (신안리)",127.2854449,36.61897464
8901,Q,음식,Q12,커피점/카페,Q12A01,커피전문점/카페/다방,I56220,비알콜 음료점업,3611051000,한솔동,"세종특별자치시 노을3로 29, (한솔동)",127.2592095,36.4804964
8948,Q,음식,Q12,커피점/카페,Q12A01,커피전문점/카페/다방,I56220,비알콜 음료점업,3611035000,장군면,"세종특별자치시 장군면 정자말길 15-8, (금암리)",127.21815890000002,36.43876022
8956,Q,음식,Q12,커피점/카페,Q12A01,커피전문점/카페/다방,I56220,비알콜 음료점업,3611051000,한솔동,"세종특별자치시 노을3로 19, 201동  (한솔동, 첫마을퍼스트프라임2단지)",127.260071,36.48143901
8958,Q,음식,Q12,커피점/카페,Q12A01,커피전문점/카페/다방,I56220,비알콜 음료점업,3611034000,금남면,"세종특별자치시 금남면 바람재로 440, (영대리)",127.3238669,36.44867035
8971,Q,음식,Q12,커피점/카페,Q12A01,커피전문점/카페/다방,I56220,비알콜 음료점업,3611035000,장군면,"세종특별자치시 장군면 정자말길 15-8, (금암리)",127.21815890000002,36.43876022
8982,Q,음식,Q12,커피점/카페,Q12A01,커피전문점/카페/다방,I56220,비알콜 음료점업,3611052000,도담동,"세종특별자치시 다솜3로 48, (어진동)",127.26838909999998,36.49882079
9003,Q,음식,Q12,커피점/카페,Q12A01,커피전문점/카페/다방,I56220,비알콜 음료점업,3611056000,보람동,"세종특별자치시 남세종로 450, (보람동)",127.2901057,36.47741275
9004,Q,음식,Q12,커피점/카페,Q12A01,커피전문점/카페/다방,I56220,비알콜 음료점업,3611035000,장군면,"세종특별자치시 장군면 금암길 110-20, (금암리)",127.22129199999999,36.43776231
9019,Q,음식,Q12,커피점/카페,Q12A01,커피전문점/카페/다방,I56220,비알콜 음료점업,3611052000,도담동,"세종특별자치시 한누리대로 422, (어진동)",127.2616561,36.50139285
9034,Q,음식,Q12,커피점/카페,Q12A01,커피전문점/카페/다방,I56220,비알콜 음료점업,3611051500,새롬동,"세종특별자치시 한누리대로 283, (나성동)",127.25620049999999,36.48940879
9045,Q,음식,Q12,커피점/카페,Q12A01,커피전문점/카페/다방,I56220,비알콜 음료점업,3611025000,조치원읍,"세종특별자치시 조치원읍 충현로 59, (죽림리)",127.29758670000001,36.59425466
9052,Q,음식,Q12,커피점/카페,Q12A01,커피전문점/카페/다방,I56220,비알콜 음료점업,3611051500,새롬동,"세종특별자치시 새롬남로 102, (새롬동, 새뜸마을금성백조예미지12단지)",127.2568222,36.4850868
9083,Q,음식,Q12,커피점/카페,Q12A01,커피전문점/카페/다방,I56220,비알콜 음료점업,3611051500,새롬동,"세종특별자치시 새롬중앙로 47, (새롬동)",127.2507852,36.48500399
9102,Q,음식,Q12,커피점/카페,Q12A01,커피전문점/카페/다방,I56220,비알콜 음료점업,3611056000,보람동,"세종특별자치시 시청대로 219, (보람동)",127.29380719999999,36.48393254
9181,Q,음식,Q12,커피점/카페,Q12A01,커피전문점/카페/다방,I56220,비알콜 음료점업,3611055500,소담동,"세종특별자치시 한누리대로 1934, (반곡동)",127.30353740000001,36.49159605
9214,Q,음식,Q12,커피점/카페,Q12A01,커피전문점/카페/다방,I56220,비알콜 음료점업,3611053000,아름동,"세종특별자치시 보듬3로 95, (아름동)",127.24891219999999,36.51137991
9224,Q,음식,Q12,커피점/카페,Q12A01,커피전문점/카페/다방,I56220,비알콜 음료점업,3611051000,한솔동,"세종특별자치시 노을1로 16, 202동  (한솔동, 첫마을퍼스트프라임2단지)",127.2608395,36.48043441
9252,Q,음식,Q12,커피점/카페,Q12A01,커피전문점/카페/다방,I56220,비알콜 음료점업,3611052000,도담동,"세종특별자치시 보듬4로 9, (도담동, 도램마을반도유보라11단지)",127.26064070000001,36.51309339
9261,Q,음식,Q12,커피점/카페,Q12A01,커피전문점/카페/다방,I56220,비알콜 음료점업,3611051500,새롬동,"세종특별자치시 나성북1로 12, (나성동)",127.2576475,36.49098592
9273,Q,음식,Q12,커피점/카페,Q12A01,커피전문점/카페/다방,I56220,비알콜 음료점업,3611051500,새롬동,"세종특별자치시 나성로 133-9, (나성동)",127.25818740000001,36.49055669
9315,Q,음식,Q12,커피점/카페,Q12A01,커피전문점/카페/다방,I56220,비알콜 음료점업,3611051500,새롬동,"세종특별자치시 새롬중앙로 34, (새롬동)",127.2524967,36.48459115
9334,Q,음식,Q12,커피점/카페,Q12A01,커피전문점/카페/다방,I56220,비알콜 음료점업,3611025000,조치원읍,"세종특별자치시 조치원읍 새내10길 28, (정리)",127.29987870000001,36.60034229
9367,Q,음식,Q12,커피점/카페,Q12A01,커피전문점/카페/다방,I56220,비알콜 음료점업,3611052000,도담동,"세종특별자치시 도움8로 81, (어진동)",127.27060259999999,36.50442191
9369,Q,음식,Q12,커피점/카페,Q12A01,커피전문점/카페/다방,I56220,비알콜 음료점업,3611053000,아름동,"세종특별자치시 아름서1길 13-5, (아름동)",127.2425825,36.51133989
9393,Q,음식,Q12,커피점/카페,Q12A01,커피전문점/카페/다방,I56220,비알콜 음료점업,3611055500,소담동,"세종특별자치시 한누리대로 1962, (소담동)",127.3020291,36.4892711
9394,Q,음식,Q12,커피점/카페,Q12A01,커피전문점/카페/다방,I56220,비알콜 음료점업,3611038000,전동면,"세종특별자치시 전동면 깊은내길 211, (보덕리)",127.25397530000001,36.64204174
9399,Q,음식,Q12,커피점/카페,Q12A01,커피전문점/카페/다방,I56220,비알콜 음료점업,3611055000,고운동,"세종특별자치시 마음안로 47, (고운동, 가락마을호반베르디움3단지)",127.23621909999999,36.50563968
9446,Q,음식,Q12,커피점/카페,Q12A01,커피전문점/카페/다방,I56220,비알콜 음료점업,3611051500,새롬동,"세종특별자치시 나성로 96, (나성동)",127.26100320000002,36.4878705
9472,Q,음식,Q12,커피점/카페,Q12A01,커피전문점/카페/다방,I56220,비알콜 음료점업,3611054000,종촌동,"세종특별자치시 도움3로 105-7, (종촌동)",127.2496483,36.50451726
9484,Q,음식,Q12,커피점/카페,Q12A01,커피전문점/카페/다방,I56220,비알콜 음료점업,3611055000,고운동,"세종특별자치시 마음로 242, (고운동)",127.23274540000001,36.51827046
9499,Q,음식,Q12,커피점/카페,Q12A01,커피전문점/카페/다방,I56220,비알콜 음료점업,3611056000,보람동,"세종특별자치시 시청대로 219, (보람동)",127.29380719999999,36.48393254
9500,Q,음식,Q12,커피점/카페,Q12A01,커피전문점/카페/다방,I56220,비알콜 음료점업,3611052000,도담동,"세종특별자치시 가름로 194, (어진동)",127.26153190000001,36.49684092
9506,Q,음식,Q12,커피점/카페,Q12A01,커피전문점/카페/다방,I56220,비알콜 음료점업,3611056000,보람동,"세종특별자치시 호려울로 19, (보람동)",127.28927809999999,36.47760609
9516,Q,음식,Q12,커피점/카페,Q12A01,커피전문점/카페/다방,I56220,비알콜 음료점업,3611025000,조치원읍,"세종특별자치시 조치원읍 으뜸길 233, (원리)",127.2965334,36.60193575
9524,Q,음식,Q12,커피점/카페,Q12A01,커피전문점/카페/다방,I56220,비알콜 음료점업,3611051500,새롬동,"세종특별자치시 한누리대로 288, (나성동, 세종갤러리밸류시티)",127.2570996,36.48992808
9530,Q,음식,Q12,커피점/카페,Q12A01,커피전문점/카페/다방,I56220,비알콜 음료점업,3611051500,새롬동,"세종특별자치시 나성로 125-4, (나성동)",127.2588936,36.49023664
9531,Q,음식,Q12,커피점/카페,Q12A01,커피전문점/카페/다방,I56220,비알콜 음료점업,3611036000,연서면,"세종특별자치시 연서면 와룡로 606, (용암리)",127.22770220000001,36.59762541
9558,Q,음식,Q12,커피점/카페,Q12A01,커피전문점/카페/다방,I56220,비알콜 음료점업,3611053000,아름동,"세종특별자치시 보듬3로 104-17, (아름동)",127.24954,36.51226705
9559,Q,음식,Q12,커피점/카페,Q12A01,커피전문점/카페/다방,I56220,비알콜 음료점업,3611051500,새롬동,"세종특별자치시 한누리대로 234, (나성동)",127.2591162,36.48561476
9571,Q,음식,Q12,커피점/카페,Q12A01,커피전문점/카페/다방,I56220,비알콜 음료점업,3611054000,종촌동,"세종특별자치시 도움3로 125, (종촌동)",127.2468676,36.50462591
9585,Q,음식,Q12,커피점/카페,Q12A01,커피전문점/카페/다방,I56220,비알콜 음료점업,3611039000,소정면,"세종특별자치시 소정면 차령고개로 1081, (운당리)",127.1560494,36.69088152
9588,Q,음식,Q12,커피점/카페,Q12A01,커피전문점/카페/다방,I56220,비알콜 음료점업,3611056000,보람동,"세종특별자치시 남세종로 441, (보람동, 호려울마을5단지)",127.290456,36.47692817
9598,Q,음식,Q12,커피점/카페,Q12A01,커피전문점/카페/다방,I56220,비알콜 음료점업,3611052000,도담동,"세종특별자치시 보듬1로 12, (도담동, 도램마을행복2차7단지)",127.2598223,36.50993406
9603,Q,음식,Q12,커피점/카페,Q12A01,커피전문점/카페/다방,I56220,비알콜 음료점업,3611034000,금남면,"세종특별자치시 금남면 영치안골길 68-9, (영치리)",127.29931140000001,36.45765819
9604,Q,음식,Q12,커피점/카페,Q12A01,커피전문점/카페/다방,I56220,비알콜 음료점업,3611054000,종촌동,"세종특별자치시 도움1로 108, (종촌동)",127.24763440000001,36.50267511
9612,Q,음식,Q12,커피점/카페,Q12A01,커피전문점/카페/다방,I56220,비알콜 음료점업,3611052000,도담동,"세종특별자치시 갈매로 363, (어진동)",127.26284240000001,36.49636237
9617,Q,음식,Q12,커피점/카페,Q12A01,커피전문점/카페/다방,I56220,비알콜 음료점업,3611053000,아름동,"세종특별자치시 보듬3로 95, (아름동)",127.24891219999999,36.51137991
9619,Q,음식,Q12,커피점/카페,Q12A01,커피전문점/카페/다방,I56220,비알콜 음료점업,3611053000,아름동,"세종특별자치시 보듬3로 143, (아름동)",127.24362920000002,36.5116169
9623,Q,음식,Q12,커피점/카페,Q12A01,커피전문점/카페/다방,I56220,비알콜 음료점업,3611051500,새롬동,"세종특별자치시 다정중앙로 45, (다정동)",127.2489727,36.49471676
9625,Q,음식,Q12,커피점/카페,Q12A01,커피전문점/카페/다방,I56220,비알콜 음료점업,3611052000,도담동,"세종특별자치시 보듬1로 12, (도담동, 도램마을행복2차7단지)",127.2598223,36.50993406
9626,Q,음식,Q12,커피점/카페,Q12A01,커피전문점/카페/다방,I56220,비알콜 음료점업,3611025000,조치원읍,"세종특별자치시 조치원읍 행복11길 12, (침산리)",127.2927888,36.60440993
9627,Q,음식,Q12,커피점/카페,Q12A01,커피전문점/카페/다방,I56220,비알콜 음료점업,3611051500,새롬동,"세종특별자치시 새롬중앙로 64, (새롬동)",127.25100379999999,36.48663657
9634,Q,음식,Q12,커피점/카페,Q12A01,커피전문점/카페/다방,I56220,비알콜 음료점업,3611052000,도담동,"세종특별자치시 보듬3로 8-21, (도담동)",127.25794040000001,36.51410401
9643,Q,음식,Q12,커피점/카페,Q12A01,커피전문점/카페/다방,I56220,비알콜 음료점업,3611035000,장군면,"세종특별자치시 장군면 월현윗길 70, (봉안리)",127.22486629999999,36.50336749
9646,Q,음식,Q12,커피점/카페,Q12A01,커피전문점/카페/다방,I56220,비알콜 음료점업,3611025000,조치원읍,"세종특별자치시 조치원읍 행복11길 16, (침산리)",127.2925615,36.60482313
9655,Q,음식,Q12,커피점/카페,Q12A01,커피전문점/카페/다방,I56220,비알콜 음료점업,3611032000,연동면,"세종특별자치시 연동면 청연로 384, (응암리)",127.3358081,36.54219437
9658,Q,음식,Q12,커피점/카페,Q12A01,커피전문점/카페/다방,I56220,비알콜 음료점업,3611051500,새롬동,"세종특별자치시 나성로 41, (나성동)",127.2628886,36.48324087
9661,Q,음식,Q12,커피점/카페,Q12A01,커피전문점/카페/다방,I56220,비알콜 음료점업,3611052000,도담동,"세종특별자치시 한누리대로 583, (도담동)",127.2584653,36.51525183
9669,Q,음식,Q12,커피점/카페,Q12A01,커피전문점/카페/다방,I56220,비알콜 음료점업,3611052000,도담동,"세종특별자치시 보듬4로 9, (도담동, 도램마을반도유보라11단지)",127.26064070000001,36.51309339
9681,Q,음식,Q12,커피점/카페,Q12A01,커피전문점/카페/다방,I56220,비알콜 음료점업,3611037000,전의면,"세종특별자치시 전의면 장터길 33, (읍내리)",127.20587959999999,36.67773349
9731,Q,음식,Q12,커피점/카페,Q12A01,커피전문점/카페/다방,I56220,비알콜 음료점업,3611052000,도담동,"세종특별자치시 보듬3로 6, (도담동)",127.258946,36.51284856
9733,Q,음식,Q12,커피점/카페,Q12A01,커피전문점/카페/다방,I56220,비알콜 음료점업,3611035000,장군면,"세종특별자치시 장군면 덕고개길 12, (대교리)",127.2168233,36.50946125
9777,Q,음식,Q12,커피점/카페,Q12A01,커피전문점/카페/다방,I56220,비알콜 음료점업,3611051500,새롬동,"세종특별자치시 새롬중앙로 47, (새롬동)",127.2507852,36.48500399
9806,Q,음식,Q12,커피점/카페,Q12A01,커피전문점/카페/다방,I56220,비알콜 음료점업,3611055000,고운동,"세종특별자치시 마음안1로 137, (고운동)",127.2361867,36.52029325
9811,Q,음식,Q12,커피점/카페,Q12A01,커피전문점/카페/다방,I56220,비알콜 음료점업,3611056000,보람동,"세종특별자치시 시청대로 209, (보람동)",127.29325520000002,36.48327138
9833,Q,음식,Q12,커피점/카페,Q12A01,커피전문점/카페/다방,I56220,비알콜 음료점업,3611056000,보람동,"세종특별자치시 남세종로 446, (보람동)",127.2904947,36.47757728
9841,Q,음식,Q12,커피점/카페,Q12A01,커피전문점/카페/다방,I56220,비알콜 음료점업,3611051500,새롬동,"세종특별자치시 다정남로 130, (다정동)",127.2551575,36.49226816
9889,Q,음식,Q12,커피점/카페,Q12A01,커피전문점/카페/다방,I56220,비알콜 음료점업,3611055500,소담동,"세종특별자치시 한누리대로 2016, (소담동)",127.2996343,36.485012299999994
9942,Q,음식,Q12,커피점/카페,Q12A01,커피전문점/카페/다방,I56220,비알콜 음료점업,3611035000,장군면,"세종특별자치시 장군면 월현윗길 38-15, (봉안리)",127.22394299999999,36.50303705
9947,Q,음식,Q12,커피점/카페,Q12A01,커피전문점/카페/다방,I56220,비알콜 음료점업,3611033000,부강면,"세종특별자치시 부강면 부강로 47, (부강리)",127.3655722,36.52994663
9970,Q,음식,Q12,커피점/카페,Q12A01,커피전문점/카페/다방,I56220,비알콜 음료점업,3611025000,조치원읍,"세종특별자치시 조치원읍 조치원로 19-2, (원리)",127.2990183,36.60154485
9986,Q,음식,Q12,커피점/카페,Q12A01,커피전문점/카페/다방,I56220,비알콜 음료점업,3611032000,연동면,"세종특별자치시 연동면 청연로 716, (송용리)",127.3220503,36.56753122
10000,Q,음식,Q12,커피점/카페,Q12A01,커피전문점/카페/다방,I56220,비알콜 음료점업,3611052000,도담동,"세종특별자치시 다솜로 185, (어진동)",127.26913359999999,36.49680662
10053,Q,음식,Q12,커피점/카페,Q12A01,커피전문점/카페/다방,I56220,비알콜 음료점업,3611052000,도담동,"세종특별자치시 도움8로 11-11, (어진동)",127.26287090000001,36.50748359
10071,Q,음식,Q12,커피점/카페,Q12A01,커피전문점/카페/다방,I56220,비알콜 음료점업,3611051500,새롬동,"세종특별자치시 나성남로 7-16, (나성동)",127.2621713,36.48238028
10117,Q,음식,Q12,커피점/카페,Q12A01,커피전문점/카페/다방,I56220,비알콜 음료점업,3611056000,보람동,"세종특별자치시 남세종로 450, (보람동)",127.2901057,36.47741275
10153,Q,음식,Q12,커피점/카페,Q12A01,커피전문점/카페/다방,I56220,비알콜 음료점업,3611057000,대평동,"세종특별자치시 한누리대로 2236, (대평동)",127.2770912,36.47409021
10185,Q,음식,Q12,커피점/카페,Q12A01,커피전문점/카페/다방,I56220,비알콜 음료점업,3611056000,보람동,"세종특별자치시 남세종로 441, (보람동, 호려울마을5단지)",127.290456,36.47692817
10192,Q,음식,Q12,커피점/카페,Q12A01,커피전문점/카페/다방,I56220,비알콜 음료점업,3611025000,조치원읍,"세종특별자치시 조치원읍 조치원로 6-1, (원리)",127.29733540000001,36.60101224
10203,Q,음식,Q12,커피점/카페,Q12A01,커피전문점/카페/다방,I56220,비알콜 음료점업,3611054000,종촌동,"세종특별자치시 도움1로 106, (종촌동)",127.2481243,36.50281338
10204,Q,음식,Q12,커피점/카페,Q12A01,커피전문점/카페/다방,I56220,비알콜 음료점업,3611035000,장군면,"세종특별자치시 장군면 장기로 854-20, (봉안리)",127.2299463,36.49877714
10205,Q,음식,Q12,커피점/카페,Q12A01,커피전문점/카페/다방,I56220,비알콜 음료점업,3611057000,대평동,"세종특별자치시 대평1길 38, (대평동, 해들마을3단지)",127.27769840000002,36.47119195
10211,Q,음식,Q12,커피점/카페,Q12A01,커피전문점/카페/다방,I56220,비알콜 음료점업,3611056000,보람동,"세종특별자치시 한누리대로 2144, (보람동)",127.28796170000001,36.47877885
10224,Q,음식,Q12,커피점/카페,Q12A01,커피전문점/카페/다방,I56220,비알콜 음료점업,3611052000,도담동,"세종특별자치시 보듬3로 8-20, (도담동)",127.2586084,36.51429742
10244,Q,음식,Q12,커피점/카페,Q12A01,커피전문점/카페/다방,I56220,비알콜 음료점업,3611053000,아름동,"세종특별자치시 달빛로 226, (아름동)",127.2526697,36.51884756
10245,Q,음식,Q12,커피점/카페,Q12A01,커피전문점/카페/다방,I56220,비알콜 음료점업,3611052000,도담동,"세종특별자치시 절재로 194, (어진동)",127.2624501,36.5083011
10261,Q,음식,Q12,커피점/카페,Q12A01,커피전문점/카페/다방,I56220,비알콜 음료점업,3611034000,금남면,"세종특별자치시 금남면 대박길 67, (대박리)",127.3501409,36.4790255
10280,Q,음식,Q12,커피점/카페,Q12A01,커피전문점/카페/다방,I56220,비알콜 음료점업,3611025000,조치원읍,"세종특별자치시 조치원읍 새내로 108, (원리)",127.29841329999999,36.60171251
10302,Q,음식,Q12,커피점/카페,Q12A01,커피전문점/카페/다방,I56220,비알콜 음료점업,3611052000,도담동,"세종특별자치시 절재로 194, (어진동)",127.2624501,36.5083011
10334,Q,음식,Q12,커피점/카페,Q12A01,커피전문점/카페/다방,I56220,비알콜 음료점업,3611051500,새롬동,"세종특별자치시 새롬중앙로 55, (새롬동)",127.25034270000002,36.48574922
10345,Q,음식,Q12,커피점/카페,Q12A01,커피전문점/카페/다방,I56220,비알콜 음료점업,3611051000,한솔동,"세종특별자치시 나리1로 16, 301동  (한솔동, 첫마을퍼스트프라임3단지)",127.2614199,36.47924839
10352,Q,음식,Q12,커피점/카페,Q12A01,커피전문점/카페/다방,I56220,비알콜 음료점업,3611051500,새롬동,"세종특별자치시 다정중앙로 52, (다정동)",127.2492584,36.49517818
10392,Q,음식,Q12,커피점/카페,Q12A01,커피전문점/카페/다방,I56220,비알콜 음료점업,3611051000,한솔동,"세종특별자치시 누리로 106, (한솔동)",127.25254209999999,36.47986002
10395,Q,음식,Q12,커피점/카페,Q12A01,커피전문점/카페/다방,I56220,비알콜 음료점업,3611037000,전의면,"세종특별자치시 전의면 왕의물로 217-11, (관정리)",127.2083459,36.69799961
10403,Q,음식,Q12,커피점/카페,Q12A01,커피전문점/카페/다방,I56220,비알콜 음료점업,3611057000,대평동,"세종특별자치시 대평3길 10, (대평동)",127.27573249999999,36.4738026
10421,Q,음식,Q12,커피점/카페,Q12A01,커피전문점/카페/다방,I56220,비알콜 음료점업,3611057000,대평동,"세종특별자치시 대평로 86, (대평동)",127.2763818,36.47477986
10445,Q,음식,Q12,커피점/카페,Q12A01,커피전문점/카페/다방,I56220,비알콜 음료점업,3611055500,소담동,"세종특별자치시 시청대로 500, (반곡동, 수루배마을4단지)",127.3137756,36.4988201
10480,Q,음식,Q12,커피점/카페,Q12A01,커피전문점/카페/다방,I56220,비알콜 음료점업,3611055000,고운동,"세종특별자치시 마음로 272-9, (고운동)",127.23606409999998,36.519138899999994
10571,Q,음식,Q12,커피점/카페,Q12A01,커피전문점/카페/다방,I56220,비알콜 음료점업,3611051500,새롬동,"세종특별자치시 나성로 125-16, (나성동)",127.2577565,36.49009439
10660,Q,음식,Q12,커피점/카페,Q12A01,커피전문점/카페/다방,I56220,비알콜 음료점업,3611052000,도담동,"세종특별자치시 절재로 194, (어진동)",127.2624501,36.5083011
10670,Q,음식,Q12,커피점/카페,Q12A01,커피전문점/카페/다방,I56220,비알콜 음료점업,3611052000,도담동,"세종특별자치시 절재로 194, (어진동)",127.2624501,36.5083011
10727,Q,음식,Q12,커피점/카페,Q12A01,커피전문점/카페/다방,I56220,비알콜 음료점업,3611054000,종촌동,"세종특별자치시 달빛로 59, (종촌동)",127.2497626,36.5042386
10760,Q,음식,Q12,커피점/카페,Q12A01,커피전문점/카페/다방,I56220,비알콜 음료점업,3611025000,조치원읍,"세종특별자치시 조치원읍 으뜸길 215, (원리)",127.29632920000002,36.60350264
