,상권업종대분류코드,상권업종대분류명,상권업종중분류코드,상권업종중분류명,상권업종소분류코드,상권업종소분류명,표준산업분류코드,표준산업분류명,행정동코드,행정동명,도로명주소,lon,lat,count
6,L,부동산,L01,부동산중개,L01A01,부동산중개,L68221,부동산 자문 및 중개업,3611034000,금남면,"세종특별자치시 금남면 용포2길 70, (용포리, 두진리버빌)",127.2797133,36.46326433,1
12,L,부동산,L01,부동산중개,L01A01,부동산중개,L68221,부동산 자문 및 중개업,3611025000,조치원읍,"세종특별자치시 조치원읍 번암안동네길 6, (번암리)",127.29242260000001,36.58331049,1
18,L,부동산,L01,부동산중개,L01A01,부동산중개,L68221,부동산 자문 및 중개업,3611036000,연서면,"세종특별자치시 연서면 세종로 2109, (월하리)",127.2914531,36.5756805,1
21,L,부동산,L01,부동산중개,L01A01,부동산중개,L68221,부동산 자문 및 중개업,3611036000,연서면,"세종특별자치시 연서면 세종로 2085, (월하리)",127.29046699999999,36.57354778,1
26,L,부동산,L01,부동산중개,L01A01,부동산중개,L68221,부동산 자문 및 중개업,3611035000,장군면,"세종특별자치시 장군면 풍경채길 26-6, (금암리)",127.2180801,36.43994932,1
37,L,부동산,L01,부동산중개,L01A01,부동산중개,L68221,부동산 자문 및 중개업,3611051000,한솔동,"세종특별자치시 노을1로 16, 202동  (한솔동, 첫마을퍼스트프라임2단지)",127.26062350000001,36.48084763,1
38,L,부동산,L01,부동산중개,L01A01,부동산중개,L68221,부동산 자문 및 중개업,3611051000,한솔동,"세종특별자치시 노을3로 14, (한솔동, 첫마을퍼스트프라임1단지)",127.25716090000002,36.48234018,1
39,L,부동산,L01,부동산중개,L01A01,부동산중개,L68221,부동산 자문 및 중개업,3611051000,한솔동,"세종특별자치시 노을3로 14, (한솔동, 첫마을퍼스트프라임1단지)",127.25716090000002,36.48234018,1
42,L,부동산,L01,부동산중개,L01A01,부동산중개,L68221,부동산 자문 및 중개업,3611051000,한솔동,"세종특별자치시 노을1로 16, 202동  (한솔동, 첫마을퍼스트프라임2단지)",127.26062350000001,36.48084763,1
46,L,부동산,L01,부동산중개,L01A01,부동산중개,L68221,부동산 자문 및 중개업,3611025000,조치원읍,"세종특별자치시 조치원읍 충현로 159, (침산리, 욱일2차)",127.29417720000001,36.60292216,1
56,L,부동산,L01,부동산중개,L01A01,부동산중개,L68221,부동산 자문 및 중개업,3611025000,조치원읍,"세종특별자치시 조치원읍 행복4길 39, (침산리)",127.2940818,36.60481412,1
58,L,부동산,L01,부동산중개,L01A01,부동산중개,L68221,부동산 자문 및 중개업,3611034000,금남면,"세종특별자치시 금남면 용포로 102, (용포리)",127.2820163,36.46760409,1
65,L,부동산,L01,부동산중개,L01A01,부동산중개,L68221,부동산 자문 및 중개업,3611036000,연서면,"세종특별자치시 연서면 당산로 342-1, (봉암리)",127.282472,36.56213566,1
91,L,부동산,L01,부동산중개,L01A01,부동산중개,L68221,부동산 자문 및 중개업,3611025000,조치원읍,"세종특별자치시 조치원읍 장안길 19, (정리)",127.3003659,36.59961517,1
101,L,부동산,L01,부동산중개,L01A01,부동산중개,L68221,부동산 자문 및 중개업,3611025000,조치원읍,"세종특별자치시 조치원읍 충현로 58-20, (죽림리)",127.2977807,36.59504887,1
138,L,부동산,L01,부동산중개,L01A01,부동산중개,L68221,부동산 자문 및 중개업,3611034000,금남면,"세종특별자치시 금남면 용포로 94-1, (용포리)",127.28180959999999,36.46703507,1
147,L,부동산,L01,부동산중개,L01A01,부동산중개,L68221,부동산 자문 및 중개업,3611035000,장군면,"세종특별자치시 장군면 장척로 565, (봉안리)",127.2205189,36.49940985,1
155,L,부동산,L01,부동산중개,L01A01,부동산중개,L68221,부동산 자문 및 중개업,3611036000,연서면,"세종특별자치시 연서면 세종로 1931, (봉암리)",127.2837977,36.56132352,1
165,L,부동산,L01,부동산중개,L01A01,부동산중개,L68221,부동산 자문 및 중개업,3611034000,금남면,"세종특별자치시 금남면 용포로 94-1, (용포리)",127.28180959999999,36.46703507,1
176,L,부동산,L01,부동산중개,L01A01,부동산중개,L68221,부동산 자문 및 중개업,3611025000,조치원읍,"세종특별자치시 조치원읍 행복길 4, (침산리)",127.29018559999999,36.60306067,1
183,L,부동산,L01,부동산중개,L01A01,부동산중개,L68221,부동산 자문 및 중개업,3611034000,금남면,"세종특별자치시 금남면 용포로 106, (용포리)",127.28201270000001,36.468000599999996,1
184,L,부동산,L01,부동산중개,L01A01,부동산중개,L68221,부동산 자문 및 중개업,3611034000,금남면,"세종특별자치시 금남면 용포로 89, (용포리)",127.2814341,36.46661825,1
195,L,부동산,L01,부동산중개,L01A01,부동산중개,L68221,부동산 자문 및 중개업,3611025000,조치원읍,"세종특별자치시 조치원읍 충현로 31, (죽림리)",127.29835619999999,36.59197013,1
199,L,부동산,L01,부동산중개,L01A01,부동산중개,L68221,부동산 자문 및 중개업,3611036000,연서면,"세종특별자치시 연서면 세종로 2141, (월하리)",127.29199820000001,36.57838736,1
203,L,부동산,L01,부동산중개,L01A01,부동산중개,L68221,부동산 자문 및 중개업,3611025000,조치원읍,"세종특별자치시 조치원읍 충현로 69, (죽림리)",127.2967199,36.59494348,1
211,L,부동산,L01,부동산중개,L01A01,부동산중개,L68221,부동산 자문 및 중개업,3611031000,연기면,"세종특별자치시 연기면 세종로 1785, (연기리)",127.27568070000001,36.5500544,1
214,L,부동산,L01,부동산중개,L01A01,부동산중개,L68221,부동산 자문 및 중개업,3611025000,조치원읍,"세종특별자치시 조치원읍 행복8길 2, (침산리)",127.2912916,36.60313033,1
216,L,부동산,L01,부동산중개,L01A01,부동산중개,L68221,부동산 자문 및 중개업,3611025000,조치원읍,"세종특별자치시 조치원읍 충현로 43, (죽림리)",127.298045,36.59300468,1
218,L,부동산,L01,부동산중개,L01A01,부동산중개,L68221,부동산 자문 및 중개업,3611025000,조치원읍,"세종특별자치시 조치원읍 새내8길 83, (명리)",127.3030679,36.59991939,1
219,L,부동산,L01,부동산중개,L01A01,부동산중개,L68221,부동산 자문 및 중개업,3611025000,조치원읍,"세종특별자치시 조치원읍 허만석로 13-5, (번암리)",127.29331640000001,36.5833248,1
237,L,부동산,L01,부동산중개,L01A01,부동산중개,L68221,부동산 자문 및 중개업,3611036000,연서면,"세종특별자치시 연서면 월하1길 1, (월하리)",127.29132129999999,36.57542737,1
252,L,부동산,L01,부동산중개,L01A01,부동산중개,L68221,부동산 자문 및 중개업,3611034000,금남면,"세종특별자치시 금남면 용포로 89, (용포리)",127.2814341,36.46661825,1
258,L,부동산,L01,부동산중개,L01A01,부동산중개,L68221,부동산 자문 및 중개업,3611025000,조치원읍,"세종특별자치시 조치원읍 도장말길 34, (죽림리)",127.296977,36.59000638,1
265,L,부동산,L01,부동산중개,L01A01,부동산중개,L68221,부동산 자문 및 중개업,3611025000,조치원읍,"세종특별자치시 조치원읍 새내2길 17, (남리)",127.2997875,36.59682704,1
294,L,부동산,L01,부동산중개,L01A01,부동산중개,L68221,부동산 자문 및 중개업,3611051000,한솔동,"세종특별자치시 노을1로 16, 202동  (한솔동, 첫마을퍼스트프라임2단지)",127.26062350000001,36.48084763,1
296,L,부동산,L01,부동산중개,L01A01,부동산중개,L68221,부동산 자문 및 중개업,3611051000,한솔동,"세종특별자치시 노을3로 14, (한솔동, 첫마을퍼스트프라임1단지)",127.25716090000002,36.48234018,1
298,L,부동산,L01,부동산중개,L01A01,부동산중개,L68221,부동산 자문 및 중개업,3611051000,한솔동,"세종특별자치시 나리1로 16, 301동  (한솔동, 첫마을퍼스트프라임3단지)",127.2590393,36.47727798,1
300,L,부동산,L01,부동산중개,L01A01,부동산중개,L68221,부동산 자문 및 중개업,3611051000,한솔동,"세종특별자치시 나리1로 16, 301동  (한솔동, 첫마을퍼스트프라임3단지)",127.2590393,36.47727798,1
302,L,부동산,L01,부동산중개,L01A01,부동산중개,L68221,부동산 자문 및 중개업,3611051000,한솔동,"세종특별자치시 나리1로 16, 301동  (한솔동, 첫마을퍼스트프라임3단지)",127.2590393,36.47727798,1
303,L,부동산,L01,부동산중개,L01A01,부동산중개,L68221,부동산 자문 및 중개업,3611051000,한솔동,"세종특별자치시 나리1로 16, 301동  (한솔동, 첫마을퍼스트프라임3단지)",127.2590393,36.47727798,1
306,L,부동산,L01,부동산중개,L01A01,부동산중개,L68221,부동산 자문 및 중개업,3611025000,조치원읍,"세종특별자치시 조치원읍 군청로 90, (죽림리)",127.29376709999998,36.59273609,1
326,L,부동산,L01,부동산중개,L01A01,부동산중개,L68221,부동산 자문 및 중개업,3611034000,금남면,"세종특별자치시 금남면 용포로 21, (용포리)",127.2803848,36.46062778,1
341,L,부동산,L01,부동산중개,L01A01,부동산중개,L68221,부동산 자문 및 중개업,3611034000,금남면,"세종특별자치시 금남면 용포로 91-1, (용포리)",127.2814649,36.46690682,1
344,L,부동산,L01,부동산중개,L01A01,부동산중개,L68221,부동산 자문 및 중개업,3611025000,조치원읍,"세종특별자치시 조치원읍 충현로 28, (죽림리)",127.29903020000002,36.59158657,1
346,L,부동산,L01,부동산중개,L01A01,부동산중개,L68221,부동산 자문 및 중개업,3611025000,조치원읍,"세종특별자치시 조치원읍 군청로 23, (번암리, 번암주공)",127.29359869999999,36.58668798,1
350,L,부동산,L01,부동산중개,L01A01,부동산중개,L68221,부동산 자문 및 중개업,3611036000,연서면,"세종특별자치시 연서면 도원로 32, (월하리)",127.288579,36.58813611,1
351,L,부동산,L01,부동산중개,L01A01,부동산중개,L68221,부동산 자문 및 중개업,3611034000,금남면,"세종특별자치시 금남면 용포로 87-2, (용포리)",127.28124369999999,36.466689200000005,1
357,L,부동산,L01,부동산중개,L01A01,부동산중개,L68221,부동산 자문 및 중개업,3611037000,전의면,"세종특별자치시 전의면 금지1길 2, (읍내리)",127.1967983,36.68062848,1
378,L,부동산,L01,부동산중개,L01A01,부동산중개,L68221,부동산 자문 및 중개업,3611025000,조치원읍,"세종특별자치시 조치원읍 도원로 16, (죽림리, 자이아파트)",127.2908988,36.59108787,1
381,L,부동산,L01,부동산중개,L01A01,부동산중개,L68221,부동산 자문 및 중개업,3611036000,연서면,"세종특별자치시 연서면 당산로 345, (봉암리)",127.28244620000001,36.562505,1
385,L,부동산,L01,부동산중개,L01A01,부동산중개,L68221,부동산 자문 및 중개업,3611025000,조치원읍,"세종특별자치시 조치원읍 죽림본로 33-6, (죽림리, 죽림대우푸르지오)",127.29770800000001,36.59073165,1
387,L,부동산,L01,부동산중개,L01A01,부동산중개,L68221,부동산 자문 및 중개업,3611025000,조치원읍,"세종특별자치시 조치원읍 도장말길 42-1, (죽림리)",127.29676699999999,36.59097845,1
394,L,부동산,L01,부동산중개,L01A01,부동산중개,L68221,부동산 자문 및 중개업,3611036000,연서면,"세종특별자치시 연서면 당산로 352, (봉암리)",127.283046,36.56288711,1
403,L,부동산,L01,부동산중개,L01A01,부동산중개,L68221,부동산 자문 및 중개업,3611025000,조치원읍,"세종특별자치시 조치원읍 운주산로 60, (신안리, 조형)",127.28927009999998,36.63583198,1
405,L,부동산,L01,부동산중개,L01A01,부동산중개,L68221,부동산 자문 및 중개업,3611025000,조치원읍,"세종특별자치시 조치원읍 충현로 187, (침산리)",127.2939889,36.60519208,1
417,L,부동산,L01,부동산중개,L01A01,부동산중개,L68221,부동산 자문 및 중개업,3611025000,조치원읍,"세종특별자치시 조치원읍 충현로 31, (죽림리)",127.29835619999999,36.59197013,1
423,L,부동산,L01,부동산중개,L01A01,부동산중개,L68221,부동산 자문 및 중개업,3611025000,조치원읍,"세종특별자치시 조치원읍 조치원8길 34, (정리)",127.3005399,36.600147899999996,1
424,L,부동산,L01,부동산중개,L01A01,부동산중개,L68221,부동산 자문 및 중개업,3611034000,금남면,"세종특별자치시 금남면 용포2길 70, (용포리, 두진리버빌)",127.2797133,36.46326433,1
431,L,부동산,L01,부동산중개,L01A01,부동산중개,L68221,부동산 자문 및 중개업,3611032000,연동면,"세종특별자치시 연동면 청연로 254, (응암리)",127.34783359999999,36.53592517,1
437,L,부동산,L01,부동산중개,L01A01,부동산중개,L68221,부동산 자문 및 중개업,3611025000,조치원읍,"세종특별자치시 조치원읍 세종로 2360, (신흥리)",127.29087120000001,36.59776565,1
561,L,부동산,L01,부동산중개,L01A01,부동산중개,L68221,부동산 자문 및 중개업,3611034000,금남면,"세종특별자치시 금남면 용포로 73, (용포리)",127.2809337,36.46521833,1
566,L,부동산,L01,부동산중개,L01A01,부동산중개,L68221,부동산 자문 및 중개업,3611034000,금남면,"세종특별자치시 금남면 용포중앙2길 13-1, (용포리)",127.28260559999998,36.46662529,1
575,L,부동산,L01,부동산중개,L01A01,부동산중개,L68221,부동산 자문 및 중개업,3611035000,장군면,"세종특별자치시 장군면 장척로 436, (도계리)",127.20826670000001,36.49899573,1
589,L,부동산,L01,부동산중개,L01A01,부동산중개,L68221,부동산 자문 및 중개업,3611034000,금남면,"세종특별자치시 금남면 용포로 106, (용포리)",127.28201270000001,36.468000599999996,1
596,L,부동산,L01,부동산중개,L01A01,부동산중개,L68221,부동산 자문 및 중개업,3611034000,금남면,"세종특별자치시 금남면 용포로 83, (용포리)",127.28126029999999,36.466103499999996,1
600,L,부동산,L01,부동산중개,L01A01,부동산중개,L68221,부동산 자문 및 중개업,3611031000,연기면,"세종특별자치시 연기면 당산로 197, (연기리)",127.2778634,36.55077058,1
602,L,부동산,L01,부동산중개,L01A01,부동산중개,L68221,부동산 자문 및 중개업,3611036000,연서면,"세종특별자치시 연서면 세종로 2085, (월하리)",127.29046699999999,36.57354778,1
606,L,부동산,L01,부동산중개,L01A01,부동산중개,L68221,부동산 자문 및 중개업,3611025000,조치원읍,"세종특별자치시 조치원읍 허만석로 21, (번암리)",127.29413400000001,36.58434801,1
615,L,부동산,L01,부동산중개,L01A01,부동산중개,L68221,부동산 자문 및 중개업,3611025000,조치원읍,"세종특별자치시 조치원읍 도장말길 30, (죽림리, 조치원신동아파밀리에)",127.29746750000001,36.59014445,1
619,L,부동산,L01,부동산중개,L01A01,부동산중개,L68221,부동산 자문 및 중개업,3611034000,금남면,"세종특별자치시 금남면 용포로 95-1, (용포리)",127.28156229999999,36.46723185,1
629,L,부동산,L01,부동산중개,L01A01,부동산중개,L68221,부동산 자문 및 중개업,3611036000,연서면,"세종특별자치시 연서면 세종로 2085, (월하리)",127.29046699999999,36.57354778,1
638,L,부동산,L01,부동산중개,L01A01,부동산중개,L68221,부동산 자문 및 중개업,3611036000,연서면,"세종특별자치시 연서면 세종로 2130, (월하리)",127.29262250000001,36.57732764,1
646,L,부동산,L01,부동산중개,L01A01,부동산중개,L68221,부동산 자문 및 중개업,3611051500,새롬동,"세종특별자치시 한누리대로 283, (나성동)",127.25620049999999,36.48940879,1
647,L,부동산,L01,부동산중개,L01A01,부동산중개,L68221,부동산 자문 및 중개업,3611036000,연서면,"세종특별자치시 연서면 당산로 402-1, (봉암리)",127.28562350000001,36.56686792,1
651,L,부동산,L01,부동산중개,L01A01,부동산중개,L68221,부동산 자문 및 중개업,3611034000,금남면,"세종특별자치시 금남면 용포로 69, (용포리)",127.2809696,36.46495719,1
652,L,부동산,L01,부동산중개,L01A01,부동산중개,L68221,부동산 자문 및 중개업,3611031000,연기면,"세종특별자치시 연기면 세종로 1845, (보통리)",127.2784284,36.55487452,1
656,L,부동산,L01,부동산중개,L01A01,부동산중개,L68221,부동산 자문 및 중개업,3611034000,금남면,"세종특별자치시 금남면 용포로 94-1, (용포리)",127.28180959999999,36.46703507,1
666,L,부동산,L01,부동산중개,L01A01,부동산중개,L68221,부동산 자문 및 중개업,3611036000,연서면,"세종특별자치시 연서면 세종로 2109, (월하리)",127.2914531,36.5756805,1
667,L,부동산,L01,부동산중개,L01A01,부동산중개,L68221,부동산 자문 및 중개업,3611034000,금남면,"세종특별자치시 금남면 용포로 70, (용포리)",127.2812831,36.46484192,1
672,L,부동산,L01,부동산중개,L01A01,부동산중개,L68221,부동산 자문 및 중개업,3611025000,조치원읍,"세종특별자치시 조치원읍 새내로 150, (교리)",127.29758829999999,36.6051773,1
675,L,부동산,L01,부동산중개,L01A01,부동산중개,L68221,부동산 자문 및 중개업,3611025000,조치원읍,"세종특별자치시 조치원읍 충현로 73-1, (죽림리)",127.29646070000001,36.59517627,1
682,L,부동산,L01,부동산중개,L01A01,부동산중개,L68221,부동산 자문 및 중개업,3611025000,조치원읍,"세종특별자치시 조치원읍 충현로 141, (침산리)",127.294843,36.60099752,1
691,L,부동산,L01,부동산중개,L01A01,부동산중개,L68221,부동산 자문 및 중개업,3611034000,금남면,"세종특별자치시 금남면 용포로 95, (용포리)",127.28152990000001,36.4671145,1
694,L,부동산,L01,부동산중개,L01A01,부동산중개,L68221,부동산 자문 및 중개업,3611025000,조치원읍,"세종특별자치시 조치원읍 큰샘길 3, (신흥리)",127.2914943,36.59562449,1
715,L,부동산,L01,부동산중개,L01A01,부동산중개,L68221,부동산 자문 및 중개업,3611036000,연서면,"세종특별자치시 연서면 세종로 2136, (월하리)",127.2927196,36.57770673,1
738,L,부동산,L01,부동산중개,L01A01,부동산중개,L68221,부동산 자문 및 중개업,3611025000,조치원읍,"세종특별자치시 조치원읍 새내로 150, (교리)",127.29758829999999,36.6051773,1
759,L,부동산,L01,부동산중개,L01A01,부동산중개,L68221,부동산 자문 및 중개업,3611025000,조치원읍,"세종특별자치시 조치원읍 행복길 10-1, (침산리)",127.29097890000001,36.60309242,1
772,L,부동산,L01,부동산중개,L01A01,부동산중개,L68221,부동산 자문 및 중개업,3611025000,조치원읍,"세종특별자치시 조치원읍 충현로 30, (죽림리)",127.2989388,36.59180233,1
780,L,부동산,L01,부동산중개,L01A01,부동산중개,L68221,부동산 자문 및 중개업,3611025000,조치원읍,"세종특별자치시 조치원읍 충현로 202-2, (침산리)",127.29422360000001,36.60641911,1
846,L,부동산,L01,부동산중개,L01A01,부동산중개,L68221,부동산 자문 및 중개업,3611025000,조치원읍,"세종특별자치시 조치원읍 조치원1길 60, (교리)",127.29716509999999,36.60376892,1
856,L,부동산,L01,부동산중개,L01A01,부동산중개,L68221,부동산 자문 및 중개업,3611051000,한솔동,"세종특별자치시 노을1로 16, 202동  (한솔동, 첫마을퍼스트프라임2단지)",127.26062350000001,36.48084763,1
878,L,부동산,L01,부동산중개,L01A01,부동산중개,L68221,부동산 자문 및 중개업,3611051000,한솔동,"세종특별자치시 노을3로 14, (한솔동, 첫마을퍼스트프라임1단지)",127.25716090000002,36.48234018,1
880,L,부동산,L01,부동산중개,L01A01,부동산중개,L68221,부동산 자문 및 중개업,3611036000,연서면,"세종특별자치시 연서면 공단로 155, (부동리)",127.2700532,36.55339963,1
886,L,부동산,L01,부동산중개,L01A01,부동산중개,L68221,부동산 자문 및 중개업,3611025000,조치원읍,"세종특별자치시 조치원읍 터미널안길 63, (상리)",127.30307920000001,36.60115411,1
912,L,부동산,L01,부동산중개,L01A01,부동산중개,L68221,부동산 자문 및 중개업,3611034000,금남면,"세종특별자치시 금남면 용포로 98, (용포리)",127.2818848,36.46735095,1
913,L,부동산,L01,부동산중개,L01A01,부동산중개,L68221,부동산 자문 및 중개업,3611034000,금남면,"세종특별자치시 금남면 용포로 29, (용포리)",127.28035590000002,36.46133958,1
917,L,부동산,L01,부동산중개,L01A01,부동산중개,L68221,부동산 자문 및 중개업,3611051000,한솔동,"세종특별자치시 나리1로 16, 301동  (한솔동, 첫마을퍼스트프라임3단지)",127.2590393,36.47727798,1
921,L,부동산,L01,부동산중개,L01A01,부동산중개,L68221,부동산 자문 및 중개업,3611051000,한솔동,"세종특별자치시 노을1로 16, 202동  (한솔동, 첫마을퍼스트프라임2단지)",127.26062350000001,36.48084763,1
927,L,부동산,L01,부동산중개,L01A01,부동산중개,L68221,부동산 자문 및 중개업,3611035000,장군면,"세종특별자치시 장군면 장척로 565, (봉안리)",127.2205189,36.49940985,1
933,L,부동산,L01,부동산중개,L01A01,부동산중개,L68221,부동산 자문 및 중개업,3611035000,장군면,"세종특별자치시 장군면 장척로 405, (도계리)",127.2054152,36.49730952,1
943,L,부동산,L01,부동산중개,L01A01,부동산중개,L68221,부동산 자문 및 중개업,3611051000,한솔동,"세종특별자치시 나리1로 16, 301동  (한솔동, 첫마을퍼스트프라임3단지)",127.2590393,36.47727798,1
948,L,부동산,L01,부동산중개,L01A01,부동산중개,L68221,부동산 자문 및 중개업,3611035000,장군면,"세종특별자치시 장군면 월현윗길 3, (봉안리)",127.2226639,36.49922558,1
968,L,부동산,L01,부동산중개,L01A01,부동산중개,L68221,부동산 자문 및 중개업,3611034000,금남면,"세종특별자치시 금남면 용포로 110, (용포리)",127.28167350000001,36.46848522,1
976,L,부동산,L01,부동산중개,L01A01,부동산중개,L68221,부동산 자문 및 중개업,3611035000,장군면,"세종특별자치시 장군면 대교길 3, (대교리)",127.210546,36.500984499999994,1
991,L,부동산,L01,부동산중개,L01A01,부동산중개,L68221,부동산 자문 및 중개업,3611035000,장군면,"세종특별자치시 장군면 장척로 567, (봉안리)",127.22072,36.49938413,1
1035,L,부동산,L01,부동산중개,L01A01,부동산중개,L68221,부동산 자문 및 중개업,3611034000,금남면,"세종특별자치시 금남면 용포로 46-1, (용포리)",127.28072179999998,36.46279276,1
1060,L,부동산,L01,부동산중개,L01A01,부동산중개,L68221,부동산 자문 및 중개업,3611051000,한솔동,"세종특별자치시 나리1로 16, 301동  (한솔동, 첫마을퍼스트프라임3단지)",127.2590393,36.47727798,1
1067,L,부동산,L01,부동산중개,L01A01,부동산중개,L68221,부동산 자문 및 중개업,3611036000,연서면,"세종특별자치시 연서면 당산로 284, (봉암리)",127.2785981,36.55824608,1
1070,L,부동산,L01,부동산중개,L01A01,부동산중개,L68221,부동산 자문 및 중개업,3611037000,전의면,"세종특별자치시 전의면 왕의물로 2-1, (동교리)",127.2060495,36.67970822,1
1079,L,부동산,L01,부동산중개,L01A01,부동산중개,L68221,부동산 자문 및 중개업,3611051000,한솔동,"세종특별자치시 노을1로 16, 202동  (한솔동, 첫마을퍼스트프라임2단지)",127.26062350000001,36.48084763,1
1096,L,부동산,L01,부동산중개,L01A01,부동산중개,L68221,부동산 자문 및 중개업,3611034000,금남면,"세종특별자치시 금남면 용포2길 72, (용포리)",127.2800689,36.46341968,1
1105,L,부동산,L01,부동산중개,L01A01,부동산중개,L68221,부동산 자문 및 중개업,3611051500,새롬동,"세종특별자치시 한누리대로 288, (나성동, 세종갤러리밸류시티)",127.2570996,36.48992808,1
1113,L,부동산,L01,부동산중개,L01A01,부동산중개,L68221,부동산 자문 및 중개업,3611035000,장군면,"세종특별자치시 장군면 월현윗길 3, (봉안리)",127.2226639,36.49922558,1
1133,L,부동산,L01,부동산중개,L01A01,부동산중개,L68221,부동산 자문 및 중개업,3611025000,조치원읍,"세종특별자치시 조치원읍 허만석로 13-5, (번암리)",127.29331640000001,36.5833248,1
1138,L,부동산,L01,부동산중개,L01A01,부동산중개,L68221,부동산 자문 및 중개업,3611025000,조치원읍,"세종특별자치시 조치원읍 이화로 5, (신흥리, 신흥주공)",127.2886976,36.59469761,1
1162,L,부동산,L01,부동산중개,L01A01,부동산중개,L68221,부동산 자문 및 중개업,3611051500,새롬동,"세종특별자치시 한누리대로 283, (나성동)",127.25620049999999,36.48940879,1
1179,L,부동산,L01,부동산중개,L01A01,부동산중개,L68221,부동산 자문 및 중개업,3611051000,한솔동,"세종특별자치시 노을1로 16, 202동  (한솔동, 첫마을퍼스트프라임2단지)",127.26062350000001,36.48084763,1
1196,L,부동산,L01,부동산중개,L01A01,부동산중개,L68221,부동산 자문 및 중개업,3611051500,새롬동,"세종특별자치시 한누리대로 283, (나성동)",127.25620049999999,36.48940879,1
1212,L,부동산,L01,부동산중개,L01A01,부동산중개,L68221,부동산 자문 및 중개업,3611051000,한솔동,"세종특별자치시 누리로 59, (한솔동, 첫마을푸르지오5단지)",127.2490499,36.47515174,1
1217,L,부동산,L01,부동산중개,L01A01,부동산중개,L68221,부동산 자문 및 중개업,3611034000,금남면,"세종특별자치시 금남면 성덕영곡길 164-1, (영곡리)",127.2642273,36.45377909,1
1274,L,부동산,L01,부동산중개,L01A01,부동산중개,L68221,부동산 자문 및 중개업,3611051000,한솔동,"세종특별자치시 노을1로 16, 202동  (한솔동, 첫마을퍼스트프라임2단지)",127.26062350000001,36.48084763,1
1278,L,부동산,L01,부동산중개,L01A01,부동산중개,L68221,부동산 자문 및 중개업,3611051000,한솔동,"세종특별자치시 노을1로 16, 202동  (한솔동, 첫마을퍼스트프라임2단지)",127.26062350000001,36.48084763,1
1321,L,부동산,L01,부동산중개,L01A01,부동산중개,L68221,부동산 자문 및 중개업,3611035000,장군면,"세종특별자치시 장군면 장기로 854, (봉안리)",127.228086,36.4983866,1
1325,L,부동산,L01,부동산중개,L01A01,부동산중개,L68221,부동산 자문 및 중개업,3611035000,장군면,"세종특별자치시 장군면 장기로 875, (봉안리)",127.2300709,36.49971521,1
1352,L,부동산,L01,부동산중개,L01A01,부동산중개,L68221,부동산 자문 및 중개업,3611035000,장군면,"세종특별자치시 장군면 대학길 186-4, (금암리)",127.2115064,36.45467716,1
1356,L,부동산,L01,부동산중개,L01A01,부동산중개,L68221,부동산 자문 및 중개업,3611034000,금남면,"세종특별자치시 금남면 용포로 27, (용포리)",127.2802711,36.46086142,1
1359,L,부동산,L01,부동산중개,L01A01,부동산중개,L68221,부동산 자문 및 중개업,3611051500,새롬동,"세종특별자치시 한누리대로 288, (나성동, 세종갤러리밸류시티)",127.2570996,36.48992808,1
1367,L,부동산,L01,부동산중개,L01A01,부동산중개,L68221,부동산 자문 및 중개업,3611034000,금남면,"세종특별자치시 금남면 용포로 69, (용포리)",127.2809696,36.46495719,1
1374,L,부동산,L01,부동산중개,L01A01,부동산중개,L68221,부동산 자문 및 중개업,3611051000,한솔동,"세종특별자치시 노을1로 16, 202동  (한솔동, 첫마을퍼스트프라임2단지)",127.26062350000001,36.48084763,1
1402,L,부동산,L01,부동산중개,L01A01,부동산중개,L68221,부동산 자문 및 중개업,3611051000,한솔동,"세종특별자치시 노을3로 14, (한솔동, 첫마을퍼스트프라임1단지)",127.25716090000002,36.48234018,1
1409,L,부동산,L01,부동산중개,L01A01,부동산중개,L68221,부동산 자문 및 중개업,3611034000,금남면,"세종특별자치시 금남면 대평시장2길 3, (용포리)",127.2818334,36.46565634,1
1424,L,부동산,L01,부동산중개,L01A01,부동산중개,L68221,부동산 자문 및 중개업,3611036000,연서면,"세종특별자치시 연서면 당산로 290, (봉암리, 대원네스트빌)",127.2804354,36.56008664,1
1478,L,부동산,L01,부동산중개,L01A01,부동산중개,L68221,부동산 자문 및 중개업,3611035000,장군면,"세종특별자치시 장군면 장척로 477, (대교리)",127.21193670000001,36.50143529,1
1527,L,부동산,L01,부동산중개,L01A01,부동산중개,L68221,부동산 자문 및 중개업,3611035000,장군면,"세종특별자치시 장군면 장척로 559, (봉안리)",127.2199588,36.49960446,1
1535,L,부동산,L01,부동산중개,L01A01,부동산중개,L68221,부동산 자문 및 중개업,3611031000,연기면,"세종특별자치시 연기면 세종로 1845, (보통리)",127.2784284,36.55487452,1
1536,L,부동산,L01,부동산중개,L01A01,부동산중개,L68221,부동산 자문 및 중개업,3611051500,새롬동,"세종특별자치시 한누리대로 169, (나성동)",127.26181229999999,36.48023315,1
1544,L,부동산,L01,부동산중개,L01A01,부동산중개,L68221,부동산 자문 및 중개업,3611025000,조치원읍,"세종특별자치시 조치원읍 충현로 73, (죽림리)",127.29655100000001,36.59507767,1
1571,L,부동산,L01,부동산중개,L01A01,부동산중개,L68221,부동산 자문 및 중개업,3611051000,한솔동,"세종특별자치시 나리1로 16, 301동  (한솔동, 첫마을퍼스트프라임3단지)",127.2590393,36.47727798,1
1572,L,부동산,L01,부동산중개,L01A01,부동산중개,L68221,부동산 자문 및 중개업,3611036000,연서면,"세종특별자치시 연서면 도원로 29, (월하리)",127.28894879999999,36.58802116,1
1590,L,부동산,L01,부동산중개,L01A01,부동산중개,L68221,부동산 자문 및 중개업,3611051000,한솔동,"세종특별자치시 노을1로 16, 202동  (한솔동, 첫마을퍼스트프라임2단지)",127.26062350000001,36.48084763,1
1661,L,부동산,L01,부동산중개,L01A01,부동산중개,L68221,부동산 자문 및 중개업,3611034000,금남면,"세종특별자치시 금남면 용포로 30, (용포리)",127.2808033,36.4612161,1
1690,L,부동산,L01,부동산중개,L01A01,부동산중개,L68221,부동산 자문 및 중개업,3611051000,한솔동,"세종특별자치시 나리1로 16, 301동  (한솔동, 첫마을퍼스트프라임3단지)",127.2590393,36.47727798,1
1691,L,부동산,L01,부동산중개,L01A01,부동산중개,L68221,부동산 자문 및 중개업,3611051000,한솔동,"세종특별자치시 노을3로 14, (한솔동, 첫마을퍼스트프라임1단지)",127.25716090000002,36.48234018,1
1694,L,부동산,L01,부동산중개,L01A01,부동산중개,L68221,부동산 자문 및 중개업,3611051000,한솔동,"세종특별자치시 나리1로 16, 301동  (한솔동, 첫마을퍼스트프라임3단지)",127.2590393,36.47727798,1
1719,L,부동산,L01,부동산중개,L01A01,부동산중개,L68221,부동산 자문 및 중개업,3611036000,연서면,"세종특별자치시 연서면 세종로 2136, (월하리)",127.2927196,36.57770673,1
1720,L,부동산,L01,부동산중개,L01A01,부동산중개,L68221,부동산 자문 및 중개업,3611051000,한솔동,"세종특별자치시 노을1로 16, 202동  (한솔동, 첫마을퍼스트프라임2단지)",127.26062350000001,36.48084763,1
1723,L,부동산,L01,부동산중개,L01A01,부동산중개,L68221,부동산 자문 및 중개업,3611051000,한솔동,"세종특별자치시 노을1로 16, 202동  (한솔동, 첫마을퍼스트프라임2단지)",127.26062350000001,36.48084763,1
1727,L,부동산,L01,부동산중개,L01A01,부동산중개,L68221,부동산 자문 및 중개업,3611051000,한솔동,"세종특별자치시 나리1로 16, 301동  (한솔동, 첫마을퍼스트프라임3단지)",127.2590393,36.47727798,1
1757,L,부동산,L01,부동산중개,L01A01,부동산중개,L68221,부동산 자문 및 중개업,3611034000,금남면,"세종특별자치시 금남면 용포로 30, (용포리)",127.2808033,36.4612161,1
1785,L,부동산,L01,부동산중개,L01A01,부동산중개,L68221,부동산 자문 및 중개업,3611031000,연기면,"세종특별자치시 연기면 당산로 143-1, (연기리)",127.2782402,36.54628482,1
1805,L,부동산,L01,부동산중개,L01A01,부동산중개,L68221,부동산 자문 및 중개업,3611035000,장군면,"세종특별자치시 장군면 장척로 414, (도계리)",127.2063491,36.49767622,1
1809,L,부동산,L01,부동산중개,L01A01,부동산중개,L68221,부동산 자문 및 중개업,3611036000,연서면,"세종특별자치시 연서면 당산로 402-1, (봉암리)",127.28562350000001,36.56686792,1
1810,L,부동산,L01,부동산중개,L01A01,부동산중개,L68221,부동산 자문 및 중개업,3611051500,새롬동,"세종특별자치시 한누리대로 283, (나성동)",127.25620049999999,36.48940879,1
1826,L,부동산,L01,부동산중개,L01A01,부동산중개,L68221,부동산 자문 및 중개업,3611036000,연서면,"세종특별자치시 연서면 당산로 364, (봉암리)",127.28350559999998,36.56392627,1
1831,L,부동산,L01,부동산중개,L01A01,부동산중개,L68221,부동산 자문 및 중개업,3611051500,새롬동,"세종특별자치시 한누리대로 283, (나성동)",127.25620049999999,36.48940879,1
1838,L,부동산,L01,부동산중개,L01A01,부동산중개,L68221,부동산 자문 및 중개업,3611051500,새롬동,"세종특별자치시 한누리대로 283, (나성동)",127.25620049999999,36.48940879,1
1839,L,부동산,L01,부동산중개,L01A01,부동산중개,L68221,부동산 자문 및 중개업,3611034000,금남면,"세종특별자치시 금남면 용포로 27, (용포리)",127.2802711,36.46086142,1
1842,L,부동산,L01,부동산중개,L01A01,부동산중개,L68221,부동산 자문 및 중개업,3611051500,새롬동,"세종특별자치시 한누리대로 283, (나성동)",127.25620049999999,36.48940879,1
1860,L,부동산,L01,부동산중개,L01A01,부동산중개,L68221,부동산 자문 및 중개업,3611035000,장군면,"세종특별자치시 장군면 장척로 513, (봉안리)",127.2159652,36.50045247,1
1867,L,부동산,L01,부동산중개,L01A01,부동산중개,L68221,부동산 자문 및 중개업,3611034000,금남면,"세종특별자치시 금남면 용포2길 72, (용포리)",127.2800689,36.46341968,1
1870,L,부동산,L01,부동산중개,L01A01,부동산중개,L68221,부동산 자문 및 중개업,3611031000,연기면,"세종특별자치시 연기면 당산로 143-1, (연기리)",127.2782402,36.54628482,1
1875,L,부동산,L01,부동산중개,L01A01,부동산중개,L68221,부동산 자문 및 중개업,3611025000,조치원읍,"세종특별자치시 조치원읍 큰말길 2, (신흥리)",127.2907466,36.59550288,1
1892,L,부동산,L01,부동산중개,L01A01,부동산중개,L68221,부동산 자문 및 중개업,3611034000,금남면,"세종특별자치시 금남면 용포로 27, (용포리)",127.2802711,36.46086142,1
1903,L,부동산,L01,부동산중개,L01A01,부동산중개,L68221,부동산 자문 및 중개업,3611034000,금남면,"세종특별자치시 금남면 용포로 90, (용포리)",127.2817345,36.46670117,1
1908,L,부동산,L01,부동산중개,L01A01,부동산중개,L68221,부동산 자문 및 중개업,3611034000,금남면,"세종특별자치시 금남면 용포로 68, (용포리)",127.2811727,36.46471509,1
1926,L,부동산,L01,부동산중개,L01A01,부동산중개,L68221,부동산 자문 및 중개업,3611035000,장군면,"세종특별자치시 장군면 장척로 405, (도계리)",127.2054152,36.49730952,1
1934,L,부동산,L01,부동산중개,L01A01,부동산중개,L68221,부동산 자문 및 중개업,3611025000,조치원읍,"세종특별자치시 조치원읍 도원로 16, (죽림리, 자이아파트)",127.2908988,36.59108787,1
1940,L,부동산,L01,부동산중개,L01A01,부동산중개,L68221,부동산 자문 및 중개업,3611035000,장군면,"세종특별자치시 장군면 장척로 382, (도계리)",127.20385800000001,36.49567695,1
1942,L,부동산,L01,부동산중개,L01A01,부동산중개,L68221,부동산 자문 및 중개업,3611025000,조치원읍,"세종특별자치시 조치원읍 도원1로 16, (신흥리, 신흥대우푸르지오)",127.28988600000001,36.59184787,1
1955,L,부동산,L01,부동산중개,L01A01,부동산중개,L68221,부동산 자문 및 중개업,3611035000,장군면,"세종특별자치시 장군면 장척로 567, (봉안리)",127.22072,36.49938413,1
1958,L,부동산,L01,부동산중개,L01A01,부동산중개,L68221,부동산 자문 및 중개업,3611035000,장군면,"세종특별자치시 장군면 장척로 436, (도계리)",127.20826670000001,36.49899573,1
1992,L,부동산,L01,부동산중개,L01A01,부동산중개,L68221,부동산 자문 및 중개업,3611031000,연기면,"세종특별자치시 연기면 당산말길 34, (연기리)",127.2810586,36.54829353,1
1995,L,부동산,L01,부동산중개,L01A01,부동산중개,L68221,부동산 자문 및 중개업,3611051000,한솔동,"세종특별자치시 노을3로 14, (한솔동, 첫마을퍼스트프라임1단지)",127.25716090000002,36.48234018,1
2016,L,부동산,L01,부동산중개,L01A01,부동산중개,L68221,부동산 자문 및 중개업,3611035000,장군면,"세종특별자치시 장군면 장기로 856, (봉안리)",127.22830859999999,36.49845113,1
2046,L,부동산,L01,부동산중개,L01A01,부동산중개,L68221,부동산 자문 및 중개업,3611035000,장군면,"세종특별자치시 장군면 장척로 513, (봉안리)",127.2159652,36.50045247,1
2052,L,부동산,L01,부동산중개,L01A01,부동산중개,L68221,부동산 자문 및 중개업,3611035000,장군면,"세종특별자치시 장군면 장척로 567, (봉안리)",127.22072,36.49938413,1
2078,L,부동산,L01,부동산중개,L01A01,부동산중개,L68221,부동산 자문 및 중개업,3611051500,새롬동,"세종특별자치시 한누리대로 205, (나성동)",127.2599232,36.48290709,1
2080,L,부동산,L01,부동산중개,L01A01,부동산중개,L68221,부동산 자문 및 중개업,3611037000,전의면,"세종특별자치시 전의면 읍내길 2, (읍내리)",127.20457490000001,36.67949111,1
2092,L,부동산,L01,부동산중개,L01A01,부동산중개,L68221,부동산 자문 및 중개업,3611034000,금남면,"세종특별자치시 금남면 용포로 31, (용포리)",127.2803205,36.46154665,1
2096,L,부동산,L01,부동산중개,L01A01,부동산중개,L68221,부동산 자문 및 중개업,3611034000,금남면,"세종특별자치시 금남면 용포로 31, (용포리)",127.2803205,36.46154665,1
2101,L,부동산,L01,부동산중개,L01A01,부동산중개,L68221,부동산 자문 및 중개업,3611034000,금남면,"세종특별자치시 금남면 용포로 38, (용포리)",127.2806497,36.46214344,1
2119,L,부동산,L01,부동산중개,L01A01,부동산중개,L68221,부동산 자문 및 중개업,3611051000,한솔동,"세종특별자치시 노을3로 14, (한솔동, 첫마을퍼스트프라임1단지)",127.25716090000002,36.48234018,1
2127,L,부동산,L01,부동산중개,L01A01,부동산중개,L68221,부동산 자문 및 중개업,3611034000,금남면,"세종특별자치시 금남면 용포로 79, (용포리)",127.2811841,36.46589576,1
2136,L,부동산,L01,부동산중개,L01A01,부동산중개,L68221,부동산 자문 및 중개업,3611031000,연기면,"세종특별자치시 연기면 당산로 128, (연기리)",127.27758419999999,36.5447578,1
2141,L,부동산,L01,부동산중개,L01A01,부동산중개,L68221,부동산 자문 및 중개업,3611025000,조치원읍,"세종특별자치시 조치원읍 세종로 2512, (서창리)",127.29365109999999,36.610363,1
2147,L,부동산,L01,부동산중개,L01A01,부동산중개,L68221,부동산 자문 및 중개업,3611051500,새롬동,"세종특별자치시 한누리대로 205, (나성동)",127.2599232,36.48290709,1
2149,L,부동산,L01,부동산중개,L01A01,부동산중개,L68221,부동산 자문 및 중개업,3611025000,조치원읍,"세종특별자치시 조치원읍 행복길 7, (침산리)",127.29050690000001,36.603378,1
2150,L,부동산,L01,부동산중개,L01A01,부동산중개,L68221,부동산 자문 및 중개업,3611025000,조치원읍,"세종특별자치시 조치원읍 새내8길 19, (정리)",127.29957309999999,36.5995294,1
2151,L,부동산,L01,부동산중개,L01A01,부동산중개,L68221,부동산 자문 및 중개업,3611034000,금남면,"세종특별자치시 금남면 용포로 105, (용포리)",127.2816672,36.46795346,1
2153,L,부동산,L01,부동산중개,L01A01,부동산중개,L68221,부동산 자문 및 중개업,3611034000,금남면,"세종특별자치시 금남면 용포로 52, (용포리)",127.28084040000002,36.46324408,1
2163,L,부동산,L01,부동산중개,L01A01,부동산중개,L68221,부동산 자문 및 중개업,3611025000,조치원읍,세종특별자치시 세종특별자치시 조치원읍 충현로 80,127.29646650000001,36.5957711,1
2168,L,부동산,L01,부동산중개,L01A01,부동산중개,L68221,부동산 자문 및 중개업,3611051000,한솔동,"세종특별자치시 노을1로 16, 202동  (한솔동, 첫마을퍼스트프라임2단지)",127.26062350000001,36.48084763,1
2194,L,부동산,L01,부동산중개,L01A01,부동산중개,L68221,부동산 자문 및 중개업,3611036000,연서면,"세종특별자치시 연서면 세종로 2127, (월하리)",127.29195390000001,36.57712541,1
2195,L,부동산,L01,부동산중개,L01A01,부동산중개,L68221,부동산 자문 및 중개업,3611036000,연서면,"세종특별자치시 연서면 세종로 2142, (월하리)",127.29289299999999,36.57829354,1
2201,L,부동산,L01,부동산중개,L01A01,부동산중개,L68221,부동산 자문 및 중개업,3611052000,도담동,"세종특별자치시 다솜1로 184, (도담동, 도램마을웅진스타클래스3단지)",127.2560722,36.51448891,1
2223,L,부동산,L01,부동산중개,L01A01,부동산중개,L68221,부동산 자문 및 중개업,3611025000,조치원읍,"세종특별자치시 조치원읍 조치원4길 141, (남리)",127.3002493,36.59518956,1
2224,L,부동산,L01,부동산중개,L01A01,부동산중개,L68221,부동산 자문 및 중개업,3611025000,조치원읍,"세종특별자치시 조치원읍 신흥고샅길 2, (신흥리)",127.29343429999999,36.59491504,1
2226,L,부동산,L01,부동산중개,L01A01,부동산중개,L68221,부동산 자문 및 중개업,3611025000,조치원읍,"세종특별자치시 조치원읍 도원1로 16, (신흥리, 신흥대우푸르지오)",127.28988600000001,36.59184787,1
2241,L,부동산,L01,부동산중개,L01A01,부동산중개,L68221,부동산 자문 및 중개업,3611025000,조치원읍,"세종특별자치시 조치원읍 신흥샛터길 1, (신흥리)",127.2909315,36.59728837,1
2264,L,부동산,L01,부동산중개,L01A01,부동산중개,L68221,부동산 자문 및 중개업,3611032000,연동면,"세종특별자치시 연동면 청연로 604, (내판리)",127.32515890000002,36.5582303,1
2268,L,부동산,L01,부동산중개,L01A01,부동산중개,L68221,부동산 자문 및 중개업,3611025000,조치원읍,"세종특별자치시 조치원읍 도원1로 16, (신흥리, 신흥대우푸르지오)",127.28988600000001,36.59184787,1
2279,L,부동산,L01,부동산중개,L01A01,부동산중개,L68221,부동산 자문 및 중개업,3611051000,한솔동,"세종특별자치시 나리로 38, (한솔동, 첫마을래미안7단지)",127.25561709999998,36.47456202,1
2283,L,부동산,L01,부동산중개,L01A01,부동산중개,L68221,부동산 자문 및 중개업,3611051000,한솔동,"세종특별자치시 노을1로 16, 202동  (한솔동, 첫마을퍼스트프라임2단지)",127.26062350000001,36.48084763,1
2317,L,부동산,L01,부동산중개,L01A01,부동산중개,L68221,부동산 자문 및 중개업,3611034000,금남면,"세종특별자치시 금남면 용포로 102, (용포리)",127.2820163,36.46760409,1
2331,L,부동산,L01,부동산중개,L01A01,부동산중개,L68221,부동산 자문 및 중개업,3611034000,금남면,"세종특별자치시 금남면 용포로 90, (용포리)",127.2817345,36.46670117,1
2335,L,부동산,L01,부동산중개,L01A01,부동산중개,L68221,부동산 자문 및 중개업,3611051000,한솔동,"세종특별자치시 노을1로 16, 202동  (한솔동, 첫마을퍼스트프라임2단지)",127.26062350000001,36.48084763,1
2337,L,부동산,L01,부동산중개,L01A01,부동산중개,L68221,부동산 자문 및 중개업,3611051000,한솔동,"세종특별자치시 노을3로 14, (한솔동, 첫마을퍼스트프라임1단지)",127.25716090000002,36.48234018,1
2339,L,부동산,L01,부동산중개,L01A01,부동산중개,L68221,부동산 자문 및 중개업,3611025000,조치원읍,"세종특별자치시 조치원읍 새내2길 17, (남리)",127.2997875,36.59682704,1
2361,L,부동산,L01,부동산중개,L01A01,부동산중개,L68221,부동산 자문 및 중개업,3611034000,금남면,"세종특별자치시 금남면 용포로 21, (용포리)",127.2803848,36.46062778,1
2382,L,부동산,L01,부동산중개,L01A01,부동산중개,L68221,부동산 자문 및 중개업,3611025000,조치원읍,"세종특별자치시 조치원읍 이화로 5, (신흥리, 신흥주공)",127.2886976,36.59469761,1
2402,L,부동산,L01,부동산중개,L01A01,부동산중개,L68221,부동산 자문 및 중개업,3611034000,금남면,"세종특별자치시 금남면 대평시장2길 3, (용포리)",127.2818334,36.46565634,1
2406,L,부동산,L01,부동산중개,L01A01,부동산중개,L68221,부동산 자문 및 중개업,3611051000,한솔동,"세종특별자치시 누리로 59, (한솔동, 첫마을푸르지오5단지)",127.2490499,36.47515174,1
2420,L,부동산,L01,부동산중개,L01A01,부동산중개,L68221,부동산 자문 및 중개업,3611051000,한솔동,"세종특별자치시 나리로 38, (한솔동, 첫마을래미안7단지)",127.25561709999998,36.47456202,1
2461,L,부동산,L01,부동산중개,L01A01,부동산중개,L68221,부동산 자문 및 중개업,3611034000,금남면,"세종특별자치시 금남면 용포로 31, (용포리)",127.2803205,36.46154665,1
2462,L,부동산,L01,부동산중개,L01A01,부동산중개,L68221,부동산 자문 및 중개업,3611051000,한솔동,"세종특별자치시 나리로 38, (한솔동, 첫마을래미안7단지)",127.25561709999998,36.47456202,1
2474,L,부동산,L01,부동산중개,L01A01,부동산중개,L68221,부동산 자문 및 중개업,3611051000,한솔동,"세종특별자치시 누리로 28, (한솔동, 첫마을힐스테이트6단지)",127.25466609999998,36.47481744,1
2481,L,부동산,L01,부동산중개,L01A01,부동산중개,L68221,부동산 자문 및 중개업,3611025000,조치원읍,"세종특별자치시 조치원읍 이화1로 15, (신흥리, 신흥이편한세상아파트)",127.28505430000001,36.593468200000004,1
2483,L,부동산,L01,부동산중개,L01A01,부동산중개,L68221,부동산 자문 및 중개업,3611031000,연기면,"세종특별자치시 연기면 당산로 123, (연기리)",127.27708100000001,36.54482685,1
2487,L,부동산,L01,부동산중개,L01A01,부동산중개,L68221,부동산 자문 및 중개업,3611032000,연동면,"세종특별자치시 연동면 청연로 254, (응암리)",127.34783359999999,36.53592517,1
2515,L,부동산,L01,부동산중개,L01A01,부동산중개,L68221,부동산 자문 및 중개업,3611031000,연기면,"세종특별자치시 연기면 당산로 114, (연기리)",127.27660990000001,36.54384167,1
2561,L,부동산,L01,부동산중개,L01A01,부동산중개,L68221,부동산 자문 및 중개업,3611025000,조치원읍,"세종특별자치시 조치원읍 충현로 195, (침산리)",127.2938707,36.60589432,1
2598,L,부동산,L01,부동산중개,L01A01,부동산중개,L68221,부동산 자문 및 중개업,3611034000,금남면,"세종특별자치시 금남면 성덕영곡길 168-5, (영곡리)",127.2637624,36.453388700000005,1
2601,L,부동산,L01,부동산중개,L01A01,부동산중개,L68221,부동산 자문 및 중개업,3611035000,장군면,"세종특별자치시 장군면 산학리길 16-4, (은용리)",127.21470910000001,36.49329755,1
2618,L,부동산,L01,부동산중개,L01A01,부동산중개,L68221,부동산 자문 및 중개업,3611034000,금남면,"세종특별자치시 금남면 용포로 30, (용포리)",127.2808033,36.4612161,1
2631,L,부동산,L01,부동산중개,L01A01,부동산중개,L68221,부동산 자문 및 중개업,3611035000,장군면,"세종특별자치시 장군면 장척로 419, (도계리)",127.20667859999999,36.49820112,1
2644,L,부동산,L01,부동산중개,L01A01,부동산중개,L68221,부동산 자문 및 중개업,3611034000,금남면,"세종특별자치시 금남면 용포로 95-1, (용포리)",127.28156229999999,36.46723185,1
2660,L,부동산,L01,부동산중개,L01A01,부동산중개,L68221,부동산 자문 및 중개업,3611053000,아름동,"세종특별자치시 아름남1길 8, (아름동)",127.2490615,36.50864115,1
2850,L,부동산,L01,부동산중개,L01A01,부동산중개,L68221,부동산 자문 및 중개업,3611051000,한솔동,"세종특별자치시 노을1로 16, 202동  (한솔동, 첫마을퍼스트프라임2단지)",127.26062350000001,36.48084763,1
2904,L,부동산,L01,부동산중개,L01A01,부동산중개,L68221,부동산 자문 및 중개업,3611031000,연기면,"세종특별자치시 연기면 당산로 128, (연기리)",127.27758419999999,36.5447578,1
2926,L,부동산,L01,부동산중개,L01A01,부동산중개,L68221,부동산 자문 및 중개업,3611051000,한솔동,"세종특별자치시 노을1로 16, 202동  (한솔동, 첫마을퍼스트프라임2단지)",127.26062350000001,36.48084763,1
2929,L,부동산,L01,부동산중개,L01A01,부동산중개,L68221,부동산 자문 및 중개업,3611057000,대평동,"세종특별자치시 금남구즉로 19, (대평동)",127.2829916,36.46953857,1
2949,L,부동산,L01,부동산중개,L01A01,부동산중개,L68221,부동산 자문 및 중개업,3611031000,연기면,"세종특별자치시 연기면 당산로 173, (연기리)",127.2781183,36.54858218,1
2953,L,부동산,L01,부동산중개,L01A01,부동산중개,L68221,부동산 자문 및 중개업,3611034000,금남면,"세종특별자치시 금남면 금남구즉로 254, (장재리)",127.3047699,36.47857154,1
2958,L,부동산,L01,부동산중개,L01A01,부동산중개,L68221,부동산 자문 및 중개업,3611051000,한솔동,"세종특별자치시 나리1로 16, 301동  (한솔동, 첫마을퍼스트프라임3단지)",127.2590393,36.47727798,1
2987,L,부동산,L01,부동산중개,L01A01,부동산중개,L68221,부동산 자문 및 중개업,3611025000,조치원읍,"세종특별자치시 조치원읍 충현로 195, (침산리)",127.2938707,36.60589432,1
3009,L,부동산,L01,부동산중개,L01A01,부동산중개,L68221,부동산 자문 및 중개업,3611051000,한솔동,"세종특별자치시 누리로 59, (한솔동, 첫마을푸르지오5단지)",127.2490499,36.47515174,1
3016,L,부동산,L01,부동산중개,L01A01,부동산중개,L68221,부동산 자문 및 중개업,3611033000,부강면,"세종특별자치시 부강면 부강로 12, (부강리)",127.36780359999999,36.52744407,1
3023,L,부동산,L01,부동산중개,L01A01,부동산중개,L68221,부동산 자문 및 중개업,3611034000,금남면,"세종특별자치시 금남면 용포로 27, (용포리)",127.2802711,36.46086142,1
3072,L,부동산,L01,부동산중개,L01A01,부동산중개,L68221,부동산 자문 및 중개업,3611051000,한솔동,"세종특별자치시 나리로 38, (한솔동, 첫마을래미안7단지)",127.25561709999998,36.47456202,1
3077,L,부동산,L01,부동산중개,L01A01,부동산중개,L68221,부동산 자문 및 중개업,3611035000,장군면,"세종특별자치시 장군면 장척로 565, (봉안리)",127.2205189,36.49940985,1
3078,L,부동산,L01,부동산중개,L01A01,부동산중개,L68221,부동산 자문 및 중개업,3611035000,장군면,"세종특별자치시 장군면 장척로 411, (도계리)",127.20574429999999,36.49787047,1
3088,L,부동산,L01,부동산중개,L01A01,부동산중개,L68221,부동산 자문 및 중개업,3611035000,장군면,"세종특별자치시 장군면 장척로 408-3, (도계리)",127.20602959999998,36.49725954,1
3097,L,부동산,L01,부동산중개,L01A01,부동산중개,L68221,부동산 자문 및 중개업,3611031000,연기면,"세종특별자치시 연기면 세종로 1845, (보통리)",127.2784284,36.55487452,1
3109,L,부동산,L01,부동산중개,L01A01,부동산중개,L68221,부동산 자문 및 중개업,3611051500,새롬동,"세종특별자치시 한누리대로 283, (나성동)",127.25620049999999,36.48940879,1
3112,L,부동산,L01,부동산중개,L01A01,부동산중개,L68221,부동산 자문 및 중개업,3611051000,한솔동,"세종특별자치시 노을1로 16, 202동  (한솔동, 첫마을퍼스트프라임2단지)",127.26062350000001,36.48084763,1
3160,L,부동산,L01,부동산중개,L01A01,부동산중개,L68221,부동산 자문 및 중개업,3611025000,조치원읍,"세종특별자치시 조치원읍 충현로 98, (침산리)",127.2958048,36.59724517,1
3161,L,부동산,L01,부동산중개,L01A01,부동산중개,L68221,부동산 자문 및 중개업,3611035000,장군면,"세종특별자치시 장군면 장척로 405-2, (도계리)",127.2055477,36.49744559,1
3180,L,부동산,L01,부동산중개,L01A01,부동산중개,L68221,부동산 자문 및 중개업,3611051500,새롬동,"세종특별자치시 한누리대로 283, (나성동)",127.25620049999999,36.48940879,1
3192,L,부동산,L01,부동산중개,L01A01,부동산중개,L68221,부동산 자문 및 중개업,3611051000,한솔동,"세종특별자치시 나리1로 16, 301동  (한솔동, 첫마을퍼스트프라임3단지)",127.2590393,36.47727798,1
3196,L,부동산,L01,부동산중개,L01A01,부동산중개,L68221,부동산 자문 및 중개업,3611051500,새롬동,"세종특별자치시 한누리대로 253, (나성동)",127.2578903,36.48659849,1
3205,L,부동산,L01,부동산중개,L01A01,부동산중개,L68221,부동산 자문 및 중개업,3611051000,한솔동,"세종특별자치시 노을1로 16, 202동  (한솔동, 첫마을퍼스트프라임2단지)",127.26062350000001,36.48084763,1
3219,L,부동산,L01,부동산중개,L01A01,부동산중개,L68221,부동산 자문 및 중개업,3611051000,한솔동,"세종특별자치시 누리로 27, (한솔동, 첫마을힐스테이트6단지)",127.2515217,36.47572602,1
3237,L,부동산,L01,부동산중개,L01A01,부동산중개,L68221,부동산 자문 및 중개업,3611034000,금남면,"세종특별자치시 금남면 용포로 89, (용포리)",127.2814341,36.46661825,1
3246,L,부동산,L01,부동산중개,L01A01,부동산중개,L68221,부동산 자문 및 중개업,3611034000,금남면,"세종특별자치시 금남면 용포로 89, (용포리)",127.2814341,36.46661825,1
3271,L,부동산,L01,부동산중개,L01A01,부동산중개,L68221,부동산 자문 및 중개업,3611025000,조치원읍,"세종특별자치시 조치원읍 행복9길 20, (침산리)",127.2898559,36.60488815,1
3277,L,부동산,L01,부동산중개,L01A01,부동산중개,L68221,부동산 자문 및 중개업,3611035000,장군면,"세종특별자치시 장군면 봉안산소골길 4-7, (봉안리)",127.22171200000001,36.4995348,1
3338,L,부동산,L01,부동산중개,L01A01,부동산중개,L68221,부동산 자문 및 중개업,3611036000,연서면,"세종특별자치시 연서면 세종로 2127, (월하리)",127.29195390000001,36.57712541,1
3339,L,부동산,L01,부동산중개,L01A01,부동산중개,L68221,부동산 자문 및 중개업,3611025000,조치원읍,"세종특별자치시 조치원읍 충현로 187, (침산리)",127.2939889,36.60519208,1
3400,L,부동산,L01,부동산중개,L01A01,부동산중개,L68221,부동산 자문 및 중개업,3611025000,조치원읍,"세종특별자치시 조치원읍 행복8길 2, (침산리)",127.2912916,36.60313033,1
3401,L,부동산,L01,부동산중개,L01A01,부동산중개,L68221,부동산 자문 및 중개업,3611034000,금남면,"세종특별자치시 금남면 용포로 69-2, (용포리)",127.28082479999999,36.46492928,1
3427,L,부동산,L01,부동산중개,L01A01,부동산중개,L68221,부동산 자문 및 중개업,3611033000,부강면,"세종특별자치시 부강면 부강4길 5-1, (부강리)",127.3671872,36.52909905,1
3467,L,부동산,L01,부동산중개,L01A01,부동산중개,L68221,부동산 자문 및 중개업,3611051000,한솔동,"세종특별자치시 노을3로 14, (한솔동, 첫마을퍼스트프라임1단지)",127.25716090000002,36.48234018,1
3492,L,부동산,L01,부동산중개,L01A01,부동산중개,L68221,부동산 자문 및 중개업,3611051000,한솔동,"세종특별자치시 노을1로 16, 202동  (한솔동, 첫마을퍼스트프라임2단지)",127.26062350000001,36.48084763,1
3497,L,부동산,L01,부동산중개,L01A01,부동산중개,L68221,부동산 자문 및 중개업,3611051000,한솔동,"세종특별자치시 나리1로 16, 301동  (한솔동, 첫마을퍼스트프라임3단지)",127.2590393,36.47727798,1
3516,L,부동산,L01,부동산중개,L01A01,부동산중개,L68221,부동산 자문 및 중개업,3611031000,연기면,"세종특별자치시 연기면 당산로 132, (연기리)",127.2777929,36.54513757,1
3538,L,부동산,L01,부동산중개,L01A01,부동산중개,L68221,부동산 자문 및 중개업,3611051000,한솔동,"세종특별자치시 노을1로 16, 202동  (한솔동, 첫마을퍼스트프라임2단지)",127.26062350000001,36.48084763,1
3557,L,부동산,L01,부동산중개,L01A01,부동산중개,L68221,부동산 자문 및 중개업,3611051000,한솔동,"세종특별자치시 노을1로 16, 202동  (한솔동, 첫마을퍼스트프라임2단지)",127.26062350000001,36.48084763,1
3579,L,부동산,L01,부동산중개,L01A01,부동산중개,L68221,부동산 자문 및 중개업,3611035000,장군면,"세종특별자치시 장군면 장척로 382, (도계리)",127.20385800000001,36.49567695,1
3580,L,부동산,L01,부동산중개,L01A01,부동산중개,L68221,부동산 자문 및 중개업,3611035000,장군면,"세종특별자치시 장군면 장척로 567, (봉안리)",127.22072,36.49938413,1
3591,L,부동산,L01,부동산중개,L01A01,부동산중개,L68221,부동산 자문 및 중개업,3611034000,금남면,"세종특별자치시 금남면 안금로 251, (용담리)",127.2845088,36.42218809,1
3625,L,부동산,L01,부동산중개,L01A01,부동산중개,L68221,부동산 자문 및 중개업,3611034000,금남면,"세종특별자치시 금남면 성덕영곡길 174, (영곡리)",127.26366709999999,36.45284737,1
3633,L,부동산,L01,부동산중개,L01A01,부동산중개,L68221,부동산 자문 및 중개업,3611053000,아름동,"세종특별자치시 아름남1길 8, (아름동)",127.2490615,36.50864115,1
3634,L,부동산,L01,부동산중개,L01A01,부동산중개,L68221,부동산 자문 및 중개업,3611051500,새롬동,"세종특별자치시 한누리대로 205, (나성동)",127.2599232,36.48290709,1
3641,L,부동산,L01,부동산중개,L01A01,부동산중개,L68221,부동산 자문 및 중개업,3611034000,금남면,"세종특별자치시 금남면 용포로 106, (용포리)",127.28201270000001,36.468000599999996,1
3660,L,부동산,L01,부동산중개,L01A01,부동산중개,L68221,부동산 자문 및 중개업,3611034000,금남면,"세종특별자치시 금남면 용포로 85-2, (용포리)",127.2813358,36.46638334,1
3663,L,부동산,L01,부동산중개,L01A01,부동산중개,L68221,부동산 자문 및 중개업,3611051500,새롬동,"세종특별자치시 한누리대로 283, (나성동)",127.25620049999999,36.48940879,1
3734,L,부동산,L01,부동산중개,L01A01,부동산중개,L68221,부동산 자문 및 중개업,3611034000,금남면,"세종특별자치시 금남면 용포로 100, (용포리)",127.28195079999999,36.46745048,1
3738,L,부동산,L01,부동산중개,L01A01,부동산중개,L68221,부동산 자문 및 중개업,3611025000,조치원읍,"세종특별자치시 조치원읍 충현로 149, (침산리)",127.29465729999998,36.60175343,1
3771,L,부동산,L01,부동산중개,L01A01,부동산중개,L68221,부동산 자문 및 중개업,3611031000,연기면,"세종특별자치시 연기면 세종로 1845, (보통리)",127.2784284,36.55487452,1
3779,L,부동산,L01,부동산중개,L01A01,부동산중개,L68221,부동산 자문 및 중개업,3611034000,금남면,"세종특별자치시 금남면 금남구즉로 1, (용포리)",127.28189809999999,36.46832436,1
3783,L,부동산,L01,부동산중개,L01A01,부동산중개,L68221,부동산 자문 및 중개업,3611036000,연서면,"세종특별자치시 연서면 당산로 366, (봉암리)",127.2836053,36.56401699,1
3786,L,부동산,L01,부동산중개,L01A01,부동산중개,L68221,부동산 자문 및 중개업,3611037000,전의면,"세종특별자치시 전의면 왕의물로 2-1, (동교리)",127.2060495,36.67970822,1
3799,L,부동산,L01,부동산중개,L01A01,부동산중개,L68221,부동산 자문 및 중개업,3611051500,새롬동,"세종특별자치시 한누리대로 205, (나성동)",127.2599232,36.48290709,1
3808,L,부동산,L01,부동산중개,L01A01,부동산중개,L68221,부동산 자문 및 중개업,3611035000,장군면,"세종특별자치시 장군면 장척로 402, (도계리)",127.20539609999999,36.49699397,1
3830,L,부동산,L01,부동산중개,L01A01,부동산중개,L68221,부동산 자문 및 중개업,3611051000,한솔동,"세종특별자치시 누리로 27, (한솔동, 첫마을힐스테이트6단지)",127.2515217,36.47572602,1
3838,L,부동산,L01,부동산중개,L01A01,부동산중개,L68221,부동산 자문 및 중개업,3611025000,조치원읍,"세종특별자치시 조치원읍 행복9길 16, (침산리)",127.28999309999999,36.60455552,1
3840,L,부동산,L01,부동산중개,L01A01,부동산중개,L68221,부동산 자문 및 중개업,3611051000,한솔동,"세종특별자치시 누리로 27, (한솔동, 첫마을힐스테이트6단지)",127.2515217,36.47572602,1
3854,L,부동산,L01,부동산중개,L01A01,부동산중개,L68221,부동산 자문 및 중개업,3611051500,새롬동,"세종특별자치시 한누리대로 205, (나성동)",127.2599232,36.48290709,1
3876,L,부동산,L01,부동산중개,L01A01,부동산중개,L68221,부동산 자문 및 중개업,3611051500,새롬동,"세종특별자치시 한누리대로 205, (나성동)",127.2599232,36.48290709,1
3908,L,부동산,L01,부동산중개,L01A01,부동산중개,L68221,부동산 자문 및 중개업,3611035000,장군면,"세종특별자치시 장군면 장척로 565, (봉안리)",127.2205189,36.49940985,1
3915,L,부동산,L01,부동산중개,L01A01,부동산중개,L68221,부동산 자문 및 중개업,3611035000,장군면,"세종특별자치시 장군면 장척로 513, (봉안리)",127.2159652,36.50045247,1
3931,L,부동산,L01,부동산중개,L01A01,부동산중개,L68221,부동산 자문 및 중개업,3611051500,새롬동,"세종특별자치시 한누리대로 169, (나성동)",127.26181229999999,36.48023315,1
3933,L,부동산,L01,부동산중개,L01A01,부동산중개,L68221,부동산 자문 및 중개업,3611051000,한솔동,"세종특별자치시 누리로 28, (한솔동, 첫마을힐스테이트6단지)",127.25466609999998,36.47481744,1
3936,L,부동산,L01,부동산중개,L01A01,부동산중개,L68221,부동산 자문 및 중개업,3611051000,한솔동,"세종특별자치시 누리로 59, (한솔동, 첫마을푸르지오5단지)",127.2490499,36.47515174,1
3969,L,부동산,L01,부동산중개,L01A01,부동산중개,L68221,부동산 자문 및 중개업,3611051000,한솔동,"세종특별자치시 누리로 27, (한솔동, 첫마을힐스테이트6단지)",127.2515217,36.47572602,1
3978,L,부동산,L01,부동산중개,L01A01,부동산중개,L68221,부동산 자문 및 중개업,3611036000,연서면,"세종특별자치시 연서면 당산로 367, (봉암리)",127.2833344,36.56431276,1
3997,L,부동산,L01,부동산중개,L01A01,부동산중개,L68221,부동산 자문 및 중개업,3611035000,장군면,"세종특별자치시 장군면 월현윗길 3, (봉안리)",127.2226639,36.49922558,1
3999,L,부동산,L01,부동산중개,L01A01,부동산중개,L68221,부동산 자문 및 중개업,3611051500,새롬동,"세종특별자치시 한누리대로 283, (나성동)",127.25620049999999,36.48940879,1
4001,L,부동산,L01,부동산중개,L01A01,부동산중개,L68221,부동산 자문 및 중개업,3611035000,장군면,"세종특별자치시 장군면 장척로 565, (봉안리)",127.2205189,36.49940985,1
4033,L,부동산,L01,부동산중개,L01A01,부동산중개,L68221,부동산 자문 및 중개업,3611051000,한솔동,"세종특별자치시 노을3로 19, 201동  (한솔동, 첫마을퍼스트프라임2단지)",127.260071,36.48143901,1
4210,L,부동산,L01,부동산중개,L01A01,부동산중개,L68221,부동산 자문 및 중개업,3611025000,조치원읍,"세종특별자치시 조치원읍 돌마루길 21, (서창리)",127.2916804,36.60583626,1
4225,L,부동산,L01,부동산중개,L01A01,부동산중개,L68221,부동산 자문 및 중개업,3611032000,연동면,"세종특별자치시 연동면 태산로 60, (명학리)",127.3514531,36.52909564,1
4254,L,부동산,L01,부동산중개,L01A01,부동산중개,L68221,부동산 자문 및 중개업,3611036000,연서면,"세종특별자치시 연서면 세종로 2109, (월하리)",127.2914531,36.5756805,1
4290,L,부동산,L01,부동산중개,L01A01,부동산중개,L68221,부동산 자문 및 중개업,3611034000,금남면,"세종특별자치시 금남면 용포로 105, (용포리)",127.2816672,36.46795346,1
4409,L,부동산,L01,부동산중개,L01A01,부동산중개,L68221,부동산 자문 및 중개업,3611031000,연기면,"세종특별자치시 연기면 당산로 114, (연기리)",127.27660990000001,36.54384167,1
4416,L,부동산,L01,부동산중개,L01A01,부동산중개,L68221,부동산 자문 및 중개업,3611051500,새롬동,"세종특별자치시 한누리대로 165, (나성동)",127.2620271,36.47993707,1
4427,L,부동산,L01,부동산중개,L01A01,부동산중개,L68221,부동산 자문 및 중개업,3611051000,한솔동,"세종특별자치시 나리1로 16, 301동  (한솔동, 첫마을퍼스트프라임3단지)",127.2590393,36.47727798,1
4434,L,부동산,L01,부동산중개,L01A01,부동산중개,L68221,부동산 자문 및 중개업,3611025000,조치원읍,"세종특별자치시 조치원읍 충현로 191, (침산리)",127.29395320000002,36.60542618,1
4443,L,부동산,L01,부동산중개,L01A01,부동산중개,L68221,부동산 자문 및 중개업,3611055000,고운동,"세종특별자치시 마음안로 161, (고운동)",127.2337497,36.51606894,1
4444,L,부동산,L01,부동산중개,L01A01,부동산중개,L68221,부동산 자문 및 중개업,3611051500,새롬동,"세종특별자치시 한누리대로 193, (나성동)",127.2605003,36.48207253,1
4452,L,부동산,L01,부동산중개,L01A01,부동산중개,L68221,부동산 자문 및 중개업,3611034000,금남면,"세종특별자치시 금남면 용포로 30, (용포리)",127.2808033,36.4612161,1
4472,L,부동산,L01,부동산중개,L01A01,부동산중개,L68221,부동산 자문 및 중개업,3611025000,조치원읍,세종특별자치시 세종특별자치시 조치원읍 행복12길 5-11,127.29282169999999,36.60448222,1
4490,L,부동산,L01,부동산중개,L01A01,부동산중개,L68221,부동산 자문 및 중개업,3611051500,새롬동,"세종특별자치시 한누리대로 165, (나성동)",127.2620271,36.47993707,1
4497,L,부동산,L01,부동산중개,L01A01,부동산중개,L68221,부동산 자문 및 중개업,3611051500,새롬동,"세종특별자치시 한누리대로 165, (나성동)",127.2620271,36.47993707,1
4508,L,부동산,L01,부동산중개,L01A01,부동산중개,L68221,부동산 자문 및 중개업,3611051500,새롬동,"세종특별자치시 한누리대로 207, (나성동)",127.2596973,36.48318507,1
4511,L,부동산,L01,부동산중개,L01A01,부동산중개,L68221,부동산 자문 및 중개업,3611051500,새롬동,"세종특별자치시 한누리대로 169, (나성동)",127.26181229999999,36.48023315,1
4512,L,부동산,L01,부동산중개,L01A01,부동산중개,L68221,부동산 자문 및 중개업,3611051500,새롬동,"세종특별자치시 한누리대로 273, (나성동)",127.2580941,36.49331385,1
4522,L,부동산,L01,부동산중개,L01A01,부동산중개,L68221,부동산 자문 및 중개업,3611051500,새롬동,"세종특별자치시 한누리대로 207, (나성동)",127.2596973,36.48318507,1
4526,L,부동산,L01,부동산중개,L01A01,부동산중개,L68221,부동산 자문 및 중개업,3611025000,조치원읍,"세종특별자치시 조치원읍 새내12길 105, (평리)",127.30338090000001,36.6036432,1
4527,L,부동산,L01,부동산중개,L01A01,부동산중개,L68221,부동산 자문 및 중개업,3611051500,새롬동,"세종특별자치시 한누리대로 165, (나성동)",127.2620271,36.47993707,1
4534,L,부동산,L01,부동산중개,L01A01,부동산중개,L68221,부동산 자문 및 중개업,3611051500,새롬동,"세종특별자치시 한누리대로 193, (나성동)",127.2605003,36.48207253,1
4541,L,부동산,L01,부동산중개,L01A01,부동산중개,L68221,부동산 자문 및 중개업,3611051000,한솔동,"세종특별자치시 나리1로 15, (한솔동, 첫마을퍼스트프라임3단지)",127.2614199,36.47924839,1
4545,L,부동산,L01,부동산중개,L01A01,부동산중개,L68221,부동산 자문 및 중개업,3611025000,조치원읍,"세종특별자치시 조치원읍 도원1로 16, (신흥리, 신흥대우푸르지오)",127.28988600000001,36.59184787,1
4560,L,부동산,L01,부동산중개,L01A01,부동산중개,L68221,부동산 자문 및 중개업,3611034000,금남면,"세종특별자치시 금남면 용포로 93, (용포리)",127.28154209999998,36.46699741,1
4579,L,부동산,L01,부동산중개,L01A01,부동산중개,L68221,부동산 자문 및 중개업,3611051500,새롬동,"세종특별자치시 한누리대로 207, (나성동)",127.2596973,36.48318507,1
4583,L,부동산,L01,부동산중개,L01A01,부동산중개,L68221,부동산 자문 및 중개업,3611051000,한솔동,"세종특별자치시 노을3로 14, (한솔동, 첫마을퍼스트프라임1단지)",127.25716090000002,36.48234018,1
4606,L,부동산,L01,부동산중개,L01A01,부동산중개,L68221,부동산 자문 및 중개업,3611054000,종촌동,"세종특별자치시 도움1로 105, (종촌동, 가재마을현대엠코타운5단지)",127.2453131,36.50147084,1
4616,L,부동산,L01,부동산중개,L01A01,부동산중개,L68221,부동산 자문 및 중개업,3611035000,장군면,"세종특별자치시 장군면 장척로 517, (봉안리)",127.21625800000001,36.50020205,1
4624,L,부동산,L01,부동산중개,L01A01,부동산중개,L68221,부동산 자문 및 중개업,3611031000,연기면,"세종특별자치시 연기면 세종로 1785, (연기리)",127.27568070000001,36.5500544,1
4629,L,부동산,L01,부동산중개,L01A01,부동산중개,L68221,부동산 자문 및 중개업,3611033000,부강면,"세종특별자치시 부강면 부강5길 2, (부강리)",127.36738590000002,36.52800962,1
4633,L,부동산,L01,부동산중개,L01A01,부동산중개,L68221,부동산 자문 및 중개업,3611035000,장군면,"세종특별자치시 장군면 풍덕골길 3, (도계리)",127.2103895,36.49440458,1
4634,L,부동산,L01,부동산중개,L01A01,부동산중개,L68221,부동산 자문 및 중개업,3611034000,금남면,"세종특별자치시 금남면 용포로 29, (용포리)",127.28035590000002,36.46133958,1
4636,L,부동산,L01,부동산중개,L01A01,부동산중개,L68221,부동산 자문 및 중개업,3611025000,조치원읍,"세종특별자치시 조치원읍 충현로 159, (침산리, 욱일2차)",127.29417720000001,36.60292216,1
4643,L,부동산,L01,부동산중개,L01A01,부동산중개,L68221,부동산 자문 및 중개업,3611031000,연기면,"세종특별자치시 연기면 당산로 130, (연기리)",127.2775932,36.54499217,1
4677,L,부동산,L01,부동산중개,L01A01,부동산중개,L68221,부동산 자문 및 중개업,3611035000,장군면,"세종특별자치시 장군면 장척로 382, (도계리)",127.20385800000001,36.49567695,1
4678,L,부동산,L01,부동산중개,L01A01,부동산중개,L68221,부동산 자문 및 중개업,3611036000,연서면,"세종특별자치시 연서면 세종로 2142, (월하리)",127.29289299999999,36.57829354,1
4687,L,부동산,L01,부동산중개,L01A01,부동산중개,L68221,부동산 자문 및 중개업,3611033000,부강면,"세종특별자치시 부강면 부강로 57, (부강리)",127.3649288,36.53079035,1
4692,L,부동산,L01,부동산중개,L01A01,부동산중개,L68221,부동산 자문 및 중개업,3611033000,부강면,"세종특별자치시 부강면 부강1길 1, (부강리)",127.3651608,36.531098,1
4701,L,부동산,L01,부동산중개,L01A01,부동산중개,L68221,부동산 자문 및 중개업,3611037000,전의면,"세종특별자치시 전의면 운주산로 1235, (읍내리)",127.199762,36.67966614,1
4703,L,부동산,L01,부동산중개,L01A01,부동산중개,L68221,부동산 자문 및 중개업,3611035000,장군면,"세종특별자치시 장군면 장척로 404, (도계리)",127.20549609999999,36.49703970000001,1
4717,L,부동산,L01,부동산중개,L01A01,부동산중개,L68221,부동산 자문 및 중개업,3611035000,장군면,"세종특별자치시 장군면 장척로 405, (도계리)",127.2054152,36.49730952,1
4721,L,부동산,L01,부동산중개,L01A01,부동산중개,L68221,부동산 자문 및 중개업,3611035000,장군면,"세종특별자치시 장군면 장척로 417, (도계리)",127.2064461,36.49801032,1
4732,L,부동산,L01,부동산중개,L01A01,부동산중개,L68221,부동산 자문 및 중개업,3611034000,금남면,"세종특별자치시 금남면 용포로 88-1, (용포리)",127.28169140000001,36.46653869,1
4733,L,부동산,L01,부동산중개,L01A01,부동산중개,L68221,부동산 자문 및 중개업,3611034000,금남면,"세종특별자치시 금남면 금남구즉로 477, (황용리)",127.32845900000001,36.48016718,1
4738,L,부동산,L01,부동산중개,L01A01,부동산중개,L68221,부동산 자문 및 중개업,3611034000,금남면,"세종특별자치시 금남면 용포로 21, (용포리)",127.2803848,36.46062778,1
4765,L,부동산,L01,부동산중개,L01A01,부동산중개,L68221,부동산 자문 및 중개업,3611035000,장군면,"세종특별자치시 장군면 의당전의로 663, (송학리)",127.1921186,36.53514327,1
4768,L,부동산,L01,부동산중개,L01A01,부동산중개,L68221,부동산 자문 및 중개업,3611032000,연동면,"세종특별자치시 연동면 청연로 254, (응암리)",127.34783359999999,36.53592517,1
4769,L,부동산,L01,부동산중개,L01A01,부동산중개,L68221,부동산 자문 및 중개업,3611035000,장군면,"세종특별자치시 장군면 장척로 419, (도계리)",127.20667859999999,36.49820112,1
4772,L,부동산,L01,부동산중개,L01A01,부동산중개,L68221,부동산 자문 및 중개업,3611033000,부강면,"세종특별자치시 부강면 청연로 101, (부강리)",127.3638695,36.531965299999996,1
4775,L,부동산,L01,부동산중개,L01A01,부동산중개,L68221,부동산 자문 및 중개업,3611031000,연기면,"세종특별자치시 연기면 당산로 123, (연기리)",127.27708100000001,36.54482685,1
4776,L,부동산,L01,부동산중개,L01A01,부동산중개,L68221,부동산 자문 및 중개업,3611031000,연기면,"세종특별자치시 연기면 세종로 1785, (연기리)",127.27568070000001,36.5500544,1
4784,L,부동산,L01,부동산중개,L01A01,부동산중개,L68221,부동산 자문 및 중개업,3611031000,연기면,"세종특별자치시 연기면 당산로 130, (연기리)",127.2775932,36.54499217,1
4787,L,부동산,L01,부동산중개,L01A01,부동산중개,L68221,부동산 자문 및 중개업,3611035000,장군면,"세종특별자치시 장군면 장척로 411-1, (도계리)",127.20609109999998,36.49780068,1
4799,L,부동산,L01,부동산중개,L01A01,부동산중개,L68221,부동산 자문 및 중개업,3611035000,장군면,"세종특별자치시 장군면 장척로 413, (도계리)",127.2061115,36.49799007,1
4802,L,부동산,L01,부동산중개,L01A01,부동산중개,L68221,부동산 자문 및 중개업,3611034000,금남면,"세종특별자치시 금남면 용포로 29, (용포리)",127.28035590000002,36.46133958,1
4809,L,부동산,L01,부동산중개,L01A01,부동산중개,L68221,부동산 자문 및 중개업,3611053000,아름동,"세종특별자치시 아름남1길 8, (아름동)",127.2490615,36.50864115,1
4814,L,부동산,L01,부동산중개,L01A01,부동산중개,L68221,부동산 자문 및 중개업,3611035000,장군면,"세종특별자치시 장군면 장척로 410, (도계리)",127.2060501,36.49743992,1
4819,L,부동산,L01,부동산중개,L01A01,부동산중개,L68221,부동산 자문 및 중개업,3611039000,소정면,"세종특별자치시 소정면 소정구길 272, (대곡리)",127.1618402,36.72643801,1
4820,L,부동산,L01,부동산중개,L01A01,부동산중개,L68221,부동산 자문 및 중개업,3611025000,조치원읍,"세종특별자치시 조치원읍 대첩로 25, (신흥리)",127.29334159999999,36.59527497,1
4822,L,부동산,L01,부동산중개,L01A01,부동산중개,L68221,부동산 자문 및 중개업,3611035000,장군면,"세종특별자치시 장군면 풍덕골길 3, (도계리)",127.2103895,36.49440458,1
4827,L,부동산,L01,부동산중개,L01A01,부동산중개,L68221,부동산 자문 및 중개업,3611031000,연기면,"세종특별자치시 연기면 당산로 130, (연기리)",127.2775932,36.54499217,1
4831,L,부동산,L01,부동산중개,L01A01,부동산중개,L68221,부동산 자문 및 중개업,3611051500,새롬동,"세종특별자치시 한누리대로 306, (나성동, 블루지움)",127.2568935,36.49163912,1
4844,L,부동산,L01,부동산중개,L01A01,부동산중개,L68221,부동산 자문 및 중개업,3611035000,장군면,"세종특별자치시 장군면 의당전의로 647-4, (송학리)",127.19171909999999,36.5338248,1
4855,L,부동산,L01,부동산중개,L01A01,부동산중개,L68221,부동산 자문 및 중개업,3611035000,장군면,"세종특별자치시 장군면 대교길 5, (대교리)",127.21067759999998,36.50121067,1
4859,L,부동산,L01,부동산중개,L01A01,부동산중개,L68221,부동산 자문 및 중개업,3611034000,금남면,"세종특별자치시 금남면 용포로 94-1, (용포리)",127.28180959999999,36.46703507,1
4869,L,부동산,L01,부동산중개,L01A01,부동산중개,L68221,부동산 자문 및 중개업,3611036000,연서면,"세종특별자치시 연서면 세종로 2132, (월하리)",127.29268789999999,36.57749926,1
4873,L,부동산,L01,부동산중개,L01A01,부동산중개,L68221,부동산 자문 및 중개업,3611035000,장군면,"세종특별자치시 장군면 장척로 401, (도계리)",127.2052047,36.49715491,1
4878,L,부동산,L01,부동산중개,L01A01,부동산중개,L68221,부동산 자문 및 중개업,3611051000,한솔동,"세종특별자치시 노을3로 25, (한솔동)",127.25932900000001,36.48084862,1
4880,L,부동산,L01,부동산중개,L01A01,부동산중개,L68221,부동산 자문 및 중개업,3611031000,연기면,"세종특별자치시 연기면 당산로 147, (연기리)",127.2786176,36.54653945,1
4886,L,부동산,L01,부동산중개,L01A01,부동산중개,L68221,부동산 자문 및 중개업,3611035000,장군면,"세종특별자치시 장군면 대교길 14, (대교리)",127.21162360000001,36.50148729,1
4889,L,부동산,L01,부동산중개,L01A01,부동산중개,L68221,부동산 자문 및 중개업,3611033000,부강면,"세종특별자치시 부강면 청연로 135, (부강리)",127.3606357,36.53274109,1
4892,L,부동산,L01,부동산중개,L01A01,부동산중개,L68221,부동산 자문 및 중개업,3611025000,조치원읍,"세종특별자치시 조치원읍 새내로 84, (정리)",127.29860190000001,36.59938851,1
4913,L,부동산,L01,부동산중개,L01A01,부동산중개,L68221,부동산 자문 및 중개업,3611031000,연기면,"세종특별자치시 연기면 당산로 132, (연기리)",127.2777929,36.54513757,1
4919,L,부동산,L01,부동산중개,L01A01,부동산중개,L68221,부동산 자문 및 중개업,3611039000,소정면,"세종특별자치시 소정면 소정구길 168, (소정리)",127.1567624,36.71883224,1
4948,L,부동산,L01,부동산중개,L01A01,부동산중개,L68221,부동산 자문 및 중개업,3611033000,부강면,"세종특별자치시 부강면 부촌길 37, (부강리)",127.3668485,36.52954786,1
4954,L,부동산,L01,부동산중개,L01A01,부동산중개,L68221,부동산 자문 및 중개업,3611035000,장군면,"세종특별자치시 장군면 풍덕골길 3, (도계리)",127.2103895,36.49440458,1
4957,L,부동산,L01,부동산중개,L01A01,부동산중개,L68221,부동산 자문 및 중개업,3611035000,장군면,"세종특별자치시 장군면 장척로 406, (도계리)",127.2057291,36.49717643,1
5062,L,부동산,L01,부동산중개,L01A01,부동산중개,L68221,부동산 자문 및 중개업,3611051000,한솔동,세종특별자치시 세종특별자치시 용포로 160,127.2778788,36.4721934,1
5132,L,부동산,L01,부동산중개,L01A01,부동산중개,L68221,부동산 자문 및 중개업,3611037000,전의면,"세종특별자치시 전의면 운주산로 1260-1, (읍내리)",127.1971357,36.68045953,1
5138,L,부동산,L01,부동산중개,L01A01,부동산중개,L68221,부동산 자문 및 중개업,3611035000,장군면,"세종특별자치시 장군면 의당전의로 681, (송학리)",127.19167900000001,36.53660926,1
5147,L,부동산,L01,부동산중개,L01A01,부동산중개,L68221,부동산 자문 및 중개업,3611025000,조치원읍,"세종특별자치시 조치원읍 문화길 39, (침산리)",127.28931509999998,36.6029203,1
5162,L,부동산,L01,부동산중개,L01A01,부동산중개,L68221,부동산 자문 및 중개업,3611032000,연동면,"세종특별자치시 연동면 청연로 602-1, (내판리)",127.32517150000001,36.55806816,1
5172,L,부동산,L01,부동산중개,L01A01,부동산중개,L68221,부동산 자문 및 중개업,3611037000,전의면,"세종특별자치시 전의면 운주산로 1256, (읍내리)",127.1975162,36.68045308,1
5177,L,부동산,L01,부동산중개,L01A01,부동산중개,L68221,부동산 자문 및 중개업,3611051500,새롬동,"세종특별자치시 한누리대로 211, (나성동)",127.25948249999999,36.48348114,1
5181,L,부동산,L01,부동산중개,L01A01,부동산중개,L68221,부동산 자문 및 중개업,3611051000,한솔동,"세종특별자치시 나리1로 16, 301동  (한솔동, 첫마을퍼스트프라임3단지)",127.2590393,36.47727798,1
5191,L,부동산,L01,부동산중개,L01A01,부동산중개,L68221,부동산 자문 및 중개업,3611037000,전의면,"세종특별자치시 전의면 운주산로 1205, (읍내리)",127.20303159999999,36.67941771,1
5192,L,부동산,L01,부동산중개,L01A01,부동산중개,L68221,부동산 자문 및 중개업,3611025000,조치원읍,"세종특별자치시 조치원읍 큰말길 2, (신흥리)",127.2907466,36.59550288,1
5193,L,부동산,L01,부동산중개,L01A01,부동산중개,L68221,부동산 자문 및 중개업,3611036000,연서면,"세종특별자치시 연서면 당산로 304, (봉암리)",127.2794112,36.55971096,1
5207,L,부동산,L01,부동산중개,L01A01,부동산중개,L68221,부동산 자문 및 중개업,3611032000,연동면,"세종특별자치시 연동면 청연로 600, (내판리)",127.32545259999998,36.55785346,1
5209,L,부동산,L01,부동산중개,L01A01,부동산중개,L68221,부동산 자문 및 중개업,3611032000,연동면,"세종특별자치시 연동면 청연로 655, (송용리)",127.3226328,36.5622354,1
5219,L,부동산,L01,부동산중개,L01A01,부동산중개,L68221,부동산 자문 및 중개업,3611025000,조치원읍,"세종특별자치시 조치원읍 내창3길 8, (서창리)",127.2894122,36.60694927,1
5231,L,부동산,L01,부동산중개,L01A01,부동산중개,L68221,부동산 자문 및 중개업,3611035000,장군면,"세종특별자치시 장군면 장척로 557, (봉안리)",127.2197568,36.49971129,1
5252,L,부동산,L01,부동산중개,L01A01,부동산중개,L68221,부동산 자문 및 중개업,3611036000,연서면,"세종특별자치시 연서면 당산로 296, (봉암리)",127.27891240000001,36.55928438,1
5253,L,부동산,L01,부동산중개,L01A01,부동산중개,L68221,부동산 자문 및 중개업,3611032000,연동면,"세종특별자치시 연동면 청연로 600-1, (내판리)",127.32527350000001,36.55790651,1
5254,L,부동산,L01,부동산중개,L01A01,부동산중개,L68221,부동산 자문 및 중개업,3611033000,부강면,"세종특별자치시 부강면 청연로 1, (부강리)",127.3724442,36.52803634,1
5258,L,부동산,L01,부동산중개,L01A01,부동산중개,L68221,부동산 자문 및 중개업,3611032000,연동면,"세종특별자치시 연동면 청연로 655, (송용리)",127.3226328,36.5622354,1
5273,L,부동산,L01,부동산중개,L01A01,부동산중개,L68221,부동산 자문 및 중개업,3611034000,금남면,"세종특별자치시 금남면 금남구즉로 529, (대박리)",127.3338584,36.48039571,1
5281,L,부동산,L01,부동산중개,L01A01,부동산중개,L68221,부동산 자문 및 중개업,3611025000,조치원읍,"세종특별자치시 조치원읍 산막길 17, (죽림리, 죽림우방유쉘)",127.295727,36.59351371,1
5345,L,부동산,L01,부동산중개,L01A01,부동산중개,L68221,부동산 자문 및 중개업,3611051500,새롬동,"세종특별자치시 한누리대로 312, (나성동)",127.25662,36.49223222,1
5348,L,부동산,L01,부동산중개,L01A01,부동산중개,L68221,부동산 자문 및 중개업,3611052000,도담동,"세종특별자치시 보듬4로 20, (도담동, 도램마을호반어반시티10단지)",127.26119779999999,36.51086182,1
5371,L,부동산,L01,부동산중개,L01A01,부동산중개,L68221,부동산 자문 및 중개업,3611052000,도담동,"세종특별자치시 보듬4로 20, (도담동, 도램마을호반어반시티10단지)",127.26119779999999,36.51086182,1
5375,L,부동산,L01,부동산중개,L01A01,부동산중개,L68221,부동산 자문 및 중개업,3611051500,새롬동,"세종특별자치시 한누리대로 273, (나성동)",127.25648799999999,36.48851837,1
5381,L,부동산,L01,부동산중개,L01A01,부동산중개,L68221,부동산 자문 및 중개업,3611025000,조치원읍,"세종특별자치시 조치원읍 새내8길 30, (정리)",127.30012269999999,36.59930733,1
5392,L,부동산,L01,부동산중개,L01A01,부동산중개,L68221,부동산 자문 및 중개업,3611054000,종촌동,"세종특별자치시 도움3로 160, (종촌동, 가재마을센트레빌4단지)",127.24395849999999,36.50186781,1
5434,L,부동산,L01,부동산중개,L01A01,부동산중개,L68221,부동산 자문 및 중개업,3611051000,한솔동,"세종특별자치시 노을1로 16, 202동  (한솔동, 첫마을퍼스트프라임2단지)",127.26062350000001,36.48084763,1
5444,L,부동산,L01,부동산중개,L01A01,부동산중개,L68221,부동산 자문 및 중개업,3611051500,새롬동,"세종특별자치시 한누리대로 227, (나성동)",127.25901189999999,36.48484807,1
5460,L,부동산,L01,부동산중개,L01A01,부동산중개,L68221,부동산 자문 및 중개업,3611055000,고운동,"세종특별자치시 마음안로 161, (고운동)",127.2337497,36.51606894,1
5468,L,부동산,L01,부동산중개,L01A01,부동산중개,L68221,부동산 자문 및 중개업,3611052000,도담동,"세종특별자치시 다솜1로 184, (도담동, 도램마을웅진스타클래스3단지)",127.2560722,36.51448891,1
5474,L,부동산,L01,부동산중개,L01A01,부동산중개,L68221,부동산 자문 및 중개업,3611052000,도담동,"세종특별자치시 다솜1로 184, (도담동, 도램마을웅진스타클래스3단지)",127.2560722,36.51448891,1
5475,L,부동산,L01,부동산중개,L01A01,부동산중개,L68221,부동산 자문 및 중개업,3611034000,금남면,"세종특별자치시 금남면 도암영곡길 17-4, (도암리)",127.28347179999999,36.44645201,1
5499,L,부동산,L01,부동산중개,L01A01,부동산중개,L68221,부동산 자문 및 중개업,3611051000,한솔동,"세종특별자치시 노을3로 19, 201동  (한솔동, 첫마을퍼스트프라임2단지)",127.2600121,36.4817721,1
5505,L,부동산,L01,부동산중개,L01A01,부동산중개,L68221,부동산 자문 및 중개업,3611025000,조치원읍,"세종특별자치시 조치원읍 새내12길 105, (평리)",127.30338090000001,36.6036432,1
5511,L,부동산,L01,부동산중개,L01A01,부동산중개,L68221,부동산 자문 및 중개업,3611051000,한솔동,"세종특별자치시 노을1로 16, 202동  (한솔동, 첫마을퍼스트프라임2단지)",127.26062350000001,36.48084763,1
5522,L,부동산,L01,부동산중개,L01A01,부동산중개,L68221,부동산 자문 및 중개업,3611051500,새롬동,"세종특별자치시 한누리대로 211, (나성동)",127.25948249999999,36.48348114,1
5557,L,부동산,L01,부동산중개,L01A01,부동산중개,L68221,부동산 자문 및 중개업,3611051000,한솔동,세종특별자치시 세종특별자치시 한누리대로 2059,127.2971939,36.48089738,1
5570,L,부동산,L01,부동산중개,L01A01,부동산중개,L68221,부동산 자문 및 중개업,3611051500,새롬동,"세종특별자치시 한누리대로 312, (나성동)",127.25662,36.49223222,1
5573,L,부동산,L01,부동산중개,L01A01,부동산중개,L68221,부동산 자문 및 중개업,3611051500,새롬동,"세종특별자치시 한누리대로 223, (나성동)",127.2588488,36.48439645,1
5641,L,부동산,L01,부동산중개,L01A01,부동산중개,L68221,부동산 자문 및 중개업,3611055000,고운동,"세종특별자치시 마음안로 221, (고운동, 가락마을에듀포레21단지)",127.2398446,36.51846011,1
5655,L,부동산,L01,부동산중개,L01A01,부동산중개,L68221,부동산 자문 및 중개업,3611051500,새롬동,"세종특별자치시 한누리대로 273, (나성동)",127.25648799999999,36.48851837,1
5664,L,부동산,L01,부동산중개,L01A01,부동산중개,L68221,부동산 자문 및 중개업,3611052000,도담동,"세종특별자치시 갈매로 364, (어진동)",127.26392859999999,36.49599957,1
5672,L,부동산,L01,부동산중개,L01A01,부동산중개,L68221,부동산 자문 및 중개업,3611051500,새롬동,"세종특별자치시 한누리대로 245, (나성동)",127.25768329999998,36.48606548,1
5684,L,부동산,L01,부동산중개,L01A01,부동산중개,L68221,부동산 자문 및 중개업,3611055000,고운동,"세종특별자치시 고운서길 7, (고운동)",127.23474879999999,36.50530582,1
5694,L,부동산,L01,부동산중개,L01A01,부동산중개,L68221,부동산 자문 및 중개업,3611052000,도담동,"세종특별자치시 보듬3로 8-20, (도담동)",127.2586084,36.51429742,1
5695,L,부동산,L01,부동산중개,L01A01,부동산중개,L68221,부동산 자문 및 중개업,3611053000,아름동,"세종특별자치시 달빛1로 201, (아름동, 범지기마을중흥에듀하이3단지)",127.24383999999999,36.51863871,1
5705,L,부동산,L01,부동산중개,L01A01,부동산중개,L68221,부동산 자문 및 중개업,3611055000,고운동,"세종특별자치시 마음안로 73, (고운동)",127.23438290000001,36.50845773,1
5706,L,부동산,L01,부동산중개,L01A01,부동산중개,L68221,부동산 자문 및 중개업,3611039000,소정면,"세종특별자치시 소정면 소정구길 180, (소정리)",127.15717520000001,36.71997966,1
5719,L,부동산,L01,부동산중개,L01A01,부동산중개,L68221,부동산 자문 및 중개업,3611051500,새롬동,"세종특별자치시 한누리대로 219, (나성동)",127.2592335,36.48384008,1
5786,L,부동산,L01,부동산중개,L01A01,부동산중개,L68221,부동산 자문 및 중개업,3611034000,금남면,"세종특별자치시 금남면 용포로 21, (용포리)",127.2803848,36.46062778,1
5787,L,부동산,L01,부동산중개,L01A01,부동산중개,L68221,부동산 자문 및 중개업,3611025000,조치원읍,"세종특별자치시 조치원읍 도원1로 16, (신흥리, 신흥대우푸르지오)",127.28988600000001,36.59184787,1
5856,L,부동산,L01,부동산중개,L01A01,부동산중개,L68221,부동산 자문 및 중개업,3611034000,금남면,"세종특별자치시 금남면 용포로 42-2, (용포리)",127.2806913,36.46246813,1
5866,L,부동산,L01,부동산중개,L01A01,부동산중개,L68221,부동산 자문 및 중개업,3611034000,금남면,세종특별자치시 세종특별자치시 금남면 구룡달전로 817,127.33041019999999,36.47906963,1
5870,L,부동산,L01,부동산중개,L01A01,부동산중개,L68221,부동산 자문 및 중개업,3611051500,새롬동,"세종특별자치시 한누리대로 211, (나성동)",127.25948249999999,36.48348114,1
6058,L,부동산,L01,부동산중개,L01A01,부동산중개,L68221,부동산 자문 및 중개업,3611035000,장군면,"세종특별자치시 장군면 장척로 563, (봉안리)",127.2203507,36.49948085,1
6061,L,부동산,L01,부동산중개,L01A01,부동산중개,L68221,부동산 자문 및 중개업,3611053000,아름동,"세종특별자치시 달빛1로 158, (아름동, 범지기마을호반에코시티7단지)",127.24642779999999,36.51314865,1
6062,L,부동산,L01,부동산중개,L01A01,부동산중개,L68221,부동산 자문 및 중개업,3611025000,조치원읍,"세종특별자치시 조치원읍 충현로 159, (침산리, 욱일2차)",127.2923538,36.60309158,1
6069,L,부동산,L01,부동산중개,L01A01,부동산중개,L68221,부동산 자문 및 중개업,3611035000,장군면,"세종특별자치시 장군면 산학리길 16-2, (은용리)",127.21493229999999,36.49329902,1
6083,L,부동산,L01,부동산중개,L01A01,부동산중개,L68221,부동산 자문 및 중개업,3611055000,고운동,"세종특별자치시 만남로 92, (고운동, 가락마을LH고운뜰8단지)",127.24062849999999,36.50564979999999,1
6121,L,부동산,L01,부동산중개,L01A01,부동산중개,L68221,부동산 자문 및 중개업,3611035000,장군면,"세종특별자치시 장군면 장척로 565, (봉안리)",127.2205189,36.49940985,1
6138,L,부동산,L01,부동산중개,L01A01,부동산중개,L68221,부동산 자문 및 중개업,3611034000,금남면,"세종특별자치시 금남면 용포로 105, (용포리)",127.2816672,36.46795346,1
6154,L,부동산,L01,부동산중개,L01A01,부동산중개,L68221,부동산 자문 및 중개업,3611051500,새롬동,"세종특별자치시 한누리대로 288, (나성동, 세종갤러리밸류시티)",127.2570773,36.48991893,1
6473,L,부동산,L01,부동산중개,L01A01,부동산중개,L68221,부동산 자문 및 중개업,3611051500,새롬동,"세종특별자치시 새롬중앙로 47, (새롬동)",127.2507852,36.48500399,1
6534,L,부동산,L01,부동산중개,L01A01,부동산중개,L68221,부동산 자문 및 중개업,3611052000,도담동,"세종특별자치시 보람로 15, (도담동, 도램마을제일풍경채9단지)",127.2634551,36.51063245,1
6543,L,부동산,L01,부동산중개,L01A01,부동산중개,L68221,부동산 자문 및 중개업,3611052000,도담동,"세종특별자치시 보듬2로 43, (도담동, 도램마을현대힐스테이트15단지)",127.2636801,36.51280578,1
6582,L,부동산,L01,부동산중개,L01A01,부동산중개,L68221,부동산 자문 및 중개업,3611051000,한솔동,"세종특별자치시 나리1로 16, 301동  (한솔동, 첫마을퍼스트프라임3단지)",127.2614199,36.47924839,1
6632,L,부동산,L01,부동산중개,L01A01,부동산중개,L68221,부동산 자문 및 중개업,3611051500,새롬동,"세종특별자치시 새롬중앙로 90, (새롬동, 새뜸마을더샵힐스테이트10단지)",127.25070649999999,36.48853628,1
6665,L,부동산,L01,부동산중개,L01A01,부동산중개,L68221,부동산 자문 및 중개업,3611052000,도담동,"세종특별자치시 다솜1로 140, (도담동, 도램마을웅진스타클래스1단지)",127.2563693,36.51144465,1
6701,L,부동산,L01,부동산중개,L01A01,부동산중개,L68221,부동산 자문 및 중개업,3611055000,고운동,"세종특별자치시 마음안1로 155, (고운동)",127.23478100000001,36.51904957,1
6789,L,부동산,L01,부동산중개,L01A01,부동산중개,L68221,부동산 자문 및 중개업,3611032000,연동면,"세종특별자치시 연동면 청연로 244, (응암리)",127.3488862,36.53558846,1
6795,L,부동산,L01,부동산중개,L01A01,부동산중개,L68221,부동산 자문 및 중개업,3611038000,전동면,"세종특별자치시 전동면 운주산로 361, (노장리)",127.2660301,36.65387725,1
6823,L,부동산,L01,부동산중개,L01A01,부동산중개,L68221,부동산 자문 및 중개업,3611035000,장군면,"세종특별자치시 장군면 장척로 569, (봉안리)",127.2210331,36.4993321,1
6847,L,부동산,L01,부동산중개,L01A01,부동산중개,L68221,부동산 자문 및 중개업,3611054000,종촌동,"세종특별자치시 달빛로 77, (종촌동, 가재마을중흥S클래스7단지)",127.24843259999999,36.50555502,1
6866,L,부동산,L01,부동산중개,L01A01,부동산중개,L68221,부동산 자문 및 중개업,3611034000,금남면,"세종특별자치시 금남면 용포로 91, (용포리)",127.2814882,36.46679882,1
6874,L,부동산,L01,부동산중개,L01A01,부동산중개,L68221,부동산 자문 및 중개업,3611052000,도담동,"세종특별자치시 다솜1로 200, (도담동, 도램마을이지더원4단지)",127.25659509999998,36.51585301,1
6890,L,부동산,L01,부동산중개,L01A01,부동산중개,L68221,부동산 자문 및 중개업,3611056000,보람동,"세종특별자치시 남세종로 469, (보람동, 호려울마을4단지)",127.2888389,36.47560276,1
6916,L,부동산,L01,부동산중개,L01A01,부동산중개,L68221,부동산 자문 및 중개업,3611051500,새롬동,"세종특별자치시 한누리대로 284, (나성동)",127.2572148,36.48955029,1
7021,L,부동산,L01,부동산중개,L01A01,부동산중개,L68221,부동산 자문 및 중개업,3611051500,새롬동,"세종특별자치시 한누리대로 245, (나성동)",127.25768329999998,36.48606548,1
7034,L,부동산,L01,부동산중개,L01A01,부동산중개,L68221,부동산 자문 및 중개업,3611052000,도담동,"세종특별자치시 보람로 95, (도담동, 도램마을중흥그린카운티13단지)",127.2614137,36.51633355,1
7038,L,부동산,L01,부동산중개,L01A01,부동산중개,L68221,부동산 자문 및 중개업,3611034000,금남면,"세종특별자치시 금남면 용포로 21, (용포리)",127.2803848,36.46062778,1
7039,L,부동산,L01,부동산중개,L01A01,부동산중개,L68221,부동산 자문 및 중개업,3611054000,종촌동,"세종특별자치시 달빛로 80, (종촌동, 가재마을중흥S클래스12단지)",127.25308329999999,36.50486326,1
7057,L,부동산,L01,부동산중개,L01A01,부동산중개,L68221,부동산 자문 및 중개업,3611051500,새롬동,"세종특별자치시 한누리대로 237, (나성동)",127.2580341,36.48556298,1
7058,L,부동산,L01,부동산중개,L01A01,부동산중개,L68221,부동산 자문 및 중개업,3611051500,새롬동,"세종특별자치시 새롬중앙로 67, (새롬동)",127.25023130000001,36.48688406,1
7090,L,부동산,L01,부동산중개,L01A01,부동산중개,L68221,부동산 자문 및 중개업,3611051500,새롬동,"세종특별자치시 새롬북로 14, (새롬동, 새뜸마을캐슬앤파밀리에3단지)",127.24728870000001,36.48649603,1
7129,L,부동산,L01,부동산중개,L01A01,부동산중개,L68221,부동산 자문 및 중개업,3611025000,조치원읍,"세종특별자치시 조치원읍 허만석로 67, (번암리)",127.29730179999999,36.58746689,1
7133,L,부동산,L01,부동산중개,L01A01,부동산중개,L68221,부동산 자문 및 중개업,3611051500,새롬동,"세종특별자치시 한누리대로 219, (나성동)",127.2590182,36.48418121,1
7136,L,부동산,L01,부동산중개,L01A01,부동산중개,L68221,부동산 자문 및 중개업,3611052000,도담동,"세종특별자치시 갈매로 351, (어진동)",127.26218600000001,36.49496142,1
7139,L,부동산,L01,부동산중개,L01A01,부동산중개,L68221,부동산 자문 및 중개업,3611052000,도담동,"세종특별자치시 보듬3로 8-12, (도담동)",127.2587842,36.51342434,1
7141,L,부동산,L01,부동산중개,L01A01,부동산중개,L68221,부동산 자문 및 중개업,3611055000,고운동,"세종특별자치시 마음로 181, (고운동, 가락마을이지더원10단지)",127.228068,36.51481567,1
7143,L,부동산,L01,부동산중개,L01A01,부동산중개,L68221,부동산 자문 및 중개업,3611052000,도담동,"세종특별자치시 보듬3로 6, (도담동)",127.258946,36.51284856,1
7157,L,부동산,L01,부동산중개,L01A01,부동산중개,L68221,부동산 자문 및 중개업,3611052000,도담동,"세종특별자치시 보람로 95, (도담동, 도램마을중흥그린카운티13단지)",127.2617592,36.51757937,1
7162,L,부동산,L01,부동산중개,L01A01,부동산중개,L68221,부동산 자문 및 중개업,3611053000,아름동,"세종특별자치시 보듬3로 74, (아름동, 범지기마을중흥에스클래스12단지)",127.2518973,36.51210162,1
7178,L,부동산,L01,부동산중개,L01A01,부동산중개,L68221,부동산 자문 및 중개업,3611025000,조치원읍,"세종특별자치시 조치원읍 세종로 2398, (침산리)",127.2903807,36.60128645,1
7187,L,부동산,L01,부동산중개,L01A01,부동산중개,L68221,부동산 자문 및 중개업,3611025000,조치원읍,"세종특별자치시 조치원읍 행복길 6, (침산리)",127.29034250000001,36.60301654,1
7191,L,부동산,L01,부동산중개,L01A01,부동산중개,L68221,부동산 자문 및 중개업,3611052000,도담동,"세종특별자치시 보듬4로 20, (도담동, 도램마을호반어반시티10단지)",127.26119779999999,36.51086182,1
7192,L,부동산,L01,부동산중개,L01A01,부동산중개,L68221,부동산 자문 및 중개업,3611052000,도담동,"세종특별자치시 보듬3로 6, (도담동)",127.258946,36.51284856,1
7194,L,부동산,L01,부동산중개,L01A01,부동산중개,L68221,부동산 자문 및 중개업,3611025000,조치원읍,"세종특별자치시 조치원읍 조치원로 57, (상리)",127.3028111,36.60237818,1
7196,L,부동산,L01,부동산중개,L01A01,부동산중개,L68221,부동산 자문 및 중개업,3611034000,금남면,"세종특별자치시 금남면 용포로 105, (용포리)",127.2816672,36.46795346,1
7197,L,부동산,L01,부동산중개,L01A01,부동산중개,L68221,부동산 자문 및 중개업,3611052000,도담동,"세종특별자치시 보듬2로 42, (도담동, 도램마을한림풀에버14단지)",127.26648829999999,36.51099361,1
7199,L,부동산,L01,부동산중개,L01A01,부동산중개,L68221,부동산 자문 및 중개업,3611025000,조치원읍,"세종특별자치시 조치원읍 조치원로 51, (상리)",127.30224309999998,36.60214955,1
7203,L,부동산,L01,부동산중개,L01A01,부동산중개,L68221,부동산 자문 및 중개업,3611034000,금남면,"세종특별자치시 금남면 대평시장2길 3, (용포리)",127.2818334,36.46565634,1
7205,L,부동산,L01,부동산중개,L01A01,부동산중개,L68221,부동산 자문 및 중개업,3611052000,도담동,"세종특별자치시 보듬4로 20, (도담동, 도램마을호반어반시티10단지)",127.26119779999999,36.51086182,1
7211,L,부동산,L01,부동산중개,L01A01,부동산중개,L68221,부동산 자문 및 중개업,3611025000,조치원읍,"세종특별자치시 조치원읍 죽림로 29, (죽림리)",127.29481270000001,36.59204835,1
7212,L,부동산,L01,부동산중개,L01A01,부동산중개,L68221,부동산 자문 및 중개업,3611052000,도담동,"세종특별자치시 다솜1로 140, (도담동, 도램마을웅진스타클래스1단지)",127.2563693,36.51144465,1
7215,L,부동산,L01,부동산중개,L01A01,부동산중개,L68221,부동산 자문 및 중개업,3611051000,한솔동,"세종특별자치시 나리1로 16, 301동  (한솔동, 첫마을퍼스트프라임3단지)",127.2614199,36.47924839,1
7218,L,부동산,L01,부동산중개,L01A01,부동산중개,L68221,부동산 자문 및 중개업,3611025000,조치원읍,"세종특별자치시 조치원읍 군청로 88, (죽림리)",127.29379099999998,36.592565,1
7220,L,부동산,L01,부동산중개,L01A01,부동산중개,L68221,부동산 자문 및 중개업,3611055000,고운동,"세종특별자치시 마음안로 48, (고운동, 가락마을이지더원4단지)",127.2372689,36.50672785,1
7226,L,부동산,L01,부동산중개,L01A01,부동산중개,L68221,부동산 자문 및 중개업,3611051000,한솔동,"세종특별자치시 노을3로 19, 201동  (한솔동, 첫마을퍼스트프라임2단지)",127.260071,36.48143901,1
7229,L,부동산,L01,부동산중개,L01A01,부동산중개,L68221,부동산 자문 및 중개업,3611051000,한솔동,"세종특별자치시 노을3로 19, 201동  (한솔동, 첫마을퍼스트프라임2단지)",127.260071,36.48143901,1
7236,L,부동산,L01,부동산중개,L01A01,부동산중개,L68221,부동산 자문 및 중개업,3611052000,도담동,"세종특별자치시 보듬3로 8-12, (도담동)",127.2587842,36.51342434,1
7238,L,부동산,L01,부동산중개,L01A01,부동산중개,L68221,부동산 자문 및 중개업,3611055000,고운동,"세종특별자치시 만남로 92, (고운동, 가락마을LH고운뜰8단지)",127.24062849999999,36.50564979999999,1
7242,L,부동산,L01,부동산중개,L01A01,부동산중개,L68221,부동산 자문 및 중개업,3611034000,금남면,"세종특별자치시 금남면 용포로 97, (용포리)",127.2815615,36.46731296,1
7247,L,부동산,L01,부동산중개,L01A01,부동산중개,L68221,부동산 자문 및 중개업,3611054000,종촌동,"세종특별자치시 달빛로 80, (종촌동, 가재마을중흥S클래스12단지)",127.25308329999999,36.50486326,1
7248,L,부동산,L01,부동산중개,L01A01,부동산중개,L68221,부동산 자문 및 중개업,3611055000,고운동,"세종특별자치시 마음안로 48, (고운동, 가락마을이지더원4단지)",127.2372689,36.50672785,1
7250,L,부동산,L01,부동산중개,L01A01,부동산중개,L68221,부동산 자문 및 중개업,3611034000,금남면,"세종특별자치시 금남면 용포로 30, (용포리)",127.2808033,36.4612161,1
7254,L,부동산,L01,부동산중개,L01A01,부동산중개,L68221,부동산 자문 및 중개업,3611052000,도담동,"세종특별자치시 한누리대로 496, (어진동, 세종리슈빌에스)",127.2622669,36.50760603,1
7259,L,부동산,L01,부동산중개,L01A01,부동산중개,L68221,부동산 자문 및 중개업,3611051500,새롬동,"세종특별자치시 한누리대로 211, (나성동)",127.25947099999999,36.4835081,1
7260,L,부동산,L01,부동산중개,L01A01,부동산중개,L68221,부동산 자문 및 중개업,3611051500,새롬동,"세종특별자치시 한누리대로 207, (나성동)",127.2596973,36.48318507,1
7262,L,부동산,L01,부동산중개,L01A01,부동산중개,L68221,부동산 자문 및 중개업,3611052000,도담동,"세종특별자치시 보듬2로 42, (도담동, 도램마을한림풀에버14단지)",127.26648829999999,36.51099361,1
7268,L,부동산,L01,부동산중개,L01A01,부동산중개,L68221,부동산 자문 및 중개업,3611051000,한솔동,"세종특별자치시 나리1로 16, 301동  (한솔동, 첫마을퍼스트프라임3단지)",127.2614199,36.47924839,1
7273,L,부동산,L01,부동산중개,L01A01,부동산중개,L68221,부동산 자문 및 중개업,3611052000,도담동,"세종특별자치시 보듬2로 42, (도담동, 도램마을한림풀에버14단지)",127.26648829999999,36.51099361,1
7274,L,부동산,L01,부동산중개,L01A01,부동산중개,L68221,부동산 자문 및 중개업,3611051000,한솔동,"세종특별자치시 노을3로 14, (한솔동, 첫마을퍼스트프라임1단지)",127.2584144,36.48313204,1
7275,L,부동산,L01,부동산중개,L01A01,부동산중개,L68221,부동산 자문 및 중개업,3611055000,고운동,"세종특별자치시 마음안로 48, (고운동, 가락마을이지더원4단지)",127.2372689,36.50672785,1
7295,L,부동산,L01,부동산중개,L01A01,부동산중개,L68221,부동산 자문 및 중개업,3611051500,새롬동,"세종특별자치시 한누리대로 245, (나성동)",127.25768329999998,36.48606548,1
7300,L,부동산,L01,부동산중개,L01A01,부동산중개,L68221,부동산 자문 및 중개업,3611034000,금남면,"세종특별자치시 금남면 용포로 48, (용포리)",127.28067630000001,36.46289162,1
7301,L,부동산,L01,부동산중개,L01A01,부동산중개,L68221,부동산 자문 및 중개업,3611054000,종촌동,"세종특별자치시 달빛1로 39, (종촌동, 가재마을호반베르디움2단지)",127.24456950000001,36.50216908,1
7305,L,부동산,L01,부동산중개,L01A01,부동산중개,L68221,부동산 자문 및 중개업,3611033000,부강면,"세종특별자치시 부강면 부촌길 16, (부강리)",127.3683815,36.52778959,1
7307,L,부동산,L01,부동산중개,L01A01,부동산중개,L68221,부동산 자문 및 중개업,3611032000,연동면,"세종특별자치시 연동면 청연로 244, (응암리)",127.3488862,36.53558846,1
7308,L,부동산,L01,부동산중개,L01A01,부동산중개,L68221,부동산 자문 및 중개업,3611051500,새롬동,"세종특별자치시 한누리대로 312, (나성동)",127.2568221,36.49210731,1
7325,L,부동산,L01,부동산중개,L01A01,부동산중개,L68221,부동산 자문 및 중개업,3611055000,고운동,"세종특별자치시 마음로 151, (고운동, 가락마을신동아파밀리에9단지)",127.22861599999999,36.51022301,1
7330,L,부동산,L01,부동산중개,L01A01,부동산중개,L68221,부동산 자문 및 중개업,3611054000,종촌동,"세종특별자치시 도움3로 160, (종촌동, 가재마을센트레빌4단지)",127.2429483,36.50816993,1
7331,L,부동산,L01,부동산중개,L01A01,부동산중개,L68221,부동산 자문 및 중개업,3611051500,새롬동,"세종특별자치시 한누리대로 193, (나성동)",127.2605003,36.48207253,1
7333,L,부동산,L01,부동산중개,L01A01,부동산중개,L68221,부동산 자문 및 중개업,3611053000,아름동,"세종특별자치시 달빛로 109, (아름동, 범기지마을세종한양수자인에듀시티4단지)",127.2478376,36.50936343,1
7335,L,부동산,L01,부동산중개,L01A01,부동산중개,L68221,부동산 자문 및 중개업,3611053000,아름동,"세종특별자치시 보듬3로 74, (아름동, 범지기마을중흥에스클래스12단지)",127.25093909999998,36.51189734,1
7341,L,부동산,L01,부동산중개,L01A01,부동산중개,L68221,부동산 자문 및 중개업,3611054000,종촌동,"세종특별자치시 도움3로 160, (종촌동, 가재마을센트레빌4단지)",127.2429483,36.50816993,1
7346,L,부동산,L01,부동산중개,L01A01,부동산중개,L68221,부동산 자문 및 중개업,3611025000,조치원읍,"세종특별자치시 조치원읍 도원1로 16, (신흥리, 신흥대우푸르지오)",127.28867029999999,36.59157927,1
7353,L,부동산,L01,부동산중개,L01A01,부동산중개,L68221,부동산 자문 및 중개업,3611052000,도담동,"세종특별자치시 보듬4로 20, (도담동, 도램마을호반어반시티10단지)",127.26119779999999,36.51086182,1
7354,L,부동산,L01,부동산중개,L01A01,부동산중개,L68221,부동산 자문 및 중개업,3611051000,한솔동,"세종특별자치시 노을3로 19, 201동  (한솔동, 첫마을퍼스트프라임2단지)",127.260071,36.48143901,1
7355,L,부동산,L01,부동산중개,L01A01,부동산중개,L68221,부동산 자문 및 중개업,3611053000,아름동,"세종특별자치시 달빛로 165, (아름동, 범지기마을대우푸르지오8단지)",127.2483731,36.51287254,1
7357,L,부동산,L01,부동산중개,L01A01,부동산중개,L68221,부동산 자문 및 중개업,3611035000,장군면,"세종특별자치시 장군면 장척로 519, (봉안리)",127.21637079999999,36.50008563,1
7359,L,부동산,L01,부동산중개,L01A01,부동산중개,L68221,부동산 자문 및 중개업,3611025000,조치원읍,"세종특별자치시 조치원읍 문화길 7, (침산리)",127.2898212,36.60013859,1
7367,L,부동산,L01,부동산중개,L01A01,부동산중개,L68221,부동산 자문 및 중개업,3611056000,보람동,"세종특별자치시 한누리대로 2129, (보람동)",127.28976029999998,36.47857327,1
7379,L,부동산,L01,부동산중개,L01A01,부동산중개,L68221,부동산 자문 및 중개업,3611051500,새롬동,"세종특별자치시 한누리대로 211, (나성동)",127.25947099999999,36.4835081,1
7384,L,부동산,L01,부동산중개,L01A01,부동산중개,L68221,부동산 자문 및 중개업,3611053000,아름동,"세종특별자치시 보듬3로 92, (아름동)",127.24947649999999,36.51190617,1
7385,L,부동산,L01,부동산중개,L01A01,부동산중개,L68221,부동산 자문 및 중개업,3611035000,장군면,"세종특별자치시 장군면 장척로 434, (도계리)",127.20811189999999,36.49885051,1
7387,L,부동산,L01,부동산중개,L01A01,부동산중개,L68221,부동산 자문 및 중개업,3611025000,조치원읍,"세종특별자치시 조치원읍 도원로 16, (죽림리, 자이아파트)",127.2908988,36.59108787,1
7389,L,부동산,L01,부동산중개,L01A01,부동산중개,L68221,부동산 자문 및 중개업,3611051500,새롬동,"세종특별자치시 한누리대로 207, (나성동)",127.2596973,36.48318507,1
7390,L,부동산,L01,부동산중개,L01A01,부동산중개,L68221,부동산 자문 및 중개업,3611051500,새롬동,"세종특별자치시 한누리대로 211, (나성동)",127.25947099999999,36.4835081,1
7397,L,부동산,L01,부동산중개,L01A01,부동산중개,L68221,부동산 자문 및 중개업,3611052000,도담동,"세종특별자치시 보듬3로 6, (도담동)",127.258946,36.51284856,1
7407,L,부동산,L01,부동산중개,L01A01,부동산중개,L68221,부동산 자문 및 중개업,3611051500,새롬동,"세종특별자치시 한누리대로 211, (나성동)",127.25947099999999,36.4835081,1
7415,L,부동산,L01,부동산중개,L01A01,부동산중개,L68221,부동산 자문 및 중개업,3611055500,소담동,"세종특별자치시 시청대로 236, (소담동, 새샘마을모아미래도리버시티3단지)",127.2960514,36.48506332,1
7419,L,부동산,L01,부동산중개,L01A01,부동산중개,L68221,부동산 자문 및 중개업,3611025000,조치원읍,"세종특별자치시 조치원읍 새내로 148-1, (교리)",127.29764479999999,36.60510554,1
7424,L,부동산,L01,부동산중개,L01A01,부동산중개,L68221,부동산 자문 및 중개업,3611051000,한솔동,"세종특별자치시 누리로 59, (한솔동, 첫마을푸르지오5단지)",127.2490499,36.47515174,1
7426,L,부동산,L01,부동산중개,L01A01,부동산중개,L68221,부동산 자문 및 중개업,3611056000,보람동,"세종특별자치시 한누리대로 2129, (보람동)",127.28976029999998,36.47857327,1
7427,L,부동산,L01,부동산중개,L01A01,부동산중개,L68221,부동산 자문 및 중개업,3611052000,도담동,"세종특별자치시 갈매로 564, (도담동)",127.26681140000001,36.51343789,1
7432,L,부동산,L01,부동산중개,L01A01,부동산중개,L68221,부동산 자문 및 중개업,3611035000,장군면,"세종특별자치시 장군면 봉안산소골길 12-1, (봉안리)",127.22174070000001,36.50001263,1
7433,L,부동산,L01,부동산중개,L01A01,부동산중개,L68221,부동산 자문 및 중개업,3611055000,고운동,"세종특별자치시 마음안1로 167, (고운동, 가락마을골드클래스17단지)",127.23745520000001,36.51847189,1
7439,L,부동산,L01,부동산중개,L01A01,부동산중개,L68221,부동산 자문 및 중개업,3611025000,조치원읍,"세종특별자치시 조치원읍 신안새동네길 25-1, (신안리)",127.2909791,36.61406009,1
7443,L,부동산,L01,부동산중개,L01A01,부동산중개,L68221,부동산 자문 및 중개업,3611034000,금남면,세종특별자치시 세종특별자치시 금남면 금병로 943,127.3444814,36.49774906,1
7477,L,부동산,L01,부동산중개,L01A01,부동산중개,L68221,부동산 자문 및 중개업,3611055000,고운동,"세종특별자치시 마음안로 221, (고운동, 가락마을에듀포레21단지)",127.2398446,36.51846011,1
7478,L,부동산,L01,부동산중개,L01A01,부동산중개,L68221,부동산 자문 및 중개업,3611052000,도담동,"세종특별자치시 보듬3로 8-20, (도담동)",127.2586084,36.51429742,1
7481,L,부동산,L01,부동산중개,L01A01,부동산중개,L68221,부동산 자문 및 중개업,3611055000,고운동,"세종특별자치시 마음로 181, (고운동, 가락마을이지더원10단지)",127.228068,36.51481567,1
7483,L,부동산,L01,부동산중개,L01A01,부동산중개,L68221,부동산 자문 및 중개업,3611036000,연서면,"세종특별자치시 연서면 당산로 402-2, (봉암리)",127.28549109999999,36.56668688,1
7493,L,부동산,L01,부동산중개,L01A01,부동산중개,L68221,부동산 자문 및 중개업,3611054000,종촌동,"세종특별자치시 달빛로 80, (종촌동, 가재마을중흥S클래스12단지)",127.25308329999999,36.50486326,1
7512,L,부동산,L01,부동산중개,L01A01,부동산중개,L68221,부동산 자문 및 중개업,3611053000,아름동,"세종특별자치시 보듬3로 150, (아름동)",127.24300900000001,36.51225283,1
7518,L,부동산,L01,부동산중개,L01A01,부동산중개,L68221,부동산 자문 및 중개업,3611051000,한솔동,"세종특별자치시 노을3로 104, (한솔동)",127.2537315,36.48034511,1
7523,L,부동산,L01,부동산중개,L01A01,부동산중개,L68221,부동산 자문 및 중개업,3611051500,새롬동,"세종특별자치시 한누리대로 207, (나성동)",127.2596973,36.48318507,1
7546,L,부동산,L01,부동산중개,L01A01,부동산중개,L68221,부동산 자문 및 중개업,3611025000,조치원읍,"세종특별자치시 조치원읍 충현로 159, (침산리, 욱일2차)",127.2932428,36.60242997,1
7554,L,부동산,L01,부동산중개,L01A01,부동산중개,L68221,부동산 자문 및 중개업,3611051000,한솔동,"세종특별자치시 노을3로 19, 201동  (한솔동, 첫마을퍼스트프라임2단지)",127.260071,36.48143901,1
7565,L,부동산,L01,부동산중개,L01A01,부동산중개,L68221,부동산 자문 및 중개업,3611025000,조치원읍,"세종특별자치시 조치원읍 산막길 17, (죽림리, 죽림우방유쉘)",127.295727,36.59351371,1
7569,L,부동산,L01,부동산중개,L01A01,부동산중개,L68221,부동산 자문 및 중개업,3611051500,새롬동,"세종특별자치시 한누리대로 201, (나성동)",127.26004879999999,36.48260145,1
7598,L,부동산,L01,부동산중개,L01A01,부동산중개,L68221,부동산 자문 및 중개업,3611051500,새롬동,"세종특별자치시 한누리대로 207, (나성동)",127.2596973,36.48318507,1
7599,L,부동산,L01,부동산중개,L01A01,부동산중개,L68221,부동산 자문 및 중개업,3611051500,새롬동,"세종특별자치시 새롬중앙로 19, (새롬동, 새뜸마을메이저시티5단지)",127.2523942,36.48364422,1
7603,L,부동산,L01,부동산중개,L01A01,부동산중개,L68221,부동산 자문 및 중개업,3611035000,장군면,"세종특별자치시 장군면 장척로 547, (봉안리)",127.2187443,36.49938022,1
7614,L,부동산,L01,부동산중개,L01A01,부동산중개,L68221,부동산 자문 및 중개업,3611056000,보람동,"세종특별자치시 호려울로 45, (보람동)",127.2900202,36.47822334,1
7631,L,부동산,L01,부동산중개,L01A01,부동산중개,L68221,부동산 자문 및 중개업,3611056000,보람동,"세종특별자치시 한누리대로 2129, (보람동)",127.28976029999998,36.47857327,1
7640,L,부동산,L01,부동산중개,L01A01,부동산중개,L68221,부동산 자문 및 중개업,3611052000,도담동,"세종특별자치시 다솜1로 113, (도담동)",127.25724790000001,36.50828685,1
7658,L,부동산,L01,부동산중개,L01A01,부동산중개,L68221,부동산 자문 및 중개업,3611054000,종촌동,"세종특별자치시 달빛로 80, (종촌동, 가재마을중흥S클래스12단지)",127.25308329999999,36.50486326,1
7659,L,부동산,L01,부동산중개,L01A01,부동산중개,L68221,부동산 자문 및 중개업,3611056000,보람동,"세종특별자치시 한누리대로 2129, (보람동)",127.28976029999998,36.47857327,1
7689,L,부동산,L01,부동산중개,L01A01,부동산중개,L68221,부동산 자문 및 중개업,3611051000,한솔동,"세종특별자치시 누리로 28, (한솔동, 첫마을힐스테이트6단지)",127.25466609999998,36.47481744,1
7694,L,부동산,L01,부동산중개,L01A01,부동산중개,L68221,부동산 자문 및 중개업,3611056000,보람동,"세종특별자치시 남세종로 462, (보람동)",127.28885,36.47682849,1
7695,L,부동산,L01,부동산중개,L01A01,부동산중개,L68221,부동산 자문 및 중개업,3611056000,보람동,"세종특별자치시 남세종로 462, (보람동)",127.28885,36.47682849,1
7711,L,부동산,L01,부동산중개,L01A01,부동산중개,L68221,부동산 자문 및 중개업,3611051000,한솔동,"세종특별자치시 누리로 28, (한솔동, 첫마을힐스테이트6단지)",127.25466609999998,36.47481744,1
7714,L,부동산,L01,부동산중개,L01A01,부동산중개,L68221,부동산 자문 및 중개업,3611051500,새롬동,"세종특별자치시 한누리대로 165, (나성동)",127.2620271,36.47993707,1
7723,L,부동산,L01,부동산중개,L01A01,부동산중개,L68221,부동산 자문 및 중개업,3611036000,연서면,"세종특별자치시 연서면 도원로 34, (월하리)",127.288491,36.58798238,1
7726,L,부동산,L01,부동산중개,L01A01,부동산중개,L68221,부동산 자문 및 중개업,3611034000,금남면,"세종특별자치시 금남면 용포로 50, (용포리)",127.2807639,36.46307239,1
7728,L,부동산,L01,부동산중개,L01A01,부동산중개,L68221,부동산 자문 및 중개업,3611035000,장군면,"세종특별자치시 장군면 소미길 160, (봉안리)",127.2290871,36.48860584,1
7733,L,부동산,L01,부동산중개,L01A01,부동산중개,L68221,부동산 자문 및 중개업,3611033000,부강면,"세종특별자치시 부강면 부강1길 1, (부강리)",127.3651608,36.531098,1
7739,L,부동산,L01,부동산중개,L01A01,부동산중개,L68221,부동산 자문 및 중개업,3611052000,도담동,"세종특별자치시 절재로 194, (어진동)",127.2624501,36.5083011,1
7740,L,부동산,L01,부동산중개,L01A01,부동산중개,L68221,부동산 자문 및 중개업,3611053000,아름동,"세종특별자치시 보듬3로 73, (아름동, 범지기마을영무예다음11단지)",127.2516834,36.51112696,1
7741,L,부동산,L01,부동산중개,L01A01,부동산중개,L68221,부동산 자문 및 중개업,3611054000,종촌동,"세종특별자치시 달빛로 47, (종촌동)",127.2498513,36.50314869,1
7745,L,부동산,L01,부동산중개,L01A01,부동산중개,L68221,부동산 자문 및 중개업,3611052000,도담동,"세종특별자치시 갈매로 364, (어진동)",127.2637945,36.49600776,1
7752,L,부동산,L01,부동산중개,L01A01,부동산중개,L68221,부동산 자문 및 중개업,3611055500,소담동,"세종특별자치시 남세종로 301, (소담동, 새샘마을한양수자인5단지)",127.3044328,36.48132732,1
7758,L,부동산,L01,부동산중개,L01A01,부동산중개,L68221,부동산 자문 및 중개업,3611025000,조치원읍,"세종특별자치시 조치원읍 조치원로 53, (상리)",127.30247649999998,36.60229511,1
7759,L,부동산,L01,부동산중개,L01A01,부동산중개,L68221,부동산 자문 및 중개업,3611053000,아름동,"세종특별자치시 달빛로 165, (아름동, 범지기마을대우푸르지오8단지)",127.2483731,36.51287254,1
7764,L,부동산,L01,부동산중개,L01A01,부동산중개,L68221,부동산 자문 및 중개업,3611035000,장군면,"세종특별자치시 장군면 장척로 517, (봉안리)",127.21625800000001,36.50020205,1
7766,L,부동산,L01,부동산중개,L01A01,부동산중개,L68221,부동산 자문 및 중개업,3611025000,조치원읍,"세종특별자치시 조치원읍 돌간2길 8, (신안리)",127.2895166,36.61872863,1
7769,L,부동산,L01,부동산중개,L01A01,부동산중개,L68221,부동산 자문 및 중개업,3611051500,새롬동,"세종특별자치시 새롬남로 17, (새롬동)",127.2486635,36.48397227,1
7771,L,부동산,L01,부동산중개,L01A01,부동산중개,L68221,부동산 자문 및 중개업,3611051500,새롬동,"세종특별자치시 새롬남로 102, (새롬동, 새뜸마을금성백조예미지12단지)",127.2568222,36.4850868,1
7778,L,부동산,L01,부동산중개,L01A01,부동산중개,L68221,부동산 자문 및 중개업,3611051500,새롬동,"세종특별자치시 다정중앙로 57, (다정동)",127.2482071,36.49539687,1
7780,L,부동산,L01,부동산중개,L01A01,부동산중개,L68221,부동산 자문 및 중개업,3611032000,연동면,"세종특별자치시 연동면 청연로 492-3, (내판리)",127.33066370000002,36.54945646,1
7789,L,부동산,L01,부동산중개,L01A01,부동산중개,L68221,부동산 자문 및 중개업,3611051500,새롬동,"세종특별자치시 새롬남로 17, (새롬동)",127.2486635,36.48397227,1
7790,L,부동산,L01,부동산중개,L01A01,부동산중개,L68221,부동산 자문 및 중개업,3611054000,종촌동,"세종특별자치시 도움1로 105, (종촌동, 가재마을현대엠코타운5단지)",127.2453131,36.50147084,1
7791,L,부동산,L01,부동산중개,L01A01,부동산중개,L68221,부동산 자문 및 중개업,3611036000,연서면,"세종특별자치시 연서면 당산로 294, (봉암리)",127.2787123,36.55918403,1
7808,L,부동산,L01,부동산중개,L01A01,부동산중개,L68221,부동산 자문 및 중개업,3611031000,연기면,"세종특별자치시 연기면 수왕로 56-3, (연기리)",127.2689126,36.54404707,1
7813,L,부동산,L01,부동산중개,L01A01,부동산중개,L68221,부동산 자문 및 중개업,3611052000,도담동,"세종특별자치시 보듬4로 9, (도담동, 도램마을반도유보라11단지)",127.26064070000001,36.51309339,1
7814,L,부동산,L01,부동산중개,L01A01,부동산중개,L68221,부동산 자문 및 중개업,3611052000,도담동,"세종특별자치시 보듬4로 9, (도담동, 도램마을반도유보라11단지)",127.26064070000001,36.51309339,1
7819,L,부동산,L01,부동산중개,L01A01,부동산중개,L68221,부동산 자문 및 중개업,3611051500,새롬동,"세종특별자치시 새롬북로 13, (새롬동, 새뜸마을캐슬앤파밀리에4단지)",127.2458824,36.48649617,1
7820,L,부동산,L01,부동산중개,L01A01,부동산중개,L68221,부동산 자문 및 중개업,3611052000,도담동,"세종특별자치시 다솜1로 113, (도담동)",127.25724790000001,36.50828685,1
7822,L,부동산,L01,부동산중개,L01A01,부동산중개,L68221,부동산 자문 및 중개업,3611051500,새롬동,"세종특별자치시 한누리대로 312, (나성동)",127.2568221,36.49210731,1
7857,L,부동산,L01,부동산중개,L01A01,부동산중개,L68221,부동산 자문 및 중개업,3611051500,새롬동,"세종특별자치시 나성북1로 22, (나성동)",127.25877390000001,36.49108305,1
7860,L,부동산,L01,부동산중개,L01A01,부동산중개,L68221,부동산 자문 및 중개업,3611032000,연동면,"세종특별자치시 연동면 청연로 514, (내판리)",127.32946670000001,36.55096377,1
7864,L,부동산,L01,부동산중개,L01A01,부동산중개,L68221,부동산 자문 및 중개업,3611056000,보람동,"세종특별자치시 보람동로 14, (보람동, 호려울마을8단지)",127.29624220000001,36.47753922,1
7868,L,부동산,L01,부동산중개,L01A01,부동산중개,L68221,부동산 자문 및 중개업,3611034000,금남면,"세종특별자치시 금남면 금남구즉로 479, (황용리)",127.32889399999999,36.48019666,1
7869,L,부동산,L01,부동산중개,L01A01,부동산중개,L68221,부동산 자문 및 중개업,3611051500,새롬동,"세종특별자치시 새롬중앙로 19, (새롬동, 새뜸마을메이저시티5단지)",127.2523942,36.48364422,1
7886,L,부동산,L01,부동산중개,L01A01,부동산중개,L68221,부동산 자문 및 중개업,3611052000,도담동,"세종특별자치시 갈매로 351, (어진동)",127.26218600000001,36.49496142,1
7889,L,부동산,L01,부동산중개,L01A01,부동산중개,L68221,부동산 자문 및 중개업,3611032000,연동면,"세종특별자치시 연동면 태산로 42, (명학리)",127.3515398,36.53074535,1
7890,L,부동산,L01,부동산중개,L01A01,부동산중개,L68221,부동산 자문 및 중개업,3611054000,종촌동,"세종특별자치시 도움1로 105, (종촌동, 가재마을현대엠코타운5단지)",127.2453131,36.50147084,1
7972,L,부동산,L01,부동산중개,L01A01,부동산중개,L68221,부동산 자문 및 중개업,3611051500,새롬동,"세종특별자치시 한누리대로 312, (나성동)",127.2568221,36.49210731,1
8016,L,부동산,L01,부동산중개,L01A01,부동산중개,L68221,부동산 자문 및 중개업,3611054000,종촌동,"세종특별자치시 달빛로 80, (종촌동, 가재마을중흥S클래스12단지)",127.25308329999999,36.50486326,1
8129,L,부동산,L01,부동산중개,L01A01,부동산중개,L68221,부동산 자문 및 중개업,3611052000,도담동,"세종특별자치시 보듬4로 9, (도담동, 도램마을반도유보라11단지)",127.26064070000001,36.51309339,1
8180,L,부동산,L01,부동산중개,L01A01,부동산중개,L68221,부동산 자문 및 중개업,3611051500,새롬동,"세종특별자치시 다정중앙로 45, (다정동)",127.2489727,36.49471676,1
8240,L,부동산,L01,부동산중개,L01A01,부동산중개,L68221,부동산 자문 및 중개업,3611056000,보람동,"세종특별자치시 한누리대로 2143, (보람동)",127.2892712,36.47836308,1
8241,L,부동산,L01,부동산중개,L01A01,부동산중개,L68221,부동산 자문 및 중개업,3611051500,새롬동,"세종특별자치시 한누리대로 287, (나성동)",127.2561634,36.48978707,1
8243,L,부동산,L01,부동산중개,L01A01,부동산중개,L68221,부동산 자문 및 중개업,3611025000,조치원읍,세종특별자치시 세종특별자치시 조치원읍 충현로 80,127.29646650000001,36.5957711,1
8256,L,부동산,L01,부동산중개,L01A01,부동산중개,L68221,부동산 자문 및 중개업,3611025000,조치원읍,"세종특별자치시 조치원읍 충현로 67, (죽림리)",127.296944,36.59487271,1
8281,L,부동산,L01,부동산중개,L01A01,부동산중개,L68221,부동산 자문 및 중개업,3611035000,장군면,"세종특별자치시 장군면 의당전의로 690, (송학리)",127.19181529999999,36.53745732,1
8308,L,부동산,L01,부동산중개,L01A01,부동산중개,L68221,부동산 자문 및 중개업,3611035000,장군면,"세종특별자치시 장군면 봉안산소골길 27, (봉안리)",127.22178490000002,36.50117549,1
8311,L,부동산,L01,부동산중개,L01A01,부동산중개,L68221,부동산 자문 및 중개업,3611038000,전동면,"세종특별자치시 전동면 운주산로 358, (노장리)",127.2665676,36.65381748,1
8320,L,부동산,L01,부동산중개,L01A01,부동산중개,L68221,부동산 자문 및 중개업,3611035000,장군면,"세종특별자치시 장군면 평기길 102-1, (평기리)",127.2006622,36.50470379,1
8321,L,부동산,L01,부동산중개,L01A01,부동산중개,L68221,부동산 자문 및 중개업,3611038000,전동면,"세종특별자치시 전동면 운주산로 584-1, (청송리)",127.24762309999998,36.66620791,1
8352,L,부동산,L01,부동산중개,L01A01,부동산중개,L68221,부동산 자문 및 중개업,3611051500,새롬동,"세종특별자치시 한누리대로 311, (나성동)",127.25584029999999,36.49206514,1
8361,L,부동산,L01,부동산중개,L01A01,부동산중개,L68221,부동산 자문 및 중개업,3611052000,도담동,"세종특별자치시 보듬3로 8-12, (도담동)",127.2587842,36.51342434,1
8369,L,부동산,L01,부동산중개,L01A01,부동산중개,L68221,부동산 자문 및 중개업,3611051500,새롬동,"세종특별자치시 한누리대로 311, (나성동)",127.25584029999999,36.49206514,1
8378,L,부동산,L01,부동산중개,L01A01,부동산중개,L68221,부동산 자문 및 중개업,3611052000,도담동,"세종특별자치시 다솜1로 164, (도담동, 도램마을웅진스타클래스2단지)",127.25595390000001,36.51284796,1
8386,L,부동산,L01,부동산중개,L01A01,부동산중개,L68221,부동산 자문 및 중개업,3611055500,소담동,"세종특별자치시 시청대로 236, (소담동, 새샘마을모아미래도리버시티3단지)",127.2960514,36.48506332,1
8387,L,부동산,L01,부동산중개,L01A01,부동산중개,L68221,부동산 자문 및 중개업,3611051500,새롬동,"세종특별자치시 한누리대로 287, (나성동)",127.2561634,36.48978707,1
8443,L,부동산,L01,부동산중개,L01A01,부동산중개,L68221,부동산 자문 및 중개업,3611051500,새롬동,"세종특별자치시 한누리대로 249, (나성동)",127.2574567,36.48642456,1
8450,L,부동산,L01,부동산중개,L01A01,부동산중개,L68221,부동산 자문 및 중개업,3611052000,도담동,"세종특별자치시 한누리대로 589, (도담동)",127.25845890000002,36.5159277,1
8478,L,부동산,L01,부동산중개,L01A01,부동산중개,L68221,부동산 자문 및 중개업,3611035000,장군면,"세종특별자치시 장군면 의당전의로 715-14, (송학리)",127.1894719,36.53942408,1
8503,L,부동산,L01,부동산중개,L01A01,부동산중개,L68221,부동산 자문 및 중개업,3611037000,전의면,"세종특별자치시 전의면 운주산로 1161, (동교리)",127.2076868,36.67934063,1
8507,L,부동산,L01,부동산중개,L01A01,부동산중개,L68221,부동산 자문 및 중개업,3611051500,새롬동,"세종특별자치시 새롬중앙로 90, (새롬동, 새뜸마을더샵힐스테이트10단지)",127.25109679999998,36.48856577,1
8534,L,부동산,L01,부동산중개,L01A01,부동산중개,L68221,부동산 자문 및 중개업,3611055000,고운동,"세종특별자치시 마음안로 48, (고운동, 가락마을이지더원4단지)",127.2372689,36.50672785,1
8554,L,부동산,L01,부동산중개,L01A01,부동산중개,L68221,부동산 자문 및 중개업,3611051500,새롬동,"세종특별자치시 다정중앙로 45, (다정동)",127.2489727,36.49471676,1
8556,L,부동산,L01,부동산중개,L01A01,부동산중개,L68221,부동산 자문 및 중개업,3611055000,고운동,"세종특별자치시 마음안로 48, (고운동, 가락마을이지더원4단지)",127.2372689,36.50672785,1
8559,L,부동산,L01,부동산중개,L01A01,부동산중개,L68221,부동산 자문 및 중개업,3611051500,새롬동,"세종특별자치시 한누리대로 157, (나성동)",127.2624794,36.47931803,1
8560,L,부동산,L01,부동산중개,L01A01,부동산중개,L68221,부동산 자문 및 중개업,3611051500,새롬동,"세종특별자치시 한누리대로 283, (나성동)",127.25620049999999,36.48940879,1
8567,L,부동산,L01,부동산중개,L01A01,부동산중개,L68221,부동산 자문 및 중개업,3611051500,새롬동,"세종특별자치시 다정중앙로 57, (다정동)",127.2485063,36.49562406,1
8581,L,부동산,L01,부동산중개,L01A01,부동산중개,L68221,부동산 자문 및 중개업,3611051500,새롬동,"세종특별자치시 한누리대로 283, (나성동)",127.25620049999999,36.48940879,1
8595,L,부동산,L01,부동산중개,L01A01,부동산중개,L68221,부동산 자문 및 중개업,3611051500,새롬동,"세종특별자치시 새롬북로 14, (새롬동, 새뜸마을캐슬앤파밀리에3단지)",127.24592050000001,36.48602777,1
8597,L,부동산,L01,부동산중개,L01A01,부동산중개,L68221,부동산 자문 및 중개업,3611051500,새롬동,"세종특별자치시 한누리대로 157, (나성동)",127.2624794,36.47931803,1
8598,L,부동산,L01,부동산중개,L01A01,부동산중개,L68221,부동산 자문 및 중개업,3611052000,도담동,"세종특별자치시 한누리대로 350, (어진동)",127.2572369,36.49541737,1
8601,L,부동산,L01,부동산중개,L01A01,부동산중개,L68221,부동산 자문 및 중개업,3611051500,새롬동,"세종특별자치시 다정중앙로 57, (다정동)",127.2485063,36.49562406,1
8616,L,부동산,L01,부동산중개,L01A01,부동산중개,L68221,부동산 자문 및 중개업,3611051500,새롬동,"세종특별자치시 한누리대로 283, (나성동)",127.25620049999999,36.48940879,1
8623,L,부동산,L01,부동산중개,L01A01,부동산중개,L68221,부동산 자문 및 중개업,3611051500,새롬동,"세종특별자치시 새롬남로 102, (새롬동, 새뜸마을금성백조예미지12단지)",127.2568442,36.48511397,1
8624,L,부동산,L01,부동산중개,L01A01,부동산중개,L68221,부동산 자문 및 중개업,3611051500,새롬동,"세종특별자치시 새롬중앙로 19, (새롬동, 새뜸마을메이저시티5단지)",127.2523942,36.48364422,1
8625,L,부동산,L01,부동산중개,L01A01,부동산중개,L68221,부동산 자문 및 중개업,3611051500,새롬동,"세종특별자치시 새롬중앙로 64, (새롬동)",127.25100379999999,36.48663657,1
8637,L,부동산,L01,부동산중개,L01A01,부동산중개,L68221,부동산 자문 및 중개업,3611051500,새롬동,"세종특별자치시 새롬중앙로 64, (새롬동)",127.25100379999999,36.48663657,1
8643,L,부동산,L01,부동산중개,L01A01,부동산중개,L68221,부동산 자문 및 중개업,3611051500,새롬동,"세종특별자치시 새롬중앙로 19, (새롬동, 새뜸마을메이저시티5단지)",127.2523942,36.48364422,1
8664,L,부동산,L01,부동산중개,L01A01,부동산중개,L68221,부동산 자문 및 중개업,3611051500,새롬동,"세종특별자치시 새롬남로 102, (새롬동, 새뜸마을금성백조예미지12단지)",127.2568442,36.48511397,1
8679,L,부동산,L01,부동산중개,L01A01,부동산중개,L68221,부동산 자문 및 중개업,3611051500,새롬동,"세종특별자치시 다정남로 27, (다정동)",127.2435737,36.49322268,1
8680,L,부동산,L01,부동산중개,L01A01,부동산중개,L68221,부동산 자문 및 중개업,3611051500,새롬동,"세종특별자치시 다정중앙로 57, (다정동)",127.2485063,36.49562406,1
8683,L,부동산,L01,부동산중개,L01A01,부동산중개,L68221,부동산 자문 및 중개업,3611051500,새롬동,"세종특별자치시 다정중앙로 57, (다정동)",127.2485063,36.49562406,1
8684,L,부동산,L01,부동산중개,L01A01,부동산중개,L68221,부동산 자문 및 중개업,3611051500,새롬동,"세종특별자치시 새롬중앙로 67, (새롬동)",127.25023130000001,36.48688406,1
8685,L,부동산,L01,부동산중개,L01A01,부동산중개,L68221,부동산 자문 및 중개업,3611051000,한솔동,"세종특별자치시 노을3로 19, 201동  (한솔동, 첫마을퍼스트프라임2단지)",127.260071,36.48143901,1
8722,L,부동산,L01,부동산중개,L01A01,부동산중개,L68221,부동산 자문 및 중개업,3611051500,새롬동,"세종특별자치시 다정중앙로 45, (다정동)",127.2486071,36.49443508,1
8723,L,부동산,L01,부동산중개,L01A01,부동산중개,L68221,부동산 자문 및 중개업,3611051500,새롬동,"세종특별자치시 한누리대로 283, (나성동)",127.25620049999999,36.48940879,1
8737,L,부동산,L01,부동산중개,L01A01,부동산중개,L68221,부동산 자문 및 중개업,3611052000,도담동,"세종특별자치시 절재로 194, (어진동)",127.2624501,36.5083011,1
8770,L,부동산,L01,부동산중개,L01A01,부동산중개,L68221,부동산 자문 및 중개업,3611051500,새롬동,"세종특별자치시 새롬중앙로 19, (새롬동, 새뜸마을메이저시티5단지)",127.2523942,36.48364422,1
8782,L,부동산,L01,부동산중개,L01A01,부동산중개,L68221,부동산 자문 및 중개업,3611051500,새롬동,"세종특별자치시 새롬중앙로 34, (새롬동)",127.2524967,36.48459115,1
8814,L,부동산,L01,부동산중개,L01A01,부동산중개,L68221,부동산 자문 및 중개업,3611051500,새롬동,"세종특별자치시 다정중앙로 57, (다정동)",127.2485063,36.49562406,1
8815,L,부동산,L01,부동산중개,L01A01,부동산중개,L68221,부동산 자문 및 중개업,3611051500,새롬동,"세종특별자치시 한누리대로 283, (나성동)",127.25620049999999,36.48940879,1
8816,L,부동산,L01,부동산중개,L01A01,부동산중개,L68221,부동산 자문 및 중개업,3611051500,새롬동,"세종특별자치시 다정중앙로 57, (다정동)",127.2485063,36.49562406,1
8817,L,부동산,L01,부동산중개,L01A01,부동산중개,L68221,부동산 자문 및 중개업,3611051500,새롬동,"세종특별자치시 다정중앙로 57, (다정동)",127.2485063,36.49562406,1
8848,L,부동산,L01,부동산중개,L01A01,부동산중개,L68221,부동산 자문 및 중개업,3611051500,새롬동,"세종특별자치시 한누리대로 283, (나성동)",127.25620049999999,36.48940879,1
8852,L,부동산,L01,부동산중개,L01A01,부동산중개,L68221,부동산 자문 및 중개업,3611054000,종촌동,"세종특별자치시 달빛로 16, (종촌동, 가재마을세경8단지)",127.24996770000001,36.50033762,1
8853,L,부동산,L01,부동산중개,L01A01,부동산중개,L68221,부동산 자문 및 중개업,3611051000,한솔동,"세종특별자치시 노을3로 19, 201동  (한솔동, 첫마을퍼스트프라임2단지)",127.260071,36.48143901,1
8854,L,부동산,L01,부동산중개,L01A01,부동산중개,L68221,부동산 자문 및 중개업,3611051500,새롬동,"세종특별자치시 한누리대로 312, (나성동)",127.2568221,36.49210731,1
8855,L,부동산,L01,부동산중개,L01A01,부동산중개,L68221,부동산 자문 및 중개업,3611057000,대평동,"세종특별자치시 대평로 71, (대평동)",127.2770909,36.47292763,1
8880,L,부동산,L01,부동산중개,L01A01,부동산중개,L68221,부동산 자문 및 중개업,3611033000,부강면,"세종특별자치시 부강면 부강3길 20-1, (부강리)",127.36345120000001,36.52849337,1
8881,L,부동산,L01,부동산중개,L01A01,부동산중개,L68221,부동산 자문 및 중개업,3611025000,조치원읍,"세종특별자치시 조치원읍 도원로 16, (죽림리, 자이아파트)",127.2908988,36.59108787,1
8917,L,부동산,L01,부동산중개,L01A01,부동산중개,L68221,부동산 자문 및 중개업,3611033000,부강면,"세종특별자치시 부강면 부강금호로 189, (금호리)",127.36728810000001,36.51121031,1
8920,L,부동산,L01,부동산중개,L01A01,부동산중개,L68221,부동산 자문 및 중개업,3611052000,도담동,"세종특별자치시 보람로 15, (도담동, 도램마을제일풍경채9단지)",127.2634551,36.51063245,1
8921,L,부동산,L01,부동산중개,L01A01,부동산중개,L68221,부동산 자문 및 중개업,3611055000,고운동,"세종특별자치시 고운서2길 8, (고운동)",127.23156709999999,36.50758347,1
8949,L,부동산,L01,부동산중개,L01A01,부동산중개,L68221,부동산 자문 및 중개업,3611033000,부강면,"세종특별자치시 부강면 부강4길 4, (부강리)",127.36692190000001,36.52876419,1
8972,L,부동산,L01,부동산중개,L01A01,부동산중개,L68221,부동산 자문 및 중개업,3611055500,소담동,"세종특별자치시 소담1로 12, (소담동)",127.30147579999999,36.48501408,1
8973,L,부동산,L01,부동산중개,L01A01,부동산중개,L68221,부동산 자문 및 중개업,3611055000,고운동,"세종특별자치시 마음로 272-4, (고운동)",127.23534520000001,36.51957589,1
8977,L,부동산,L01,부동산중개,L01A01,부동산중개,L68221,부동산 자문 및 중개업,3611051500,새롬동,"세종특별자치시 다정중앙로 57, (다정동)",127.2485063,36.49562406,1
8978,L,부동산,L01,부동산중개,L01A01,부동산중개,L68221,부동산 자문 및 중개업,3611051500,새롬동,"세종특별자치시 다정중앙로 58, (다정동)",127.24923190000001,36.49561961,1
8990,L,부동산,L01,부동산중개,L01A01,부동산중개,L68221,부동산 자문 및 중개업,3611051500,새롬동,"세종특별자치시 새롬남로 102, (새롬동, 새뜸마을금성백조예미지12단지)",127.2568222,36.4850868,1
8993,L,부동산,L01,부동산중개,L01A01,부동산중개,L68221,부동산 자문 및 중개업,3611051000,한솔동,"세종특별자치시 노을3로 19, 201동  (한솔동, 첫마을퍼스트프라임2단지)",127.260071,36.48143901,1
8994,L,부동산,L01,부동산중개,L01A01,부동산중개,L68221,부동산 자문 및 중개업,3611051500,새롬동,"세종특별자치시 다정서로 60, (다정동, 가온마을중흥에스클래스센텀시티5단지)",127.2453284,36.49528857,1
9061,L,부동산,L01,부동산중개,L01A01,부동산중개,L68221,부동산 자문 및 중개업,3611051500,새롬동,"세종특별자치시 한누리대로 312, (나성동)",127.2568221,36.49210731,1
9062,L,부동산,L01,부동산중개,L01A01,부동산중개,L68221,부동산 자문 및 중개업,3611051500,새롬동,"세종특별자치시 새롬북로 14, (새롬동, 새뜸마을캐슬앤파밀리에3단지)",127.24592050000001,36.48602777,1
9103,L,부동산,L01,부동산중개,L01A01,부동산중개,L68221,부동산 자문 및 중개업,3611051500,새롬동,"세종특별자치시 다정남로 130, (다정동)",127.2551575,36.49226816,1
9112,L,부동산,L01,부동산중개,L01A01,부동산중개,L68221,부동산 자문 및 중개업,3611051500,새롬동,"세종특별자치시 한누리대로 321, (나성동)",127.2557866,36.49300208,1
9119,L,부동산,L01,부동산중개,L01A01,부동산중개,L68221,부동산 자문 및 중개업,3611056000,보람동,"세종특별자치시 남세종로 466, (보람동)",127.28838229999998,36.47671755,1
9120,L,부동산,L01,부동산중개,L01A01,부동산중개,L68221,부동산 자문 및 중개업,3611051500,새롬동,"세종특별자치시 다정중앙로 19, (다정동, 가온마을4단지)",127.24871680000001,36.49231791,1
9141,L,부동산,L01,부동산중개,L01A01,부동산중개,L68221,부동산 자문 및 중개업,3611031000,연기면,"세종특별자치시 연기면 공단로 184-40, (보통리)",127.27473020000001,36.55496023,1
9196,L,부동산,L01,부동산중개,L01A01,부동산중개,L68221,부동산 자문 및 중개업,3611054000,종촌동,"세종특별자치시 도움1로 105, (종촌동, 가재마을현대엠코타운5단지)",127.2453131,36.50147084,1
9212,L,부동산,L01,부동산중개,L01A01,부동산중개,L68221,부동산 자문 및 중개업,3611051500,새롬동,"세종특별자치시 새롬남로 98, (새롬동, 새뜸마을금성백조예미지9단지)",127.25613190000001,36.48491127,1
9230,L,부동산,L01,부동산중개,L01A01,부동산중개,L68221,부동산 자문 및 중개업,3611051500,새롬동,"세종특별자치시 다정중앙로 45, (다정동)",127.2489727,36.49471676,1
9283,L,부동산,L01,부동산중개,L01A01,부동산중개,L68221,부동산 자문 및 중개업,3611052000,도담동,"세종특별자치시 보듬4로 111, (도담동, 도램마을모아미래도19단지)",127.26609779999998,36.51570457,1
9288,L,부동산,L01,부동산중개,L01A01,부동산중개,L68221,부동산 자문 및 중개업,3611051500,새롬동,"세종특별자치시 새롬남로 98, (새롬동, 새뜸마을금성백조예미지9단지)",127.25613190000001,36.48491127,1
9290,L,부동산,L01,부동산중개,L01A01,부동산중개,L68221,부동산 자문 및 중개업,3611051500,새롬동,"세종특별자치시 한누리대로 245, (나성동)",127.25768329999998,36.48606548,1
9291,L,부동산,L01,부동산중개,L01A01,부동산중개,L68221,부동산 자문 및 중개업,3611051500,새롬동,"세종특별자치시 한누리대로 288, (나성동, 세종갤러리밸류시티)",127.2570773,36.48991893,1
9316,L,부동산,L01,부동산중개,L01A01,부동산중개,L68221,부동산 자문 및 중개업,3611056000,보람동,"세종특별자치시 남세종로 450, (보람동)",127.2901057,36.47741275,1
9317,L,부동산,L01,부동산중개,L01A01,부동산중개,L68221,부동산 자문 및 중개업,3611051500,새롬동,"세종특별자치시 새롬중앙로 90, (새롬동, 새뜸마을더샵힐스테이트10단지)",127.25109669999999,36.48858379,1
9349,L,부동산,L01,부동산중개,L01A01,부동산중개,L68221,부동산 자문 및 중개업,3611056000,보람동,"세종특별자치시 남세종로 384, (보람동, 호려울마을9단지)",127.29693219999999,36.48021992,1
9350,L,부동산,L01,부동산중개,L01A01,부동산중개,L68221,부동산 자문 및 중개업,3611051500,새롬동,"세종특별자치시 다정남로 123, (다정동, 가온마을12단지)",127.25461570000002,36.49289563,1
9373,L,부동산,L01,부동산중개,L01A01,부동산중개,L68221,부동산 자문 및 중개업,3611055500,소담동,"세종특별자치시 시청대로 500, (반곡동, 수루배마을4단지)",127.31368590000001,36.49886465,1
9459,L,부동산,L01,부동산중개,L01A01,부동산중개,L68221,부동산 자문 및 중개업,3611051500,새롬동,"세종특별자치시 국세청로 4, (나성동)",127.25886770000001,36.48591963,1
9495,L,부동산,L01,부동산중개,L01A01,부동산중개,L68221,부동산 자문 및 중개업,3611051500,새롬동,"세종특별자치시 한누리대로 284, (나성동)",127.2572148,36.48955029,1
9498,L,부동산,L01,부동산중개,L01A01,부동산중개,L68221,부동산 자문 및 중개업,3611034000,금남면,"세종특별자치시 금남면 용포로 105, (용포리)",127.2816672,36.46795346,1
9508,L,부동산,L01,부동산중개,L01A01,부동산중개,L68221,부동산 자문 및 중개업,3611052000,도담동,"세종특별자치시 가름로 232, (어진동)",127.26491440000001,36.49561813,1
9543,L,부동산,L01,부동산중개,L01A01,부동산중개,L68221,부동산 자문 및 중개업,3611051500,새롬동,"세종특별자치시 한누리대로 288, (나성동, 세종갤러리밸류시티)",127.2570773,36.48991893,1
9545,L,부동산,L01,부동산중개,L01A01,부동산중개,L68221,부동산 자문 및 중개업,3611055500,소담동,"세종특별자치시 시청대로 236, (소담동, 새샘마을모아미래도리버시티3단지)",127.2960514,36.48506332,1
9563,L,부동산,L01,부동산중개,L01A01,부동산중개,L68221,부동산 자문 및 중개업,3611051500,새롬동,"세종특별자치시 한누리대로 321, (나성동)",127.2557866,36.49300208,1
9600,L,부동산,L01,부동산중개,L01A01,부동산중개,L68221,부동산 자문 및 중개업,3611051500,새롬동,"세종특별자치시 새롬중앙로 47, (새롬동)",127.2507852,36.48500399,1
9607,L,부동산,L01,부동산중개,L01A01,부동산중개,L68221,부동산 자문 및 중개업,3611051500,새롬동,"세종특별자치시 한누리대로 201, (나성동)",127.26004879999999,36.48260145,1
9614,L,부동산,L01,부동산중개,L01A01,부동산중개,L68221,부동산 자문 및 중개업,3611051500,새롬동,"세종특별자치시 새롬남로 18, (새롬동)",127.24678300000001,36.47993195,1
9620,L,부동산,L01,부동산중개,L01A01,부동산중개,L68221,부동산 자문 및 중개업,3611051500,새롬동,"세종특별자치시 한누리대로 273, (나성동)",127.25648799999999,36.48851837,1
9660,L,부동산,L01,부동산중개,L01A01,부동산중개,L68221,부동산 자문 및 중개업,3611051500,새롬동,"세종특별자치시 새롬로 56, (새롬동, 새뜸마을더샵힐스테이트14단지)",127.2555331,36.48917031,1
9666,L,부동산,L01,부동산중개,L01A01,부동산중개,L68221,부동산 자문 및 중개업,3611056000,보람동,"세종특별자치시 보람동로 14, (보람동, 호려울마을8단지)",127.29624220000001,36.47753922,1
9667,L,부동산,L01,부동산중개,L01A01,부동산중개,L68221,부동산 자문 및 중개업,3611055500,소담동,"세종특별자치시 시청대로 236, (소담동, 새샘마을모아미래도리버시티3단지)",127.2960514,36.48506332,1
9672,L,부동산,L01,부동산중개,L01A01,부동산중개,L68221,부동산 자문 및 중개업,3611051500,새롬동,"세종특별자치시 한누리대로 205, (나성동)",127.2599232,36.48290709,1
9673,L,부동산,L01,부동산중개,L01A01,부동산중개,L68221,부동산 자문 및 중개업,3611034000,금남면,"세종특별자치시 금남면 금남구즉로 529, (대박리)",127.3338584,36.48039571,1
9693,L,부동산,L01,부동산중개,L01A01,부동산중개,L68221,부동산 자문 및 중개업,3611055000,고운동,"세종특별자치시 만남로 92, (고운동, 가락마을LH고운뜰8단지)",127.24062849999999,36.50564979999999,1
9697,L,부동산,L01,부동산중개,L01A01,부동산중개,L68221,부동산 자문 및 중개업,3611055000,고운동,"세종특별자치시 마음로 14, (고운동, 가락마을중흥S클래스프라디움6단지)",127.2397991,36.50256235,1
9704,L,부동산,L01,부동산중개,L01A01,부동산중개,L68221,부동산 자문 및 중개업,3611054000,종촌동,"세종특별자치시 달빛로 80, (종촌동, 가재마을중흥S클래스12단지)",127.25308329999999,36.50486326,1
9708,L,부동산,L01,부동산중개,L01A01,부동산중개,L68221,부동산 자문 및 중개업,3611034000,금남면,"세종특별자치시 금남면 용포로 74, (용포리)",127.2812918,36.46510333,1
9770,L,부동산,L01,부동산중개,L01A01,부동산중개,L68221,부동산 자문 및 중개업,3611051500,새롬동,"세종특별자치시 새롬남로 18, (새롬동)",127.24678300000001,36.47993195,1
9784,L,부동산,L01,부동산중개,L01A01,부동산중개,L68221,부동산 자문 및 중개업,3611055000,고운동,"세종특별자치시 마음안1로 137, (고운동)",127.2361867,36.52029325,1
9796,L,부동산,L01,부동산중개,L01A01,부동산중개,L68221,부동산 자문 및 중개업,3611051500,새롬동,"세종특별자치시 한누리대로 306, (나성동, 블루지움)",127.2568699,36.49177416,1
9797,L,부동산,L01,부동산중개,L01A01,부동산중개,L68221,부동산 자문 및 중개업,3611051500,새롬동,"세종특별자치시 한누리대로 311, (나성동)",127.25584029999999,36.49206514,1
9865,L,부동산,L01,부동산중개,L01A01,부동산중개,L68221,부동산 자문 및 중개업,3611052000,도담동,"세종특별자치시 한누리대로 496, (어진동, 세종리슈빌에스)",127.2622669,36.50760603,1
9912,L,부동산,L01,부동산중개,L01A01,부동산중개,L68221,부동산 자문 및 중개업,3611051500,새롬동,"세종특별자치시 새롬중앙로 33, (새롬동)",127.25184340000001,36.48404632,1
9962,L,부동산,L01,부동산중개,L01A01,부동산중개,L68221,부동산 자문 및 중개업,3611054000,종촌동,"세종특별자치시 도움1로 74, (종촌동, 가재마을제일풍경채에듀파크10단지)",127.2532018,36.50181788,1
9965,L,부동산,L01,부동산중개,L01A01,부동산중개,L68221,부동산 자문 및 중개업,3611051500,새롬동,"세종특별자치시 한누리대로 321, (나성동)",127.2557866,36.49300208,1
10030,L,부동산,L01,부동산중개,L01A01,부동산중개,L68221,부동산 자문 및 중개업,3611056000,보람동,"세종특별자치시 보람동로 14, (보람동, 호려울마을8단지)",127.29624209999999,36.47754823,1
10038,L,부동산,L01,부동산중개,L01A01,부동산중개,L68221,부동산 자문 및 중개업,3611055500,소담동,"세종특별자치시 남세종로 358, (소담동, 새샘마을한양수자인2단지)",127.3005811,36.48149407,1
10056,L,부동산,L01,부동산중개,L01A01,부동산중개,L68221,부동산 자문 및 중개업,3611055000,고운동,"세종특별자치시 고운서길 13, (고운동)",127.23454650000001,36.50544871,1
10066,L,부동산,L01,부동산중개,L01A01,부동산중개,L68221,부동산 자문 및 중개업,3611051500,새롬동,"세종특별자치시 다정중앙로 57, (다정동)",127.2485063,36.49562406,1
10078,L,부동산,L01,부동산중개,L01A01,부동산중개,L68221,부동산 자문 및 중개업,3611055000,고운동,"세종특별자치시 마음로 272-22, (고운동)",127.23528359999999,36.51903477,1
10090,L,부동산,L01,부동산중개,L01A01,부동산중개,L68221,부동산 자문 및 중개업,3611051500,새롬동,"세종특별자치시 다정중앙로 45, (다정동)",127.2486071,36.49443508,1
10136,L,부동산,L01,부동산중개,L01A01,부동산중개,L68221,부동산 자문 및 중개업,3611056000,보람동,"세종특별자치시 남세종로 466, (보람동)",127.28838229999998,36.47671755,1
10163,L,부동산,L01,부동산중개,L01A01,부동산중개,L68221,부동산 자문 및 중개업,3611056000,보람동,"세종특별자치시 보람동로 14, (보람동, 호려울마을8단지)",127.29624209999999,36.47754823,1
10172,L,부동산,L01,부동산중개,L01A01,부동산중개,L68221,부동산 자문 및 중개업,3611055500,소담동,"세종특별자치시 반곡로 13, (반곡동)",127.3076432,36.49929837,1
10179,L,부동산,L01,부동산중개,L01A01,부동산중개,L68221,부동산 자문 및 중개업,3611051500,새롬동,"세종특별자치시 새롬남로 18, (새롬동)",127.24678300000001,36.47993195,1
10186,L,부동산,L01,부동산중개,L01A01,부동산중개,L68221,부동산 자문 및 중개업,3611051500,새롬동,"세종특별자치시 나성로 133-9, (나성동)",127.25818740000001,36.49055669,1
10188,L,부동산,L01,부동산중개,L01A01,부동산중개,L68221,부동산 자문 및 중개업,3611025000,조치원읍,"세종특별자치시 조치원읍 충현로 149, (침산리)",127.29465729999998,36.60175343,1
10229,L,부동산,L01,부동산중개,L01A01,부동산중개,L68221,부동산 자문 및 중개업,3611036000,연서면,"세종특별자치시 연서면 세종로 2136, (월하리)",127.2927196,36.57770673,1
10293,L,부동산,L01,부동산중개,L01A01,부동산중개,L68221,부동산 자문 및 중개업,3611054000,종촌동,"세종특별자치시 달빛로 80, (종촌동, 가재마을중흥S클래스12단지)",127.2530838,36.50480919,1
10321,L,부동산,L01,부동산중개,L01A01,부동산중개,L68221,부동산 자문 및 중개업,3611025000,조치원읍,"세종특별자치시 조치원읍 새내8길 85-2, (명리)",127.30327920000002,36.60003778,1
10338,L,부동산,L01,부동산중개,L01A01,부동산중개,L68221,부동산 자문 및 중개업,3611051000,한솔동,"세종특별자치시 나리로 38, (한솔동, 첫마을래미안7단지)",127.2556173,36.47453499,1
10351,L,부동산,L01,부동산중개,L01A01,부동산중개,L68221,부동산 자문 및 중개업,3611052000,도담동,"세종특별자치시 도움8로 91, (어진동)",127.27155359999999,36.5041934,1
10381,L,부동산,L01,부동산중개,L01A01,부동산중개,L68221,부동산 자문 및 중개업,3611036000,연서면,"세종특별자치시 연서면 당산로 402-1, (봉암리)",127.28562350000001,36.56686792,1
10413,L,부동산,L01,부동산중개,L01A01,부동산중개,L68221,부동산 자문 및 중개업,3611056000,보람동,"세종특별자치시 한누리대로 2129, (보람동)",127.28976029999998,36.47857327,1
10503,L,부동산,L01,부동산중개,L01A01,부동산중개,L68221,부동산 자문 및 중개업,3611051500,새롬동,"세종특별자치시 새롬중앙로 34, (새롬동)",127.2524967,36.48459115,1
10508,L,부동산,L01,부동산중개,L01A01,부동산중개,L68221,부동산 자문 및 중개업,3611025000,조치원읍,"세종특별자치시 조치원읍 이화1로 15, (신흥리, 신흥이편한세상아파트)",127.28505430000001,36.593468200000004,1
10554,L,부동산,L01,부동산중개,L01A01,부동산중개,L68221,부동산 자문 및 중개업,3611052000,도담동,"세종특별자치시 한누리대로 350, (어진동)",127.2572369,36.49541737,1
10572,L,부동산,L01,부동산중개,L01A01,부동산중개,L68221,부동산 자문 및 중개업,3611054000,종촌동,"세종특별자치시 도움1로 55, (종촌동, 가재마을한신휴플러스리버파크9단지)",127.2510274,36.50157894,1
10574,L,부동산,L01,부동산중개,L01A01,부동산중개,L68221,부동산 자문 및 중개업,3611055500,소담동,"세종특별자치시 남세종로 301, (소담동, 새샘마을한양수자인5단지)",127.3044328,36.48132732,1
10587,L,부동산,L01,부동산중개,L01A01,부동산중개,L68221,부동산 자문 및 중개업,3611051000,한솔동,"세종특별자치시 나리1로 16, 301동  (한솔동, 첫마을퍼스트프라임3단지)",127.2614199,36.47924839,1
10605,L,부동산,L01,부동산중개,L01A01,부동산중개,L68221,부동산 자문 및 중개업,3611052000,도담동,"세종특별자치시 한누리대로 496, (어진동, 세종리슈빌에스)",127.26224280000001,36.50779514,1
10609,L,부동산,L01,부동산중개,L01A01,부동산중개,L68221,부동산 자문 및 중개업,3611052000,도담동,"세종특별자치시 절재로 194, (어진동)",127.2624501,36.5083011,1
10617,L,부동산,L01,부동산중개,L01A01,부동산중개,L68221,부동산 자문 및 중개업,3611025000,조치원읍,"세종특별자치시 조치원읍 대첩로 25, (신흥리)",127.29334140000002,36.59529299,1
10618,L,부동산,L01,부동산중개,L01A01,부동산중개,L68221,부동산 자문 및 중개업,3611055500,소담동,"세종특별자치시 남세종로 358, (소담동, 새샘마을한양수자인2단지)",127.3005811,36.48149407,1
10633,L,부동산,L01,부동산중개,L01A01,부동산중개,L68221,부동산 자문 및 중개업,3611036000,연서면,"세종특별자치시 연서면 당산로 340, (봉암리)",127.282329,36.56189147,1
10643,L,부동산,L01,부동산중개,L01A01,부동산중개,L68221,부동산 자문 및 중개업,3611031000,연기면,"세종특별자치시 연기면 당산로 161, (연기리)",127.27856409999998,36.5474854,1
10684,L,부동산,L01,부동산중개,L01A01,부동산중개,L68221,부동산 자문 및 중개업,3611051500,새롬동,"세종특별자치시 나성로 96, (나성동)",127.26100320000002,36.4878705,1
10732,L,부동산,L01,부동산중개,L01A01,부동산중개,L68221,부동산 자문 및 중개업,3611056000,보람동,"세종특별자치시 한누리대로 2129, (보람동)",127.28976029999998,36.47857327,1
10737,L,부동산,L01,부동산중개,L01A01,부동산중개,L68221,부동산 자문 및 중개업,3611051500,새롬동,"세종특별자치시 새롬로 26, (새롬동)",127.256197,36.48743509,1
10742,L,부동산,L01,부동산중개,L01A01,부동산중개,L68221,부동산 자문 및 중개업,3611034000,금남면,"세종특별자치시 금남면 용포로 102, (용포리)",127.2820163,36.46760409,1
10769,L,부동산,L01,부동산중개,L01A01,부동산중개,L68221,부동산 자문 및 중개업,3611034000,금남면,"세종특별자치시 금남면 금남구즉로 529, (대박리)",127.3338584,36.48039571,1
